Task,Tau,Mu,Phi,Control,Metric,N,Mean,SE,CI_Low,CI_High,DeltaN,DeltaVsBaseline,DeltaSE,DeltaCI_Low,DeltaCI_High
smooth,0,0,0.45,baseline,finalMean,100,0.208233333333333,0.00710218110378611,0.194313058369913,0.222153608296754,NaN,NaN,NaN,NaN,NaN
smooth,0,0,0.45,baseline,lossRate,100,0.0112658227848101,0.000879475664178849,0.00954205048301958,0.0129895950866007,NaN,NaN,NaN,NaN,NaN
smooth,0,0,0.45,baseline,bestFunctionalLineageDepth,100,0,0,0,0,NaN,NaN,NaN,NaN,NaN
smooth,0,0,0.45,baseline,bestStructuralLineageDepth,100,0,0,0,0,NaN,NaN,NaN,NaN,NaN
smooth,0,0,0.45,baseline,finalMeanComponentAccuracy,100,0.208233333333333,0.00710218110378611,0.194313058369913,0.222153608296754,NaN,NaN,NaN,NaN,NaN
smooth,0,0,0.45,baseline,finalExactTargetFraction,100,0,0,0,0,NaN,NaN,NaN,NaN,NaN
smooth,0,0,0.45,random_demonstrator,finalMean,100,0.1665,0.00753865831882809,0.151724229695097,0.181275770304903,100,-0.0417333333333333,0.0069273089600226,-0.0553108588949776,-0.028155807771689
smooth,0,0,0.45,random_demonstrator,lossRate,100,0.0130379746835443,0.00113011160091607,0.0108229559457488,0.0152529934213398,100,0.00177215189873418,0.00139385727063114,-0.000959808351702856,0.00450411214917121
smooth,0,0,0.45,random_demonstrator,bestFunctionalLineageDepth,100,0,0,0,0,100,0,0,0,0
smooth,0,0,0.45,random_demonstrator,bestStructuralLineageDepth,100,0,0,0,0,100,0,0,0,0
smooth,0,0,0.45,random_demonstrator,finalMeanComponentAccuracy,100,0.1665,0.00753865831882809,0.151724229695097,0.181275770304903,100,-0.0417333333333333,0.0069273089600226,-0.0553108588949776,-0.028155807771689
smooth,0,0,0.45,random_demonstrator,finalExactTargetFraction,100,0,0,0,0,100,0,0,0,0
smooth,0,0,0.45,random_copy_error,finalMean,100,0.540166666666667,0.00359647383112367,0.533117577957664,0.547215755375669,100,0.331933333333333,0.00739599491216298,0.317437183305494,0.346429483361173
smooth,0,0,0.45,random_copy_error,lossRate,100,0.00670886075949367,0.00092538870039921,0.00489509890671122,0.00852262261227612,100,-0.00455696202531646,0.0013038651211464,-0.00711253766276341,-0.00200138638786951
smooth,0,0,0.45,random_copy_error,bestFunctionalLineageDepth,100,4.43,0.143022919686166,4.14967507741511,4.71032492258489,100,4.43,0.143022919686166,4.14967507741511,4.71032492258489
smooth,0,0,0.45,random_copy_error,bestStructuralLineageDepth,100,4.43,0.143022919686166,4.14967507741511,4.71032492258489,100,4.43,0.143022919686166,4.14967507741511,4.71032492258489
smooth,0,0,0.45,random_copy_error,finalMeanComponentAccuracy,100,0.540166666666667,0.00359647383112367,0.533117577957664,0.547215755375669,100,0.331933333333333,0.00739599491216298,0.317437183305494,0.346429483361173
smooth,0,0,0.45,random_copy_error,finalExactTargetFraction,100,0,0,0,0,100,0,0,0,0
smooth,0,0,0.45,greedy_acceptance,finalMean,100,0.409633333333333,0.0048385598120716,0.400149756101673,0.419116910564994,100,0.2014,0.00521720799463269,0.19117427233052,0.21162572766948
smooth,0,0,0.45,greedy_acceptance,lossRate,100,0,0,0,0,100,-0.0112658227848101,0.000879475664178849,-0.0129895950866007,-0.00954205048301958
smooth,0,0,0.45,greedy_acceptance,bestFunctionalLineageDepth,100,0,0,0,0,100,0,0,0,0
smooth,0,0,0.45,greedy_acceptance,bestStructuralLineageDepth,100,0,0,0,0,100,0,0,0,0
smooth,0,0,0.45,greedy_acceptance,finalMeanComponentAccuracy,100,0.409633333333333,0.0048385598120716,0.400149756101673,0.419116910564994,100,0.2014,0.00521720799463269,0.19117427233052,0.21162572766948
smooth,0,0,0.45,greedy_acceptance,finalExactTargetFraction,100,0,0,0,0,100,0,0,0,0
smooth,0,0,0.65,baseline,finalMean,100,0.338233333333333,0.00695995520323058,0.324591821135002,0.351874845531665,NaN,NaN,NaN,NaN,NaN
smooth,0,0,0.65,baseline,lossRate,100,0.00329113924050633,0.000586317109452566,0.0021419577059793,0.00444032077503336,NaN,NaN,NaN,NaN,NaN
smooth,0,0,0.65,baseline,bestFunctionalLineageDepth,100,0,0,0,0,NaN,NaN,NaN,NaN,NaN
smooth,0,0,0.65,baseline,bestStructuralLineageDepth,100,0,0,0,0,NaN,NaN,NaN,NaN,NaN
smooth,0,0,0.65,baseline,finalMeanComponentAccuracy,100,0.338233333333333,0.00695995520323058,0.324591821135002,0.351874845531665,NaN,NaN,NaN,NaN,NaN
smooth,0,0,0.65,baseline,finalExactTargetFraction,100,0,0,0,0,NaN,NaN,NaN,NaN,NaN
smooth,0,0,0.65,random_demonstrator,finalMean,100,0.290466666666667,0.00700024370266816,0.276746189009437,0.304187144323896,100,-0.0477666666666667,0.00565527772134132,-0.0588510110004957,-0.0366823223328377
smooth,0,0,0.65,random_demonstrator,lossRate,100,0.00683544303797468,0.000813014288223593,0.00524193503305644,0.00842895104289292,100,0.00354430379746836,0.000845414794872629,0.001887290799518,0.00520131679541871
smooth,0,0,0.65,random_demonstrator,bestFunctionalLineageDepth,100,0,0,0,0,100,0,0,0,0
smooth,0,0,0.65,random_demonstrator,bestStructuralLineageDepth,100,0,0,0,0,100,0,0,0,0
smooth,0,0,0.65,random_demonstrator,finalMeanComponentAccuracy,100,0.290466666666667,0.00700024370266816,0.276746189009437,0.304187144323896,100,-0.0477666666666667,0.00565527772134132,-0.0588510110004957,-0.0366823223328377
smooth,0,0,0.65,random_demonstrator,finalExactTargetFraction,100,0,0,0,0,100,0,0,0,0
smooth,0,0,0.65,random_copy_error,finalMean,100,0.7041,0.00416760393498741,0.695931496287424,0.712268503712575,100,0.365866666666667,0.00819174257802615,0.349810851213735,0.381922482119598
smooth,0,0,0.65,random_copy_error,lossRate,100,0.00696202531645569,0.000851043641439732,0.00529397977923382,0.00863007085367757,100,0.00367088607594937,0.000973793923960415,0.00176224998498695,0.00557952216691178
smooth,0,0,0.65,random_copy_error,bestFunctionalLineageDepth,100,5.41,0.130341431973448,5.15453079333204,5.66546920666796,100,5.41,0.130341431973448,5.15453079333204,5.66546920666796
smooth,0,0,0.65,random_copy_error,bestStructuralLineageDepth,100,5.41,0.130341431973448,5.15453079333204,5.66546920666796,100,5.41,0.130341431973448,5.15453079333204,5.66546920666796
smooth,0,0,0.65,random_copy_error,finalMeanComponentAccuracy,100,0.7041,0.00416760393498741,0.695931496287424,0.712268503712575,100,0.365866666666667,0.00819174257802615,0.349810851213735,0.381922482119598
smooth,0,0,0.65,random_copy_error,finalExactTargetFraction,100,0.0133333333333333,0.0028426762180748,0.00776168794590672,0.01890497872076,100,0.0133333333333333,0.0028426762180748,0.00776168794590672,0.01890497872076
smooth,0,0,0.65,greedy_acceptance,finalMean,100,0.476566666666666,0.00764364204738794,0.461585128253786,0.491548205079547,100,0.138333333333333,0.00533428021897476,0.127878144104143,0.148788522562524
smooth,0,0,0.65,greedy_acceptance,lossRate,100,0,0,0,0,100,-0.00329113924050633,0.000586317109452566,-0.00444032077503336,-0.0021419577059793
smooth,0,0,0.65,greedy_acceptance,bestFunctionalLineageDepth,100,0,0,0,0,100,0,0,0,0
smooth,0,0,0.65,greedy_acceptance,bestStructuralLineageDepth,100,0,0,0,0,100,0,0,0,0
smooth,0,0,0.65,greedy_acceptance,finalMeanComponentAccuracy,100,0.476566666666666,0.00764364204738794,0.461585128253786,0.491548205079547,100,0.138333333333333,0.00533428021897476,0.127878144104143,0.148788522562524
smooth,0,0,0.65,greedy_acceptance,finalExactTargetFraction,100,0,0,0,0,100,0,0,0,0
smooth,0,0,0.8,baseline,finalMean,100,0.4165,0.00671921629094749,0.403330336069743,0.429669663930257,NaN,NaN,NaN,NaN,NaN
smooth,0,0,0.8,baseline,lossRate,100,0.000253164556962025,0.000178107967261126,-9.59270588697821e-05,0.000602256172793833,NaN,NaN,NaN,NaN,NaN
smooth,0,0,0.8,baseline,bestFunctionalLineageDepth,100,0,0,0,0,NaN,NaN,NaN,NaN,NaN
smooth,0,0,0.8,baseline,bestStructuralLineageDepth,100,0,0,0,0,NaN,NaN,NaN,NaN,NaN
smooth,0,0,0.8,baseline,finalMeanComponentAccuracy,100,0.4165,0.00671921629094749,0.403330336069743,0.429669663930257,NaN,NaN,NaN,NaN,NaN
smooth,0,0,0.8,baseline,finalExactTargetFraction,100,0,0,0,0,NaN,NaN,NaN,NaN,NaN
smooth,0,0,0.8,random_demonstrator,finalMean,100,0.3883,0.0073954356961441,0.373804946035558,0.402795053964442,100,-0.0282,0.00406137537312628,-0.0361602957313275,-0.0202397042686725
smooth,0,0,0.8,random_demonstrator,lossRate,100,0.0020253164556962,0.000466396138199329,0.00111118002482552,0.00293945288656689,100,0.00177215189873418,0.000441436820278198,0.000906935730988909,0.00263736806647945
smooth,0,0,0.8,random_demonstrator,bestFunctionalLineageDepth,100,0,0,0,0,100,0,0,0,0
smooth,0,0,0.8,random_demonstrator,bestStructuralLineageDepth,100,0,0,0,0,100,0,0,0,0
smooth,0,0,0.8,random_demonstrator,finalMeanComponentAccuracy,100,0.3883,0.0073954356961441,0.373804946035558,0.402795053964442,100,-0.0282,0.00406137537312628,-0.0361602957313275,-0.0202397042686725
smooth,0,0,0.8,random_demonstrator,finalExactTargetFraction,100,0,0,0,0,100,0,0,0,0
smooth,0,0,0.8,random_copy_error,finalMean,100,0.8566,0.00387804548871853,0.848999030842112,0.864200969157888,100,0.4401,0.00797828914261056,0.424462553280483,0.455737446719516
smooth,0,0,0.8,random_copy_error,lossRate,100,0.00620253164556962,0.000853322717981294,0.00453001911832628,0.00787504417281296,100,0.0059493670886076,0.000852563702738387,0.00427834223124036,0.00762039194597483
smooth,0,0,0.8,random_copy_error,bestFunctionalLineageDepth,100,6.06,0.131671461362642,5.80192393572922,6.31807606427078,100,6.06,0.131671461362642,5.80192393572922,6.31807606427078
smooth,0,0,0.8,random_copy_error,bestStructuralLineageDepth,100,6.06,0.131671461362642,5.80192393572922,6.31807606427078,100,6.06,0.131671461362642,5.80192393572922,6.31807606427078
smooth,0,0,0.8,random_copy_error,finalMeanComponentAccuracy,100,0.8566,0.00387804548871853,0.848999030842112,0.864200969157888,100,0.4401,0.00797828914261056,0.424462553280483,0.455737446719516
smooth,0,0,0.8,random_copy_error,finalExactTargetFraction,100,0.191,0.0127556241859274,0.165998976595582,0.216001023404418,100,0.191,0.0127556241859274,0.165998976595582,0.216001023404418
smooth,0,0,0.8,greedy_acceptance,finalMean,100,0.476,0.00740188346219249,0.461492308414103,0.490507691585897,100,0.0594999999999999,0.00266219110958026,0.0542821054252226,0.0647178945747773
smooth,0,0,0.8,greedy_acceptance,lossRate,100,0,0,0,0,100,-0.000253164556962025,0.000178107967261126,-0.000602256172793833,9.59270588697821e-05
smooth,0,0,0.8,greedy_acceptance,bestFunctionalLineageDepth,100,0,0,0,0,100,0,0,0,0
smooth,0,0,0.8,greedy_acceptance,bestStructuralLineageDepth,100,0,0,0,0,100,0,0,0,0
smooth,0,0,0.8,greedy_acceptance,finalMeanComponentAccuracy,100,0.476,0.00740188346219249,0.461492308414103,0.490507691585897,100,0.0594999999999999,0.00266219110958026,0.0542821054252226,0.0647178945747773
smooth,0,0,0.8,greedy_acceptance,finalExactTargetFraction,100,0,0,0,0,100,0,0,0,0
smooth,0,0,0.92,baseline,finalMean,100,0.466766666666667,0.00740164919287659,0.452259434248629,0.481273899084705,NaN,NaN,NaN,NaN,NaN
smooth,0,0,0.92,baseline,lossRate,100,0.000253164556962025,0.000178107967261126,-9.59270588697816e-05,0.000602256172793832,NaN,NaN,NaN,NaN,NaN
smooth,0,0,0.92,baseline,bestFunctionalLineageDepth,100,0,0,0,0,NaN,NaN,NaN,NaN,NaN
smooth,0,0,0.92,baseline,bestStructuralLineageDepth,100,0,0,0,0,NaN,NaN,NaN,NaN,NaN
smooth,0,0,0.92,baseline,finalMeanComponentAccuracy,100,0.466766666666667,0.00740164919287659,0.452259434248629,0.481273899084705,NaN,NaN,NaN,NaN,NaN
smooth,0,0,0.92,baseline,finalExactTargetFraction,100,0,0,0,0,NaN,NaN,NaN,NaN,NaN
smooth,0,0,0.92,random_demonstrator,finalMean,100,0.455533333333333,0.00731482512891911,0.441196276080652,0.469870390586015,100,-0.0112333333333333,0.00249293277179987,-0.0161194815660611,-0.00634718510060558
smooth,0,0,0.92,random_demonstrator,lossRate,100,0.00113924050632911,0.000364080368689445,0.000425642983697802,0.00185283802896043,100,0.000886075949367089,0.000324597974653472,0.000249863919046284,0.00152228797968789
smooth,0,0,0.92,random_demonstrator,bestFunctionalLineageDepth,100,0,0,0,0,100,0,0,0,0
smooth,0,0,0.92,random_demonstrator,bestStructuralLineageDepth,100,0,0,0,0,100,0,0,0,0
smooth,0,0,0.92,random_demonstrator,finalMeanComponentAccuracy,100,0.455533333333333,0.00731482512891911,0.441196276080652,0.469870390586015,100,-0.0112333333333333,0.00249293277179987,-0.0161194815660611,-0.00634718510060558
smooth,0,0,0.92,random_demonstrator,finalExactTargetFraction,100,0,0,0,0,100,0,0,0,0
smooth,0,0,0.92,random_copy_error,finalMean,100,0.958533333333333,0.00186666666666667,0.954874666666667,0.962192,100,0.491766666666666,0.0075301794595881,0.477007514925874,0.506525818407459
smooth,0,0,0.92,random_copy_error,lossRate,100,0.00367088607594937,0.000726268974033503,0.0022473988868437,0.00509437326505504,100,0.00341772151898734,0.000760239160190727,0.00192765276501352,0.00490779027296117
smooth,0,0,0.92,random_copy_error,bestFunctionalLineageDepth,100,5.53,0.119303534454489,5.2961650724692,5.7638349275308,100,5.53,0.119303534454489,5.2961650724692,5.7638349275308
smooth,0,0,0.92,random_copy_error,bestStructuralLineageDepth,100,5.53,0.119303534454489,5.2961650724692,5.7638349275308,100,5.53,0.119303534454489,5.2961650724692,5.7638349275308
smooth,0,0,0.92,random_copy_error,finalMeanComponentAccuracy,100,0.958533333333333,0.00186666666666667,0.954874666666667,0.962192,100,0.491766666666666,0.0075301794595881,0.477007514925874,0.506525818407459
smooth,0,0,0.92,random_copy_error,finalExactTargetFraction,100,0.651,0.014106019919871,0.623352200957053,0.678647799042947,100,0.651,0.014106019919871,0.623352200957053,0.678647799042947
smooth,0,0,0.92,greedy_acceptance,finalMean,100,0.487,0.00786951668968894,0.471575747288209,0.50242425271179,100,0.0202333333333333,0.00159562744274061,0.0171059035455617,0.0233607631211049
smooth,0,0,0.92,greedy_acceptance,lossRate,100,0,0,0,0,100,-0.000253164556962025,0.000178107967261126,-0.000602256172793832,9.59270588697816e-05
smooth,0,0,0.92,greedy_acceptance,bestFunctionalLineageDepth,100,0,0,0,0,100,0,0,0,0
smooth,0,0,0.92,greedy_acceptance,bestStructuralLineageDepth,100,0,0,0,0,100,0,0,0,0
smooth,0,0,0.92,greedy_acceptance,finalMeanComponentAccuracy,100,0.487,0.00786951668968894,0.471575747288209,0.50242425271179,100,0.0202333333333333,0.00159562744274061,0.0171059035455617,0.0233607631211049
smooth,0,0,0.92,greedy_acceptance,finalExactTargetFraction,100,0,0,0,0,100,0,0,0,0
smooth,0,0,0.98,baseline,finalMean,100,0.4724,0.00866253203627329,0.455421437208904,0.489378562791096,NaN,NaN,NaN,NaN,NaN
smooth,0,0,0.98,baseline,lossRate,100,0.000253164556962025,0.000178107967261126,-9.59270588697815e-05,0.000602256172793832,NaN,NaN,NaN,NaN,NaN
smooth,0,0,0.98,baseline,bestFunctionalLineageDepth,100,0,0,0,0,NaN,NaN,NaN,NaN,NaN
smooth,0,0,0.98,baseline,bestStructuralLineageDepth,100,0,0,0,0,NaN,NaN,NaN,NaN,NaN
smooth,0,0,0.98,baseline,finalMeanComponentAccuracy,100,0.4724,0.00866253203627329,0.455421437208904,0.489378562791096,NaN,NaN,NaN,NaN,NaN
smooth,0,0,0.98,baseline,finalExactTargetFraction,100,0,0,0,0,NaN,NaN,NaN,NaN,NaN
smooth,0,0,0.98,random_demonstrator,finalMean,100,0.4671,0.0087788204213904,0.449893511974075,0.484306488025925,100,-0.00529999999999999,0.00220808381158131,-0.00962784427069937,-0.000972155729300622
smooth,0,0,0.98,random_demonstrator,lossRate,100,0.000632911392405063,0.000277269510832393,8.94631511735737e-05,0.00117635963363655,100,0.000379746835443038,0.000217021022781982,-4.5614369209646e-05,0.000805108040095722
smooth,0,0,0.98,random_demonstrator,bestFunctionalLineageDepth,100,0,0,0,0,100,0,0,0,0
smooth,0,0,0.98,random_demonstrator,bestStructuralLineageDepth,100,0,0,0,0,100,0,0,0,0
smooth,0,0,0.98,random_demonstrator,finalMeanComponentAccuracy,100,0.4671,0.0087788204213904,0.449893511974075,0.484306488025925,100,-0.00529999999999999,0.00220808381158131,-0.00962784427069937,-0.000972155729300622
smooth,0,0,0.98,random_demonstrator,finalExactTargetFraction,100,0,0,0,0,100,0,0,0,0
smooth,0,0,0.98,random_copy_error,finalMean,100,0.955333333333333,0.00532575218759157,0.944894859045654,0.965771807621013,100,0.482933333333333,0.00865283537604255,0.46597377599629,0.499892890670376
smooth,0,0,0.98,random_copy_error,lossRate,100,0.00708860759493671,0.00102283595320285,0.00508384912665912,0.0090933660632143,100,0.00683544303797468,0.00102441708871649,0.00482758554409036,0.00884330053185901
smooth,0,0,0.98,random_copy_error,bestFunctionalLineageDepth,100,5.02,0.0994733607301447,4.82503221296892,5.21496778703108,100,5.02,0.0994733607301447,4.82503221296892,5.21496778703108
smooth,0,0,0.98,random_copy_error,bestStructuralLineageDepth,100,5.02,0.0994733607301447,4.82503221296892,5.21496778703108,100,5.02,0.0994733607301447,4.82503221296892,5.21496778703108
smooth,0,0,0.98,random_copy_error,finalMeanComponentAccuracy,100,0.955333333333333,0.00532575218759157,0.944894859045654,0.965771807621013,100,0.482933333333333,0.00865283537604255,0.46597377599629,0.499892890670376
smooth,0,0,0.98,random_copy_error,finalExactTargetFraction,100,0.621,0.0401055145932032,0.542393191397322,0.699606808602678,100,0.621,0.0401055145932032,0.542393191397322,0.699606808602678
smooth,0,0,0.98,greedy_acceptance,finalMean,100,0.48,0.00828775414010748,0.463756001885389,0.496243998114611,100,0.00760000000000001,0.00173953823355317,0.0041905050622358,0.0110094949377642
smooth,0,0,0.98,greedy_acceptance,lossRate,100,0,0,0,0,100,-0.000253164556962025,0.000178107967261126,-0.000602256172793832,9.59270588697815e-05
smooth,0,0,0.98,greedy_acceptance,bestFunctionalLineageDepth,100,0,0,0,0,100,0,0,0,0
smooth,0,0,0.98,greedy_acceptance,bestStructuralLineageDepth,100,0,0,0,0,100,0,0,0,0
smooth,0,0,0.98,greedy_acceptance,finalMeanComponentAccuracy,100,0.48,0.00828775414010748,0.463756001885389,0.496243998114611,100,0.00760000000000001,0.00173953823355317,0.0041905050622358,0.0110094949377642
smooth,0,0,0.98,greedy_acceptance,finalExactTargetFraction,100,0,0,0,0,100,0,0,0,0
smooth,0,0.03,0.45,baseline,finalMean,100,0.231633333333333,0.00705509741612873,0.217805342397721,0.245461324268946,NaN,NaN,NaN,NaN,NaN
smooth,0,0.03,0.45,baseline,lossRate,100,0.01,0.000939965380502095,0.00815766785421589,0.0118423321457841,NaN,NaN,NaN,NaN,NaN
smooth,0,0.03,0.45,baseline,bestFunctionalLineageDepth,100,0.5,0.0674199862463242,0.367856826957205,0.632143173042795,NaN,NaN,NaN,NaN,NaN
smooth,0,0.03,0.45,baseline,bestStructuralLineageDepth,100,0.5,0.0674199862463242,0.367856826957205,0.632143173042795,NaN,NaN,NaN,NaN,NaN
smooth,0,0.03,0.45,baseline,finalMeanComponentAccuracy,100,0.231633333333333,0.00705509741612873,0.217805342397721,0.245461324268946,NaN,NaN,NaN,NaN,NaN
smooth,0,0.03,0.45,baseline,finalExactTargetFraction,100,0,0,0,0,NaN,NaN,NaN,NaN,NaN
smooth,0,0.03,0.45,random_demonstrator,finalMean,100,0.186533333333333,0.00710415063388694,0.172609198090915,0.200457468575752,100,-0.0451,0.00641834754319094,-0.0576799611846542,-0.0325200388153457
smooth,0,0.03,0.45,random_demonstrator,lossRate,100,0.010253164556962,0.00108986763352317,0.0081170239952566,0.0123893051186674,100,0.000253164556962025,0.00112328827742376,-0.00194848046678855,0.0024548095807126
smooth,0,0.03,0.45,random_demonstrator,bestFunctionalLineageDepth,100,0.43,0.0639681107421439,0.304622502945398,0.555377497054602,100,-0.07,0.0794615719334913,-0.225744680989643,0.0857446809896429
smooth,0,0.03,0.45,random_demonstrator,bestStructuralLineageDepth,100,0.43,0.0639681107421439,0.304622502945398,0.555377497054602,100,-0.07,0.0794615719334913,-0.225744680989643,0.0857446809896429
smooth,0,0.03,0.45,random_demonstrator,finalMeanComponentAccuracy,100,0.186533333333333,0.00710415063388694,0.172609198090915,0.200457468575752,100,-0.0451,0.00641834754319094,-0.0576799611846542,-0.0325200388153457
smooth,0,0.03,0.45,random_demonstrator,finalExactTargetFraction,100,0,0,0,0,100,0,0,0,0
smooth,0,0.03,0.45,random_copy_error,finalMean,100,0.541966666666667,0.00389742065558164,0.534327722181727,0.549605611151607,100,0.310333333333333,0.00781671351022986,0.295012574853283,0.325654091813384
smooth,0,0.03,0.45,random_copy_error,lossRate,100,0.00784810126582278,0.000948279648267795,0.0059894731552179,0.00970672937642766,100,-0.00215189873417722,0.00134703068111429,-0.00479207886916123,0.000488281400806795
smooth,0,0.03,0.45,random_copy_error,bestFunctionalLineageDepth,100,4.81,0.133102072170803,4.54911993854523,5.07088006145477,100,4.31,0.146125032942769,4.02359493543217,4.59640506456783
smooth,0,0.03,0.45,random_copy_error,bestStructuralLineageDepth,100,4.81,0.133102072170803,4.54911993854523,5.07088006145477,100,4.31,0.146125032942769,4.02359493543217,4.59640506456783
smooth,0,0.03,0.45,random_copy_error,finalMeanComponentAccuracy,100,0.541966666666667,0.00389742065558164,0.534327722181727,0.549605611151607,100,0.310333333333333,0.00781671351022986,0.295012574853283,0.325654091813384
smooth,0,0.03,0.45,random_copy_error,finalExactTargetFraction,100,0.001,0.000742338344512045,-0.000454983155243609,0.00245498315524361,100,0.001,0.000742338344512045,-0.000454983155243609,0.00245498315524361
smooth,0,0.03,0.45,greedy_acceptance,finalMean,100,0.4203,0.00472429425723633,0.411040383255817,0.429559616744183,100,0.188666666666667,0.00524249236054692,0.178391381639995,0.198941951693339
smooth,0,0.03,0.45,greedy_acceptance,lossRate,100,0,0,0,0,100,-0.01,0.000939965380502095,-0.0118423321457841,-0.00815766785421589
smooth,0,0.03,0.45,greedy_acceptance,bestFunctionalLineageDepth,100,1.03,0.065835730681321,0.900961967864611,1.15903803213539,100,0.53,0.0846323003505533,0.364120691312916,0.695879308687084
smooth,0,0.03,0.45,greedy_acceptance,bestStructuralLineageDepth,100,1.03,0.065835730681321,0.900961967864611,1.15903803213539,100,0.53,0.0846323003505533,0.364120691312916,0.695879308687084
smooth,0,0.03,0.45,greedy_acceptance,finalMeanComponentAccuracy,100,0.4203,0.00472429425723633,0.411040383255817,0.429559616744183,100,0.188666666666667,0.00524249236054692,0.178391381639995,0.198941951693339
smooth,0,0.03,0.45,greedy_acceptance,finalExactTargetFraction,100,0,0,0,0,100,0,0,0,0
smooth,0,0.03,0.65,baseline,finalMean,100,0.359466666666667,0.006713926762346,0.346307370212468,0.372625963120865,NaN,NaN,NaN,NaN,NaN
smooth,0,0.03,0.65,baseline,lossRate,100,0.00607594936708861,0.00079408096479504,0.00451955067609033,0.00763234805808689,NaN,NaN,NaN,NaN,NaN
smooth,0,0.03,0.65,baseline,bestFunctionalLineageDepth,100,0.75,0.0857233039988826,0.58198232416219,0.91801767583781,NaN,NaN,NaN,NaN,NaN
smooth,0,0.03,0.65,baseline,bestStructuralLineageDepth,100,0.75,0.0857233039988826,0.58198232416219,0.91801767583781,NaN,NaN,NaN,NaN,NaN
smooth,0,0.03,0.65,baseline,finalMeanComponentAccuracy,100,0.359466666666667,0.006713926762346,0.346307370212468,0.372625963120865,NaN,NaN,NaN,NaN,NaN
smooth,0,0.03,0.65,baseline,finalExactTargetFraction,100,0,0,0,0,NaN,NaN,NaN,NaN,NaN
smooth,0,0.03,0.65,random_demonstrator,finalMean,100,0.309566666666667,0.00726779020134555,0.295321797872029,0.323811535461304,100,-0.0499,0.00643371712537805,-0.062510085565741,-0.0372899144342591
smooth,0,0.03,0.65,random_demonstrator,lossRate,100,0.00734177215189873,0.000971880689271444,0.0054368860009267,0.00924665830287076,100,0.00126582278481013,0.00123998694861869,-0.0011645516344825,0.00369619720410276
smooth,0,0.03,0.65,random_demonstrator,bestFunctionalLineageDepth,100,0.74,0.07992420652017,0.583348555220467,0.896651444779533,100,-0.01,0.0846800275785682,-0.175972854053994,0.155972854053994
smooth,0,0.03,0.65,random_demonstrator,bestStructuralLineageDepth,100,0.74,0.07992420652017,0.583348555220467,0.896651444779533,100,-0.01,0.0846800275785682,-0.175972854053994,0.155972854053994
smooth,0,0.03,0.65,random_demonstrator,finalMeanComponentAccuracy,100,0.309566666666667,0.00726779020134555,0.295321797872029,0.323811535461304,100,-0.0499,0.00643371712537805,-0.062510085565741,-0.0372899144342591
smooth,0,0.03,0.65,random_demonstrator,finalExactTargetFraction,100,0,0,0,0,100,0,0,0,0
smooth,0,0.03,0.65,random_copy_error,finalMean,100,0.696566666666667,0.00453381236328264,0.687680394434633,0.705452938898701,100,0.3371,0.00808216156594276,0.321258963330752,0.352941036669248
smooth,0,0.03,0.65,random_copy_error,lossRate,100,0.00822784810126582,0.00100777174188106,0.00625261548717894,0.0102030807153527,100,0.00215189873417722,0.00123416492081255,-0.000267064510615375,0.00457086197896981
smooth,0,0.03,0.65,random_copy_error,bestFunctionalLineageDepth,100,5.49,0.12987562037456,5.23544378406586,5.74455621593414,100,4.74,0.148133164225417,4.44965899811818,5.03034100188182
smooth,0,0.03,0.65,random_copy_error,bestStructuralLineageDepth,100,5.49,0.12987562037456,5.23544378406586,5.74455621593414,100,4.74,0.148133164225417,4.44965899811818,5.03034100188182
smooth,0,0.03,0.65,random_copy_error,finalMeanComponentAccuracy,100,0.696566666666667,0.00453381236328264,0.687680394434633,0.705452938898701,100,0.3371,0.00808216156594276,0.321258963330752,0.352941036669248
smooth,0,0.03,0.65,random_copy_error,finalExactTargetFraction,100,0.00933333333333333,0.0025548967090988,0.00432573578349969,0.014340930883167,100,0.00933333333333333,0.0025548967090988,0.00432573578349969,0.014340930883167
smooth,0,0.03,0.65,greedy_acceptance,finalMean,100,0.533266666666667,0.00588306935625486,0.521735850728407,0.544797482604926,100,0.1738,0.00572019087215776,0.162588425890571,0.185011574109429
smooth,0,0.03,0.65,greedy_acceptance,lossRate,100,0,0,0,0,100,-0.00607594936708861,0.00079408096479504,-0.00763234805808689,-0.00451955067609033
smooth,0,0.03,0.65,greedy_acceptance,bestFunctionalLineageDepth,100,1.45,0.0729950876996722,1.30692962810864,1.59307037189136,100,0.7,0.0958744970882205,0.512085985707088,0.887914014292912
smooth,0,0.03,0.65,greedy_acceptance,bestStructuralLineageDepth,100,1.45,0.0729950876996722,1.30692962810864,1.59307037189136,100,0.7,0.0958744970882205,0.512085985707088,0.887914014292912
smooth,0,0.03,0.65,greedy_acceptance,finalMeanComponentAccuracy,100,0.533266666666667,0.00588306935625486,0.521735850728407,0.544797482604926,100,0.1738,0.00572019087215776,0.162588425890571,0.185011574109429
smooth,0,0.03,0.65,greedy_acceptance,finalExactTargetFraction,100,0,0,0,0,100,0,0,0,0
smooth,0,0.03,0.8,baseline,finalMean,100,0.487266666666667,0.0084952459141885,0.470615984674857,0.503917348658476,NaN,NaN,NaN,NaN,NaN
smooth,0,0.03,0.8,baseline,lossRate,100,0.00569620253164557,0.000923988451894584,0.00388518516593218,0.00750721989735895,NaN,NaN,NaN,NaN,NaN
smooth,0,0.03,0.8,baseline,bestFunctionalLineageDepth,100,1.08,0.0837022138659463,0.915943660822745,1.24405633917725,NaN,NaN,NaN,NaN,NaN
smooth,0,0.03,0.8,baseline,bestStructuralLineageDepth,100,1.08,0.0837022138659463,0.915943660822745,1.24405633917725,NaN,NaN,NaN,NaN,NaN
smooth,0,0.03,0.8,baseline,finalMeanComponentAccuracy,100,0.487266666666667,0.0084952459141885,0.470615984674857,0.503917348658476,NaN,NaN,NaN,NaN,NaN
smooth,0,0.03,0.8,baseline,finalExactTargetFraction,100,0,0,0,0,NaN,NaN,NaN,NaN,NaN
smooth,0,0.03,0.8,random_demonstrator,finalMean,100,0.428933333333333,0.0073678221742568,0.41449240187179,0.443374264794877,100,-0.0583333333333333,0.00713954228036111,-0.072326836202841,-0.0443398304638255
smooth,0,0.03,0.8,random_demonstrator,lossRate,100,0.00696202531645569,0.000906302827058739,0.00518567177542057,0.00873837885749082,100,0.00126582278481013,0.00102568024220337,-0.000744510489908479,0.00327615605952873
smooth,0,0.03,0.8,random_demonstrator,bestFunctionalLineageDepth,100,1.04,0.0839913415450989,0.875376970571606,1.20462302942839,100,-0.04,0.104369197050324,-0.244563626218634,0.164563626218634
smooth,0,0.03,0.8,random_demonstrator,bestStructuralLineageDepth,100,1.04,0.0839913415450989,0.875376970571606,1.20462302942839,100,-0.04,0.104369197050324,-0.244563626218634,0.164563626218634
smooth,0,0.03,0.8,random_demonstrator,finalMeanComponentAccuracy,100,0.428933333333333,0.0073678221742568,0.41449240187179,0.443374264794877,100,-0.0583333333333333,0.00713954228036111,-0.072326836202841,-0.0443398304638255
smooth,0,0.03,0.8,random_demonstrator,finalExactTargetFraction,100,0,0,0,0,100,0,0,0,0
smooth,0,0.03,0.8,random_copy_error,finalMean,100,0.845266666666667,0.00409488471242852,0.837240692630307,0.853292640703027,100,0.358,0.00871934263731709,0.340910088430858,0.375089911569141
smooth,0,0.03,0.8,random_copy_error,lossRate,100,0.00848101265822785,0.00101863407476184,0.00648448987169464,0.0104775354447611,100,0.00278481012658228,0.001341311291064,0.000155839996096833,0.00541378025706773
smooth,0,0.03,0.8,random_copy_error,bestFunctionalLineageDepth,100,6.18,0.146597779965827,5.89266835126698,6.46733164873302,100,5.1,0.143899516007076,4.81795694862613,5.38204305137387
smooth,0,0.03,0.8,random_copy_error,bestStructuralLineageDepth,100,6.18,0.146597779965827,5.89266835126698,6.46733164873302,100,5.1,0.143899516007076,4.81795694862613,5.38204305137387
smooth,0,0.03,0.8,random_copy_error,finalMeanComponentAccuracy,100,0.845266666666667,0.00409488471242852,0.837240692630307,0.853292640703027,100,0.358,0.00871934263731709,0.340910088430858,0.375089911569141
smooth,0,0.03,0.8,random_copy_error,finalExactTargetFraction,100,0.168666666666667,0.0119747208482678,0.145196213804062,0.192137119529272,100,0.168666666666667,0.0119747208482678,0.145196213804062,0.192137119529272
smooth,0,0.03,0.8,greedy_acceptance,finalMean,100,0.646533333333334,0.00886017078066931,0.629167398603222,0.663899268063445,100,0.159266666666667,0.00718281088196713,0.145188357338011,0.173344975995322
smooth,0,0.03,0.8,greedy_acceptance,lossRate,100,0,0,0,0,100,-0.00569620253164557,0.000923988451894584,-0.00750721989735895,-0.00388518516593218
smooth,0,0.03,0.8,greedy_acceptance,bestFunctionalLineageDepth,100,2,0.0910100449556437,1.82162031188694,2.17837968811306,100,0.92,0.0917616587698916,0.740147148811013,1.09985285118899
smooth,0,0.03,0.8,greedy_acceptance,bestStructuralLineageDepth,100,2,0.0910100449556437,1.82162031188694,2.17837968811306,100,0.92,0.0917616587698916,0.740147148811013,1.09985285118899
smooth,0,0.03,0.8,greedy_acceptance,finalMeanComponentAccuracy,100,0.646533333333334,0.00886017078066931,0.629167398603222,0.663899268063445,100,0.159266666666667,0.00718281088196713,0.145188357338011,0.173344975995322
smooth,0,0.03,0.8,greedy_acceptance,finalExactTargetFraction,100,0,0,0,0,100,0,0,0,0
smooth,0,0.03,0.92,baseline,finalMean,100,0.6262,0.00965801540193057,0.607270289812216,0.645129710187784,NaN,NaN,NaN,NaN,NaN
smooth,0,0.03,0.92,baseline,lossRate,100,0.00759493670886076,0.00110907804332957,0.0054211437439348,0.00976872967378672,NaN,NaN,NaN,NaN,NaN
smooth,0,0.03,0.92,baseline,bestFunctionalLineageDepth,100,2.26,0.104078447491895,2.05600624291588,2.46399375708411,NaN,NaN,NaN,NaN,NaN
smooth,0,0.03,0.92,baseline,bestStructuralLineageDepth,100,2.26,0.104078447491895,2.05600624291588,2.46399375708411,NaN,NaN,NaN,NaN,NaN
smooth,0,0.03,0.92,baseline,finalMeanComponentAccuracy,100,0.6262,0.00965801540193057,0.607270289812216,0.645129710187784,NaN,NaN,NaN,NaN,NaN
smooth,0,0.03,0.92,baseline,finalExactTargetFraction,100,0,0,0,0,NaN,NaN,NaN,NaN,NaN
smooth,0,0.03,0.92,random_demonstrator,finalMean,100,0.550833333333333,0.00904178788573337,0.533111429077296,0.568555237589371,100,-0.0753666666666667,0.00910752516276227,-0.0932174159856807,-0.0575159173476526
smooth,0,0.03,0.92,random_demonstrator,lossRate,100,0.00848101265822785,0.00124721004512637,0.00603648096978016,0.0109255443466755,100,0.000886075949367089,0.00131295700239709,-0.0016873197753312,0.00345947167406538
smooth,0,0.03,0.92,random_demonstrator,bestFunctionalLineageDepth,100,1.7,0.0904534033733291,1.52271132938828,1.87728867061172,100,-0.56,0.0988008915021325,-0.75364974734418,-0.36635025265582
smooth,0,0.03,0.92,random_demonstrator,bestStructuralLineageDepth,100,1.7,0.0904534033733291,1.52271132938828,1.87728867061172,100,-0.56,0.0988008915021325,-0.75364974734418,-0.36635025265582
smooth,0,0.03,0.92,random_demonstrator,finalMeanComponentAccuracy,100,0.550833333333333,0.00904178788573337,0.533111429077296,0.568555237589371,100,-0.0753666666666667,0.00910752516276227,-0.0932174159856807,-0.0575159173476526
smooth,0,0.03,0.92,random_demonstrator,finalExactTargetFraction,100,0,0,0,0,100,0,0,0,0
smooth,0,0.03,0.92,random_copy_error,finalMean,100,0.952733333333334,0.00185524403118936,0.949097055032202,0.956369611634465,100,0.326533333333333,0.00987678523833641,0.307174834266194,0.345891832400473
smooth,0,0.03,0.92,random_copy_error,lossRate,100,0.00544303797468355,0.000921884091329579,0.00363614515567757,0.00724993079368952,100,-0.00215189873417722,0.00132278190419413,-0.00474455126639771,0.000440753798043284
smooth,0,0.03,0.92,random_copy_error,bestFunctionalLineageDepth,100,5.75,0.111350751676807,5.53175252671346,5.96824747328654,100,3.49,0.148728618699301,3.19849190734937,3.78150809265063
smooth,0,0.03,0.92,random_copy_error,bestStructuralLineageDepth,100,5.75,0.111350751676807,5.53175252671346,5.96824747328654,100,3.49,0.148728618699301,3.19849190734937,3.78150809265063
smooth,0,0.03,0.92,random_copy_error,finalMeanComponentAccuracy,100,0.952733333333334,0.00185524403118936,0.949097055032202,0.956369611634465,100,0.326533333333333,0.00987678523833641,0.307174834266194,0.345891832400473
smooth,0,0.03,0.92,random_copy_error,finalExactTargetFraction,100,0.607,0.0137011145065115,0.580145815567238,0.633854184432763,100,0.607,0.0137011145065115,0.580145815567238,0.633854184432763
smooth,0,0.03,0.92,greedy_acceptance,finalMean,100,0.780833333333333,0.00917339820175169,0.7628534728579,0.798813193808766,100,0.154633333333333,0.00969465297451623,0.135631813503282,0.173634853163385
smooth,0,0.03,0.92,greedy_acceptance,lossRate,100,0,0,0,0,100,-0.00759493670886076,0.00110907804332957,-0.00976872967378672,-0.0054211437439348
smooth,0,0.03,0.92,greedy_acceptance,bestFunctionalLineageDepth,100,3.39,0.0941683427043122,3.20543004829955,3.57456995170045,100,1.13,0.109779393109614,0.914832389505157,1.34516761049484
smooth,0,0.03,0.92,greedy_acceptance,bestStructuralLineageDepth,100,3.39,0.0941683427043122,3.20543004829955,3.57456995170045,100,1.13,0.109779393109614,0.914832389505157,1.34516761049484
smooth,0,0.03,0.92,greedy_acceptance,finalMeanComponentAccuracy,100,0.780833333333333,0.00917339820175169,0.7628534728579,0.798813193808766,100,0.154633333333333,0.00969465297451623,0.135631813503282,0.173634853163385
smooth,0,0.03,0.92,greedy_acceptance,finalExactTargetFraction,100,0.0103333333333333,0.00968290752264171,-0.00864516541104442,0.0293118320777111,100,0.0103333333333333,0.00968290752264171,-0.00864516541104442,0.0293118320777111
smooth,0,0.03,0.98,baseline,finalMean,100,0.7316,0.0110522156266577,0.709937657371751,0.753262342628249,NaN,NaN,NaN,NaN,NaN
smooth,0,0.03,0.98,baseline,lossRate,100,0.00582278481012658,0.00092477635256047,0.00401022315910806,0.0076353464611451,NaN,NaN,NaN,NaN,NaN
smooth,0,0.03,0.98,baseline,bestFunctionalLineageDepth,100,2.79,0.113968806648525,2.56662113896889,3.01337886103111,NaN,NaN,NaN,NaN,NaN
smooth,0,0.03,0.98,baseline,bestStructuralLineageDepth,100,2.79,0.113968806648525,2.56662113896889,3.01337886103111,NaN,NaN,NaN,NaN,NaN
smooth,0,0.03,0.98,baseline,finalMeanComponentAccuracy,100,0.7316,0.0110522156266577,0.709937657371751,0.753262342628249,NaN,NaN,NaN,NaN,NaN
smooth,0,0.03,0.98,baseline,finalExactTargetFraction,100,0.0143333333333333,0.0104151210974595,-0.00608030401768737,0.034746970684354,NaN,NaN,NaN,NaN,NaN
smooth,0,0.03,0.98,random_demonstrator,finalMean,100,0.6591,0.0110954288319653,0.637352959489348,0.680847040510652,100,-0.0725,0.00828536700438227,-0.0887393193285893,-0.0562606806714108
smooth,0,0.03,0.98,random_demonstrator,lossRate,100,0.00835443037974683,0.00119640901930446,0.0060094687019101,0.0106993920575836,100,0.00253164556962025,0.00119342916655957,0.00019252440316349,0.00487076673607702
smooth,0,0.03,0.98,random_demonstrator,bestFunctionalLineageDepth,100,2.31,0.115202939075864,2.08420223941131,2.53579776058869,100,-0.48,0.0926381032935054,-0.661570682455271,-0.298429317544729
smooth,0,0.03,0.98,random_demonstrator,bestStructuralLineageDepth,100,2.31,0.115202939075864,2.08420223941131,2.53579776058869,100,-0.48,0.0926381032935054,-0.661570682455271,-0.298429317544729
smooth,0,0.03,0.98,random_demonstrator,finalMeanComponentAccuracy,100,0.6591,0.0110954288319653,0.637352959489348,0.680847040510652,100,-0.0725,0.00828536700438227,-0.0887393193285893,-0.0562606806714108
smooth,0,0.03,0.98,random_demonstrator,finalExactTargetFraction,100,0.001,0.000999999999999997,-0.000959999999999994,0.00295999999999999,100,-0.0133333333333333,0.0104768463654055,-0.0338679522095281,0.00720128554286143
smooth,0,0.03,0.98,random_copy_error,finalMean,100,0.968233333333333,0.00436017457614437,0.95968739116409,0.976779275502576,100,0.236633333333333,0.0105518329427251,0.215951740765592,0.257314925901074
smooth,0,0.03,0.98,random_copy_error,lossRate,100,0.00734177215189873,0.00092056642317601,0.00553746196247375,0.00914608234132371,100,0.00151898734177215,0.0011131566209513,-0.000662799635292398,0.0037007743188367
smooth,0,0.03,0.98,random_copy_error,bestFunctionalLineageDepth,100,5.08,0.100181653192407,4.88364395974288,5.27635604025712,100,2.29,0.121684307562934,2.05149875717665,2.52850124282335
smooth,0,0.03,0.98,random_copy_error,bestStructuralLineageDepth,100,5.08,0.100181653192407,4.88364395974288,5.27635604025712,100,2.29,0.121684307562934,2.05149875717665,2.52850124282335
smooth,0,0.03,0.98,random_copy_error,finalMeanComponentAccuracy,100,0.968233333333333,0.00436017457614437,0.95968739116409,0.976779275502576,100,0.236633333333333,0.0105518329427251,0.215951740765592,0.257314925901074
smooth,0,0.03,0.98,random_copy_error,finalExactTargetFraction,100,0.722666666666666,0.0338076688581916,0.656403635704611,0.788929697628722,100,0.708333333333333,0.0345903556620344,0.640536236235746,0.776130430430921
smooth,0,0.03,0.98,greedy_acceptance,finalMean,100,0.842133333333333,0.00993079532803705,0.822668974490381,0.861597692176286,100,0.110533333333333,0.0090766433523332,0.0927431123627603,0.128323554303906
smooth,0,0.03,0.98,greedy_acceptance,lossRate,100,0,0,0,0,100,-0.00582278481012658,0.00092477635256047,-0.0076353464611451,-0.00401022315910806
smooth,0,0.03,0.98,greedy_acceptance,bestFunctionalLineageDepth,100,3.77,0.108110493421678,3.55810343289351,3.98189656710649,100,0.98,0.0984526753975192,0.787032756220862,1.17296724377914
smooth,0,0.03,0.98,greedy_acceptance,bestStructuralLineageDepth,100,3.77,0.108110493421678,3.55810343289351,3.98189656710649,100,0.98,0.0984526753975192,0.787032756220862,1.17296724377914
smooth,0,0.03,0.98,greedy_acceptance,finalMeanComponentAccuracy,100,0.842133333333333,0.00993079532803705,0.822668974490381,0.861597692176286,100,0.110533333333333,0.0090766433523332,0.0927431123627603,0.128323554303906
smooth,0,0.03,0.98,greedy_acceptance,finalExactTargetFraction,100,0.155,0.035792690912858,0.0848463258107983,0.225153674189202,100,0.140666666666667,0.0353928727757738,0.0712966360261501,0.210036697307183
smooth,0,0.08,0.45,baseline,finalMean,100,0.2501,0.00663704784074999,0.23709138623213,0.26310861376787,NaN,NaN,NaN,NaN,NaN
smooth,0,0.08,0.45,baseline,lossRate,100,0.010379746835443,0.00109999309195914,0.00822376037520313,0.0125357332956829,NaN,NaN,NaN,NaN,NaN
smooth,0,0.08,0.45,baseline,bestFunctionalLineageDepth,100,1.11,0.0952349566582407,0.923339484949848,1.29666051505015,NaN,NaN,NaN,NaN,NaN
smooth,0,0.08,0.45,baseline,bestStructuralLineageDepth,100,1.11,0.0952349566582407,0.923339484949848,1.29666051505015,NaN,NaN,NaN,NaN,NaN
smooth,0,0.08,0.45,baseline,finalMeanComponentAccuracy,100,0.2501,0.00663704784074999,0.23709138623213,0.26310861376787,NaN,NaN,NaN,NaN,NaN
smooth,0,0.08,0.45,baseline,finalExactTargetFraction,100,0,0,0,0,NaN,NaN,NaN,NaN,NaN
smooth,0,0.08,0.45,random_demonstrator,finalMean,100,0.199,0.00711040084836761,0.1850636143372,0.212936385662801,100,-0.0511,0.00582422184028848,-0.0625154748069654,-0.0396845251930346
smooth,0,0.08,0.45,random_demonstrator,lossRate,100,0.010379746835443,0.00117125318648756,0.00808409058992742,0.0126754030809586,100,-4.5102810375397e-19,0.0012334434361959,-0.00241754913494396,0.00241754913494396
smooth,0,0.08,0.45,random_demonstrator,bestFunctionalLineageDepth,100,0.98,0.0931816949986867,0.797363877802574,1.16263612219743,100,-0.13,0.0981186665587784,-0.322312586455206,0.0623125864552057
smooth,0,0.08,0.45,random_demonstrator,bestStructuralLineageDepth,100,0.98,0.0931816949986867,0.797363877802574,1.16263612219743,100,-0.13,0.0981186665587784,-0.322312586455206,0.0623125864552057
smooth,0,0.08,0.45,random_demonstrator,finalMeanComponentAccuracy,100,0.199,0.00711040084836761,0.1850636143372,0.212936385662801,100,-0.0511,0.00582422184028848,-0.0625154748069654,-0.0396845251930346
smooth,0,0.08,0.45,random_demonstrator,finalExactTargetFraction,100,0,0,0,0,100,0,0,0,0
smooth,0,0.08,0.45,random_copy_error,finalMean,100,0.537033333333333,0.0034105188180547,0.530348716449946,0.54371795021672,100,0.286933333333333,0.00645552513075464,0.274280504077054,0.299586162589612
smooth,0,0.08,0.45,random_copy_error,lossRate,100,0.00974683544303797,0.000983057332756416,0.00782004307083539,0.0116736278152405,100,-0.000632911392405064,0.00149855196437419,-0.00357007324257848,0.00230425045776835
smooth,0,0.08,0.45,random_copy_error,bestFunctionalLineageDepth,100,4.79,0.14653920080899,4.50278316641438,5.07721683358562,100,3.68,0.168102902588224,3.35051831092708,4.00948168907292
smooth,0,0.08,0.45,random_copy_error,bestStructuralLineageDepth,100,4.79,0.14653920080899,4.50278316641438,5.07721683358562,100,3.68,0.168102902588224,3.35051831092708,4.00948168907292
smooth,0,0.08,0.45,random_copy_error,finalMeanComponentAccuracy,100,0.537033333333333,0.0034105188180547,0.530348716449946,0.54371795021672,100,0.286933333333333,0.00645552513075464,0.274280504077054,0.299586162589612
smooth,0,0.08,0.45,random_copy_error,finalExactTargetFraction,100,0.000333333333333333,0.000333333333333333,-0.00032,0.000986666666666667,100,0.000333333333333333,0.000333333333333333,-0.00032,0.000986666666666667
smooth,0,0.08,0.45,greedy_acceptance,finalMean,100,0.441333333333333,0.00381855591134081,0.433848963747105,0.448817702919561,100,0.191233333333333,0.00548104682506371,0.180490481556209,0.201976185110458
smooth,0,0.08,0.45,greedy_acceptance,lossRate,100,0,0,0,0,100,-0.010379746835443,0.00109999309195914,-0.0125357332956829,-0.00822376037520313
smooth,0,0.08,0.45,greedy_acceptance,bestFunctionalLineageDepth,100,1.76,0.0854223021053032,1.59257228787361,1.92742771212639,100,0.65,0.0925235432774062,0.468653855176284,0.831346144823716
smooth,0,0.08,0.45,greedy_acceptance,bestStructuralLineageDepth,100,1.76,0.0854223021053032,1.59257228787361,1.92742771212639,100,0.65,0.0925235432774062,0.468653855176284,0.831346144823716
smooth,0,0.08,0.45,greedy_acceptance,finalMeanComponentAccuracy,100,0.441333333333333,0.00381855591134081,0.433848963747105,0.448817702919561,100,0.191233333333333,0.00548104682506371,0.180490481556209,0.201976185110458
smooth,0,0.08,0.45,greedy_acceptance,finalExactTargetFraction,100,0,0,0,0,100,0,0,0,0
smooth,0,0.08,0.65,baseline,finalMean,100,0.3997,0.00660103977797383,0.386761962035171,0.412638037964829,NaN,NaN,NaN,NaN,NaN
smooth,0,0.08,0.65,baseline,lossRate,100,0.00860759493670886,0.000897419490043099,0.00684865273622438,0.0103665371371933,NaN,NaN,NaN,NaN,NaN
smooth,0,0.08,0.65,baseline,bestFunctionalLineageDepth,100,1.65,0.0998736575616788,1.45424763117911,1.84575236882089,NaN,NaN,NaN,NaN,NaN
smooth,0,0.08,0.65,baseline,bestStructuralLineageDepth,100,1.65,0.0998736575616788,1.45424763117911,1.84575236882089,NaN,NaN,NaN,NaN,NaN
smooth,0,0.08,0.65,baseline,finalMeanComponentAccuracy,100,0.3997,0.00660103977797383,0.386761962035171,0.412638037964829,NaN,NaN,NaN,NaN,NaN
smooth,0,0.08,0.65,baseline,finalExactTargetFraction,100,0,0,0,0,NaN,NaN,NaN,NaN,NaN
smooth,0,0.08,0.65,random_demonstrator,finalMean,100,0.3262,0.00655632934998346,0.313349594474032,0.339050405525967,100,-0.0735,0.00657604655759991,-0.0863890512528958,-0.0606109487471042
smooth,0,0.08,0.65,random_demonstrator,lossRate,100,0.00962025316455696,0.000954065007525617,0.00775028574980675,0.0114902205793072,100,0.0010126582278481,0.00111895737216736,-0.00118049822159992,0.00320581467729612
smooth,0,0.08,0.65,random_demonstrator,bestFunctionalLineageDepth,100,1.41,0.0911154224158578,1.23141377206492,1.58858622793508,100,-0.24,0.0944093814889776,-0.425042387718396,-0.0549576122816039
smooth,0,0.08,0.65,random_demonstrator,bestStructuralLineageDepth,100,1.41,0.0911154224158578,1.23141377206492,1.58858622793508,100,-0.24,0.0944093814889776,-0.425042387718396,-0.0549576122816039
smooth,0,0.08,0.65,random_demonstrator,finalMeanComponentAccuracy,100,0.3262,0.00655632934998346,0.313349594474032,0.339050405525967,100,-0.0735,0.00657604655759991,-0.0863890512528958,-0.0606109487471042
smooth,0,0.08,0.65,random_demonstrator,finalExactTargetFraction,100,0,0,0,0,100,0,0,0,0
smooth,0,0.08,0.65,random_copy_error,finalMean,100,0.694633333333334,0.00388178138379276,0.6870250418211,0.702241624845567,100,0.294933333333333,0.00763115476241023,0.279976269999009,0.309890396667657
smooth,0,0.08,0.65,random_copy_error,lossRate,100,0.0110126582278481,0.00118874117414373,0.00868272552652639,0.0133425909291698,100,0.00240506329113924,0.00153399018086732,-0.000601557463360717,0.0054116840456392
smooth,0,0.08,0.65,random_copy_error,bestFunctionalLineageDepth,100,5.57,0.157797338380595,5.26071721677403,5.87928278322597,100,3.92,0.166775721896628,3.59311958508261,4.24688041491739
smooth,0,0.08,0.65,random_copy_error,bestStructuralLineageDepth,100,5.57,0.157797338380595,5.26071721677403,5.87928278322597,100,3.92,0.166775721896628,3.59311958508261,4.24688041491739
smooth,0,0.08,0.65,random_copy_error,finalMeanComponentAccuracy,100,0.694633333333334,0.00388178138379276,0.6870250418211,0.702241624845567,100,0.294933333333333,0.00763115476241023,0.279976269999009,0.309890396667657
smooth,0,0.08,0.65,random_copy_error,finalExactTargetFraction,100,0.009,0.0020572610996962,0.00496776824459544,0.0130322317554046,100,0.009,0.0020572610996962,0.00496776824459544,0.0130322317554046
smooth,0,0.08,0.65,greedy_acceptance,finalMean,100,0.581233333333333,0.00451227407012812,0.572389276155882,0.590077390510784,100,0.181533333333333,0.00556734506642658,0.170621337003137,0.192445329663529
smooth,0,0.08,0.65,greedy_acceptance,lossRate,100,0,0,0,0,100,-0.00860759493670886,0.000897419490043099,-0.0103665371371933,-0.00684865273622438
smooth,0,0.08,0.65,greedy_acceptance,bestFunctionalLineageDepth,100,2.41,0.0922173541370625,2.22925398589136,2.59074601410864,100,0.76,0.10552418459933,0.553172598185313,0.966827401814687
smooth,0,0.08,0.65,greedy_acceptance,bestStructuralLineageDepth,100,2.41,0.0922173541370625,2.22925398589136,2.59074601410864,100,0.76,0.10552418459933,0.553172598185313,0.966827401814687
smooth,0,0.08,0.65,greedy_acceptance,finalMeanComponentAccuracy,100,0.581233333333333,0.00451227407012812,0.572389276155882,0.590077390510784,100,0.181533333333333,0.00556734506642658,0.170621337003137,0.192445329663529
smooth,0,0.08,0.65,greedy_acceptance,finalExactTargetFraction,100,0,0,0,0,100,0,0,0,0
smooth,0,0.08,0.8,baseline,finalMean,100,0.561033333333333,0.00776126602305214,0.545821251928151,0.576245414738516,NaN,NaN,NaN,NaN,NaN
smooth,0,0.08,0.8,baseline,lossRate,100,0.00873417721518987,0.00108986763352317,0.00659803665348446,0.0108703177768953,NaN,NaN,NaN,NaN,NaN
smooth,0,0.08,0.8,baseline,bestFunctionalLineageDepth,100,2.48,0.110535884753241,2.26334966588365,2.69665033411635,NaN,NaN,NaN,NaN,NaN
smooth,0,0.08,0.8,baseline,bestStructuralLineageDepth,100,2.48,0.110535884753241,2.26334966588365,2.69665033411635,NaN,NaN,NaN,NaN,NaN
smooth,0,0.08,0.8,baseline,finalMeanComponentAccuracy,100,0.561033333333333,0.00776126602305214,0.545821251928151,0.576245414738516,NaN,NaN,NaN,NaN,NaN
smooth,0,0.08,0.8,baseline,finalExactTargetFraction,100,0,0,0,0,NaN,NaN,NaN,NaN,NaN
smooth,0,0.08,0.8,random_demonstrator,finalMean,100,0.480133333333333,0.00680610408014154,0.466793369336256,0.493473297330411,100,-0.0808999999999999,0.00806216795834422,-0.0967018491983546,-0.0650981508016453
smooth,0,0.08,0.8,random_demonstrator,lossRate,100,0.0111392405063291,0.00130088258169835,0.00858951064620036,0.0136889703664579,100,0.00240506329113924,0.00159604039560304,-0.000723175884242711,0.00553330246652119
smooth,0,0.08,0.8,random_demonstrator,bestFunctionalLineageDepth,100,2.2,0.109175051725163,1.98601689861868,2.41398310138132,100,-0.28,0.103553041110497,-0.482963960576575,-0.0770360394234255
smooth,0,0.08,0.8,random_demonstrator,bestStructuralLineageDepth,100,2.2,0.109175051725163,1.98601689861868,2.41398310138132,100,-0.28,0.103553041110497,-0.482963960576575,-0.0770360394234255
smooth,0,0.08,0.8,random_demonstrator,finalMeanComponentAccuracy,100,0.480133333333333,0.00680610408014154,0.466793369336256,0.493473297330411,100,-0.0808999999999999,0.00806216795834422,-0.0967018491983546,-0.0650981508016453
smooth,0,0.08,0.8,random_demonstrator,finalExactTargetFraction,100,0,0,0,0,100,0,0,0,0
smooth,0,0.08,0.8,random_copy_error,finalMean,100,0.845033333333333,0.0040550352509743,0.837085464241424,0.852981202425243,100,0.284,0.00874132566666946,0.266867001693328,0.301132998306672
smooth,0,0.08,0.8,random_copy_error,lossRate,100,0.00911392405063291,0.0010030228210208,0.00714799932143214,0.0110798487798337,100,0.000379746835443038,0.00146667584790303,-0.0024949378264469,0.00325443149733297
smooth,0,0.08,0.8,random_copy_error,bestFunctionalLineageDepth,100,6.24,0.146418522866418,5.95301969518182,6.52698030481818,100,3.76,0.167042001613457,3.43259767683762,4.08740232316238
smooth,0,0.08,0.8,random_copy_error,bestStructuralLineageDepth,100,6.24,0.146418522866418,5.95301969518182,6.52698030481818,100,3.76,0.167042001613457,3.43259767683762,4.08740232316238
smooth,0,0.08,0.8,random_copy_error,finalMeanComponentAccuracy,100,0.845033333333333,0.0040550352509743,0.837085464241424,0.852981202425243,100,0.284,0.00874132566666946,0.266867001693328,0.301132998306672
smooth,0,0.08,0.8,random_copy_error,finalExactTargetFraction,100,0.162666666666667,0.0131406959485114,0.136910902607584,0.188422430725749,100,0.162666666666667,0.0131406959485114,0.136910902607584,0.188422430725749
smooth,0,0.08,0.8,greedy_acceptance,finalMean,100,0.752666666666667,0.00658757801189868,0.739755013763345,0.765578319569988,100,0.191633333333333,0.00811844071763454,0.17572118952677,0.207545477139897
smooth,0,0.08,0.8,greedy_acceptance,lossRate,100,0,0,0,0,100,-0.00873417721518987,0.00108986763352317,-0.0108703177768953,-0.00659803665348446
smooth,0,0.08,0.8,greedy_acceptance,bestFunctionalLineageDepth,100,3.52,0.0969014911644758,3.33007307731763,3.70992692268237,100,1.04,0.121372621011961,0.802109662816556,1.27789033718344
smooth,0,0.08,0.8,greedy_acceptance,bestStructuralLineageDepth,100,3.52,0.0969014911644758,3.33007307731763,3.70992692268237,100,1.04,0.121372621011961,0.802109662816556,1.27789033718344
smooth,0,0.08,0.8,greedy_acceptance,finalMeanComponentAccuracy,100,0.752666666666667,0.00658757801189868,0.739755013763345,0.765578319569988,100,0.191633333333333,0.00811844071763454,0.17572118952677,0.207545477139897
smooth,0,0.08,0.8,greedy_acceptance,finalExactTargetFraction,100,0.00533333333333333,0.00353656544884466,-0.0015983349464022,0.0122650016130689,100,0.00533333333333333,0.00353656544884466,-0.0015983349464022,0.0122650016130689
smooth,0,0.08,0.92,baseline,finalMean,100,0.74,0.00865759691180628,0.72303111005286,0.756968889947141,NaN,NaN,NaN,NaN,NaN
smooth,0,0.08,0.92,baseline,lossRate,100,0.01,0.00123730829405618,0.00757487574364989,0.0124251242563501,NaN,NaN,NaN,NaN,NaN
smooth,0,0.08,0.92,baseline,bestFunctionalLineageDepth,100,3.7,0.111464085804543,3.4815303918231,3.9184696081769,NaN,NaN,NaN,NaN,NaN
smooth,0,0.08,0.92,baseline,bestStructuralLineageDepth,100,3.7,0.111464085804543,3.4815303918231,3.9184696081769,NaN,NaN,NaN,NaN,NaN
smooth,0,0.08,0.92,baseline,finalMeanComponentAccuracy,100,0.74,0.00865759691180628,0.72303111005286,0.756968889947141,NaN,NaN,NaN,NaN,NaN
smooth,0,0.08,0.92,baseline,finalExactTargetFraction,100,0.00666666666666667,0.00421104314862139,-0.00158697790463125,0.0149203112379646,NaN,NaN,NaN,NaN,NaN
smooth,0,0.08,0.92,random_demonstrator,finalMean,100,0.644333333333333,0.00853335700754292,0.627607953598549,0.661058713068117,100,-0.0956666666666667,0.00929749009733212,-0.113889747257438,-0.0774435860758958
smooth,0,0.08,0.92,random_demonstrator,lossRate,100,0.0130379746835443,0.00127797516580873,0.0105331433585592,0.0155428060085294,100,0.00303797468354431,0.00148493563314387,0.000127500842582322,0.00594844852450629
smooth,0,0.08,0.92,random_demonstrator,bestFunctionalLineageDepth,100,3.02,0.102474436329311,2.81915010479455,3.22084989520545,100,-0.68,0.106249183003395,-0.888248398686654,-0.471751601313346
smooth,0,0.08,0.92,random_demonstrator,bestStructuralLineageDepth,100,3.02,0.102474436329311,2.81915010479455,3.22084989520545,100,-0.68,0.106249183003395,-0.888248398686654,-0.471751601313346
smooth,0,0.08,0.92,random_demonstrator,finalMeanComponentAccuracy,100,0.644333333333333,0.00853335700754292,0.627607953598549,0.661058713068117,100,-0.0956666666666667,0.00929749009733212,-0.113889747257438,-0.0774435860758958
smooth,0,0.08,0.92,random_demonstrator,finalExactTargetFraction,100,0.00133333333333333,0.00133333333333333,-0.00128,0.00394666666666667,100,-0.00533333333333333,0.00389883288530869,-0.0129750457885384,0.00230837912187171
smooth,0,0.08,0.92,random_copy_error,finalMean,100,0.9502,0.00193138180850802,0.946414491655324,0.953985508344676,100,0.2102,0.00894475123383772,0.192668287581678,0.227731712418322
smooth,0,0.08,0.92,random_copy_error,lossRate,100,0.00481012658227848,0.000736997962968774,0.00336561057485969,0.00625464258969728,100,-0.00518987341772152,0.00138307482963103,-0.00790070008379833,-0.00247904675164471
smooth,0,0.08,0.92,random_copy_error,bestFunctionalLineageDepth,100,5.77,0.127805881845647,5.51950047158253,6.02049952841747,100,2.07,0.12492826224306,1.8251406060036,2.3148593939964
smooth,0,0.08,0.92,random_copy_error,bestStructuralLineageDepth,100,5.77,0.127805881845647,5.51950047158253,6.02049952841747,100,2.07,0.12492826224306,1.8251406060036,2.3148593939964
smooth,0,0.08,0.92,random_copy_error,finalMeanComponentAccuracy,100,0.9502,0.00193138180850802,0.946414491655324,0.953985508344676,100,0.2102,0.00894475123383772,0.192668287581678,0.227731712418322
smooth,0,0.08,0.92,random_copy_error,finalExactTargetFraction,100,0.606333333333333,0.0128244207978022,0.581197468569641,0.631469198097026,100,0.599666666666667,0.013159600456514,0.573873849771899,0.625459483561434
smooth,0,0.08,0.92,greedy_acceptance,finalMean,100,0.896033333333334,0.00661846123964594,0.883061149303628,0.90900551736304,100,0.156033333333333,0.00950287274185673,0.137407702759294,0.174658963907372
smooth,0,0.08,0.92,greedy_acceptance,lossRate,100,0,0,0,0,100,-0.01,0.00123730829405618,-0.0124251242563501,-0.00757487574364989
smooth,0,0.08,0.92,greedy_acceptance,bestFunctionalLineageDepth,100,4.74,0.105044483121882,4.53411281308111,4.94588718691889,100,1.04,0.103396852422639,0.837342169251627,1.24265783074837
smooth,0,0.08,0.92,greedy_acceptance,bestStructuralLineageDepth,100,4.74,0.105044483121882,4.53411281308111,4.94588718691889,100,1.04,0.103396852422639,0.837342169251627,1.24265783074837
smooth,0,0.08,0.92,greedy_acceptance,finalMeanComponentAccuracy,100,0.896033333333334,0.00661846123964594,0.883061149303628,0.90900551736304,100,0.156033333333333,0.00950287274185673,0.137407702759294,0.174658963907372
smooth,0,0.08,0.92,greedy_acceptance,finalExactTargetFraction,100,0.216,0.0376780621003305,0.142150998283352,0.289849001716648,100,0.209333333333333,0.0375336138162247,0.135767450253533,0.282899216413134
smooth,0,0.08,0.98,baseline,finalMean,100,0.863366666666667,0.00838823597699993,0.846925724151747,0.879807609181587,NaN,NaN,NaN,NaN,NaN
smooth,0,0.08,0.98,baseline,lossRate,100,0.00949367088607595,0.00121193304779283,0.00711828211240199,0.0118690596597499,NaN,NaN,NaN,NaN,NaN
smooth,0,0.08,0.98,baseline,bestFunctionalLineageDepth,100,4.31,0.102193122779541,4.1097014793521,4.5102985206479,NaN,NaN,NaN,NaN,NaN
smooth,0,0.08,0.98,baseline,bestStructuralLineageDepth,100,4.31,0.102193122779541,4.1097014793521,4.5102985206479,NaN,NaN,NaN,NaN,NaN
smooth,0,0.08,0.98,baseline,finalMeanComponentAccuracy,100,0.863366666666667,0.00838823597699993,0.846925724151747,0.879807609181587,NaN,NaN,NaN,NaN,NaN
smooth,0,0.08,0.98,baseline,finalExactTargetFraction,100,0.174666666666667,0.0321546487554771,0.111643555105932,0.237689778227402,NaN,NaN,NaN,NaN,NaN
smooth,0,0.08,0.98,random_demonstrator,finalMean,100,0.791866666666666,0.00960608206138933,0.773038745826343,0.81069458750699,100,-0.0714999999999999,0.00806474571556909,-0.0873069016025153,-0.0556930983974845
smooth,0,0.08,0.98,random_demonstrator,lossRate,100,0.0125316455696203,0.00131591217523037,0.00995245770616873,0.0151108334330718,100,0.0030379746835443,0.00141803200428659,0.000258631955142581,0.00581731741194603
smooth,0,0.08,0.98,random_demonstrator,bestFunctionalLineageDepth,100,3.88,0.0966927864398113,3.69048213857797,4.06951786142203,100,-0.43,0.0956160250294073,-0.617407409057638,-0.242592590942362
smooth,0,0.08,0.98,random_demonstrator,bestStructuralLineageDepth,100,3.88,0.0966927864398113,3.69048213857797,4.06951786142203,100,-0.43,0.0956160250294073,-0.617407409057638,-0.242592590942362
smooth,0,0.08,0.98,random_demonstrator,finalMeanComponentAccuracy,100,0.791866666666666,0.00960608206138933,0.773038745826343,0.81069458750699,100,-0.0714999999999999,0.00806474571556909,-0.0873069016025153,-0.0556930983974845
smooth,0,0.08,0.98,random_demonstrator,finalExactTargetFraction,100,0.0426666666666667,0.0163236073564278,0.0106723962480682,0.0746609370852651,100,-0.132,0.0278682164117265,-0.186621704166984,-0.0773782958330162
smooth,0,0.08,0.98,random_copy_error,finalMean,100,0.972666666666667,0.00326598632371091,0.966265333472194,0.979067999861141,100,0.1093,0.0088586980977191,0.0919369517284706,0.126663048271529
smooth,0,0.08,0.98,random_copy_error,lossRate,100,0.00506329113924051,0.000862847861849022,0.00337210933001643,0.00675447294846459,100,-0.00443037974683544,0.00140950318578237,-0.00719300599096888,-0.00166775350270201
smooth,0,0.08,0.98,random_copy_error,bestFunctionalLineageDepth,100,5.14,0.092135166407235,4.95941507384182,5.32058492615818,100,0.83,0.100559043412918,0.63290427491068,1.02709572508932
smooth,0,0.08,0.98,random_copy_error,bestStructuralLineageDepth,100,5.14,0.092135166407235,4.95941507384182,5.32058492615818,100,0.83,0.100559043412918,0.63290427491068,1.02709572508932
smooth,0,0.08,0.98,random_copy_error,finalMeanComponentAccuracy,100,0.972666666666667,0.00326598632371091,0.966265333472194,0.979067999861141,100,0.1093,0.0088586980977191,0.0919369517284706,0.126663048271529
smooth,0,0.08,0.98,random_copy_error,finalExactTargetFraction,100,0.758,0.0274449556244055,0.704207886976165,0.811792113023835,100,0.583333333333333,0.0414617858484937,0.502068233070286,0.664598433596381
smooth,0,0.08,0.98,greedy_acceptance,finalMean,100,0.9641,0.00509304118012037,0.954117639286964,0.974082360713036,100,0.100733333333333,0.00821533700252737,0.0846312728083797,0.116835393858287
smooth,0,0.08,0.98,greedy_acceptance,lossRate,100,0,0,0,0,100,-0.00949367088607595,0.00121193304779283,-0.0118690596597499,-0.00711828211240199
smooth,0,0.08,0.98,greedy_acceptance,bestFunctionalLineageDepth,100,4.96,0.0839913415450989,4.79537697057161,5.12462302942839,100,0.65,0.088048425610713,0.477425085803003,0.822574914196997
smooth,0,0.08,0.98,greedy_acceptance,bestStructuralLineageDepth,100,4.96,0.0839913415450989,4.79537697057161,5.12462302942839,100,0.65,0.088048425610713,0.477425085803003,0.822574914196997
smooth,0,0.08,0.98,greedy_acceptance,finalMeanComponentAccuracy,100,0.9641,0.00509304118012037,0.954117639286964,0.974082360713036,100,0.100733333333333,0.00821533700252737,0.0846312728083797,0.116835393858287
smooth,0,0.08,0.98,greedy_acceptance,finalExactTargetFraction,100,0.668,0.0449689255472146,0.579860905927459,0.75613909407254,100,0.493333333333333,0.0463820081995596,0.402424597262196,0.58424206940447
smooth,0,0.15,0.45,baseline,finalMean,100,0.2539,0.00612130554650843,0.241902241128843,0.265897758871157,NaN,NaN,NaN,NaN,NaN
smooth,0,0.15,0.45,baseline,lossRate,100,0.0121518987341772,0.00115090140902834,0.00989613197248166,0.0144076654958728,NaN,NaN,NaN,NaN,NaN
smooth,0,0.15,0.45,baseline,bestFunctionalLineageDepth,100,1.71,0.114851683012958,1.4848907012946,1.9351092987054,NaN,NaN,NaN,NaN,NaN
smooth,0,0.15,0.45,baseline,bestStructuralLineageDepth,100,1.71,0.114851683012958,1.4848907012946,1.9351092987054,NaN,NaN,NaN,NaN,NaN
smooth,0,0.15,0.45,baseline,finalMeanComponentAccuracy,100,0.2539,0.00612130554650843,0.241902241128843,0.265897758871157,NaN,NaN,NaN,NaN,NaN
smooth,0,0.15,0.45,baseline,finalExactTargetFraction,100,0,0,0,0,NaN,NaN,NaN,NaN,NaN
smooth,0,0.15,0.45,random_demonstrator,finalMean,100,0.2043,0.00641936866456721,0.191718037417448,0.216881962582552,100,-0.0496,0.00574744953927475,-0.0608650010969785,-0.0383349989030215
smooth,0,0.15,0.45,random_demonstrator,lossRate,100,0.0121518987341772,0.00113675160365118,0.00992386559102089,0.0143799318773335,100,6.93889390390723e-20,0.00124649611118312,-0.00244313237791891,0.00244313237791891
smooth,0,0.15,0.45,random_demonstrator,bestFunctionalLineageDepth,100,1.61,0.114499349387239,1.38558127520101,1.83441872479899,100,-0.1,0.121854359168989,-0.338834543971217,0.138834543971218
smooth,0,0.15,0.45,random_demonstrator,bestStructuralLineageDepth,100,1.61,0.114499349387239,1.38558127520101,1.83441872479899,100,-0.1,0.121854359168989,-0.338834543971217,0.138834543971218
smooth,0,0.15,0.45,random_demonstrator,finalMeanComponentAccuracy,100,0.2043,0.00641936866456721,0.191718037417448,0.216881962582552,100,-0.0496,0.00574744953927475,-0.0608650010969785,-0.0383349989030215
smooth,0,0.15,0.45,random_demonstrator,finalExactTargetFraction,100,0,0,0,0,100,0,0,0,0
smooth,0,0.15,0.45,random_copy_error,finalMean,100,0.5359,0.00364651794918931,0.528752824819589,0.543047175180411,100,0.282,0.0068388538101489,0.268595846532108,0.295404153467892
smooth,0,0.15,0.45,random_copy_error,lossRate,100,0.010126582278481,0.00107949729800309,0.00801076757439495,0.0122423969825671,100,-0.0020253164556962,0.00154476696171939,-0.00505305970066621,0.0010024267892738
smooth,0,0.15,0.45,random_copy_error,bestFunctionalLineageDepth,100,4.95,0.152669842497072,4.65076710870574,5.24923289129426,100,3.24,0.197007921698903,2.85386447347015,3.62613552652985
smooth,0,0.15,0.45,random_copy_error,bestStructuralLineageDepth,100,4.95,0.152669842497072,4.65076710870574,5.24923289129426,100,3.24,0.197007921698903,2.85386447347015,3.62613552652985
smooth,0,0.15,0.45,random_copy_error,finalMeanComponentAccuracy,100,0.5359,0.00364651794918931,0.528752824819589,0.543047175180411,100,0.282,0.0068388538101489,0.268595846532108,0.295404153467892
smooth,0,0.15,0.45,random_copy_error,finalExactTargetFraction,100,0.000333333333333333,0.000333333333333333,-0.00032,0.000986666666666667,100,0.000333333333333333,0.000333333333333333,-0.00032,0.000986666666666667
smooth,0,0.15,0.45,greedy_acceptance,finalMean,100,0.464166666666667,0.00405693901960014,0.45621506618825,0.472118267145083,100,0.210266666666667,0.00495630288336023,0.200552313015281,0.219981020318053
smooth,0,0.15,0.45,greedy_acceptance,lossRate,100,0,0,0,0,100,-0.0121518987341772,0.00115090140902834,-0.0144076654958728,-0.00989613197248166
smooth,0,0.15,0.45,greedy_acceptance,bestFunctionalLineageDepth,100,2.52,0.102966111910765,2.3181864206549,2.7218135793451,100,0.81,0.137580096046931,0.540343011748015,1.07965698825199
smooth,0,0.15,0.45,greedy_acceptance,bestStructuralLineageDepth,100,2.52,0.102966111910765,2.3181864206549,2.7218135793451,100,0.81,0.137580096046931,0.540343011748015,1.07965698825199
smooth,0,0.15,0.45,greedy_acceptance,finalMeanComponentAccuracy,100,0.464166666666667,0.00405693901960014,0.45621506618825,0.472118267145083,100,0.210266666666667,0.00495630288336023,0.200552313015281,0.219981020318053
smooth,0,0.15,0.45,greedy_acceptance,finalExactTargetFraction,100,0,0,0,0,100,0,0,0,0
smooth,0,0.15,0.65,baseline,finalMean,100,0.4313,0.0070835791203148,0.417416184924183,0.445183815075817,NaN,NaN,NaN,NaN,NaN
smooth,0,0.15,0.65,baseline,lossRate,100,0.0116455696202532,0.00110439836826563,0.00948094881845253,0.0138101904220538,NaN,NaN,NaN,NaN,NaN
smooth,0,0.15,0.65,baseline,bestFunctionalLineageDepth,100,2.89,0.117975344111309,2.65876832554183,3.12123167445817,NaN,NaN,NaN,NaN,NaN
smooth,0,0.15,0.65,baseline,bestStructuralLineageDepth,100,2.89,0.117975344111309,2.65876832554183,3.12123167445817,NaN,NaN,NaN,NaN,NaN
smooth,0,0.15,0.65,baseline,finalMeanComponentAccuracy,100,0.4313,0.0070835791203148,0.417416184924183,0.445183815075817,NaN,NaN,NaN,NaN,NaN
smooth,0,0.15,0.65,baseline,finalExactTargetFraction,100,0,0,0,0,NaN,NaN,NaN,NaN,NaN
smooth,0,0.15,0.65,random_demonstrator,finalMean,100,0.3528,0.00677466727764422,0.339521652135817,0.366078347864183,100,-0.0785,0.00671721158946167,-0.0916657347153448,-0.0653342652846551
smooth,0,0.15,0.65,random_demonstrator,lossRate,100,0.0124050632911392,0.00116571269569191,0.0101202664075831,0.0146898601746954,100,0.000759493670886076,0.00150335044846842,-0.00218707320811202,0.00370606054988417
smooth,0,0.15,0.65,random_demonstrator,bestFunctionalLineageDepth,100,2.24,0.11292260691073,2.01867169045497,2.46132830954503,100,-0.65,0.134370962471643,-0.913367086444419,-0.386632913555581
smooth,0,0.15,0.65,random_demonstrator,bestStructuralLineageDepth,100,2.24,0.11292260691073,2.01867169045497,2.46132830954503,100,-0.65,0.134370962471643,-0.913367086444419,-0.386632913555581
smooth,0,0.15,0.65,random_demonstrator,finalMeanComponentAccuracy,100,0.3528,0.00677466727764422,0.339521652135817,0.366078347864183,100,-0.0785,0.00671721158946167,-0.0916657347153448,-0.0653342652846551
smooth,0,0.15,0.65,random_demonstrator,finalExactTargetFraction,100,0,0,0,0,100,0,0,0,0
smooth,0,0.15,0.65,random_copy_error,finalMean,100,0.694466666666666,0.00444803390406057,0.685748520214708,0.703184813118625,100,0.263166666666667,0.00802568477836104,0.247436324501079,0.278897008832254
smooth,0,0.15,0.65,random_copy_error,lossRate,100,0.00911392405063291,0.00109557010222434,0.0069666066502732,0.0112612414509926,100,-0.00253164556962025,0.00157875839104386,-0.00562601201606621,0.000562720876825708
smooth,0,0.15,0.65,random_copy_error,bestFunctionalLineageDepth,100,5.62,0.156204993518133,5.31383821270446,5.92616178729554,100,2.73,0.176872378804149,2.38333013754387,3.07666986245613
smooth,0,0.15,0.65,random_copy_error,bestStructuralLineageDepth,100,5.62,0.156204993518133,5.31383821270446,5.92616178729554,100,2.73,0.176872378804149,2.38333013754387,3.07666986245613
smooth,0,0.15,0.65,random_copy_error,finalMeanComponentAccuracy,100,0.694466666666666,0.00444803390406057,0.685748520214708,0.703184813118625,100,0.263166666666667,0.00802568477836104,0.247436324501079,0.278897008832254
smooth,0,0.15,0.65,random_copy_error,finalExactTargetFraction,100,0.0113333333333333,0.00237929716395164,0.00666991089198812,0.0159967557746786,100,0.0113333333333333,0.00237929716395164,0.00666991089198812,0.0159967557746786
smooth,0,0.15,0.65,greedy_acceptance,finalMean,100,0.626733333333333,0.00545175349420864,0.616047896484684,0.637418770181982,100,0.195433333333333,0.0070875010515699,0.181541831272256,0.20932483539441
smooth,0,0.15,0.65,greedy_acceptance,lossRate,100,0,0,0,0,100,-0.0116455696202532,0.00110439836826563,-0.0138101904220538,-0.00948094881845253
smooth,0,0.15,0.65,greedy_acceptance,bestFunctionalLineageDepth,100,3.31,0.116076429018718,3.08249019912331,3.53750980087669,100,0.42,0.132710667288358,0.159887092114819,0.680112907885181
smooth,0,0.15,0.65,greedy_acceptance,bestStructuralLineageDepth,100,3.31,0.116076429018718,3.08249019912331,3.53750980087669,100,0.42,0.132710667288358,0.159887092114819,0.680112907885181
smooth,0,0.15,0.65,greedy_acceptance,finalMeanComponentAccuracy,100,0.626733333333333,0.00545175349420864,0.616047896484684,0.637418770181982,100,0.195433333333333,0.0070875010515699,0.181541831272256,0.20932483539441
smooth,0,0.15,0.65,greedy_acceptance,finalExactTargetFraction,100,0,0,0,0,100,0,0,0,0
smooth,0,0.15,0.8,baseline,finalMean,100,0.617666666666666,0.00727486640819023,0.603407928506614,0.631925404826719,NaN,NaN,NaN,NaN,NaN
smooth,0,0.15,0.8,baseline,lossRate,100,0.00924050632911392,0.00114998696226737,0.00698653188306988,0.011494480775158,NaN,NaN,NaN,NaN,NaN
smooth,0,0.15,0.8,baseline,bestFunctionalLineageDepth,100,3.56,0.122532205620161,3.31983687698448,3.80016312301552,NaN,NaN,NaN,NaN,NaN
smooth,0,0.15,0.8,baseline,bestStructuralLineageDepth,100,3.56,0.122532205620161,3.31983687698448,3.80016312301552,NaN,NaN,NaN,NaN,NaN
smooth,0,0.15,0.8,baseline,finalMeanComponentAccuracy,100,0.617666666666666,0.00727486640819023,0.603407928506614,0.631925404826719,NaN,NaN,NaN,NaN,NaN
smooth,0,0.15,0.8,baseline,finalExactTargetFraction,100,0,0,0,0,NaN,NaN,NaN,NaN,NaN
smooth,0,0.15,0.8,random_demonstrator,finalMean,100,0.5279,0.00769474509860043,0.512818299606743,0.542981700393257,100,-0.0897666666666667,0.00863660351725455,-0.106694409560486,-0.0728389237728477
smooth,0,0.15,0.8,random_demonstrator,lossRate,100,0.0121518987341772,0.00121918959879211,0.00976228712054468,0.0145415103478098,100,0.00291139240506329,0.0015874993778521,-0.000200106375526818,0.0060228911856534
smooth,0,0.15,0.8,random_demonstrator,bestFunctionalLineageDepth,100,3.26,0.119443152447793,3.02589142120233,3.49410857879767,100,-0.3,0.135214009195898,-0.565019458023959,-0.0349805419760407
smooth,0,0.15,0.8,random_demonstrator,bestStructuralLineageDepth,100,3.26,0.119443152447793,3.02589142120233,3.49410857879767,100,-0.3,0.135214009195898,-0.565019458023959,-0.0349805419760407
smooth,0,0.15,0.8,random_demonstrator,finalMeanComponentAccuracy,100,0.5279,0.00769474509860043,0.512818299606743,0.542981700393257,100,-0.0897666666666667,0.00863660351725455,-0.106694409560486,-0.0728389237728477
smooth,0,0.15,0.8,random_demonstrator,finalExactTargetFraction,100,0,0,0,0,100,0,0,0,0
smooth,0,0.15,0.8,random_copy_error,finalMean,100,0.840033333333333,0.0034490015471551,0.833273290300909,0.846793376365757,100,0.222366666666667,0.00782472053193711,0.20703021442407,0.237703118909264
smooth,0,0.15,0.8,random_copy_error,lossRate,100,0.00886075949367088,0.00113075588592126,0.00664447795726521,0.0110770410300766,100,-0.000379746835443039,0.00158341603399765,-0.00348324226207843,0.00272374859119235
smooth,0,0.15,0.8,random_copy_error,bestFunctionalLineageDepth,100,6.41,0.152484475116371,6.11113042877191,6.70886957122809,100,2.85,0.178305718620939,2.50052079150296,3.19947920849704
smooth,0,0.15,0.8,random_copy_error,bestStructuralLineageDepth,100,6.41,0.152484475116371,6.11113042877191,6.70886957122809,100,2.85,0.178305718620939,2.50052079150296,3.19947920849704
smooth,0,0.15,0.8,random_copy_error,finalMeanComponentAccuracy,100,0.840033333333333,0.0034490015471551,0.833273290300909,0.846793376365757,100,0.222366666666667,0.00782472053193711,0.20703021442407,0.237703118909264
smooth,0,0.15,0.8,random_copy_error,finalExactTargetFraction,100,0.146333333333333,0.0111503851352508,0.124478578468242,0.168188088198425,100,0.146333333333333,0.0111503851352508,0.124478578468242,0.168188088198425
smooth,0,0.15,0.8,greedy_acceptance,finalMean,100,0.7992,0.00562085262992348,0.78818312884535,0.81021687115465,100,0.181533333333333,0.00667884745798281,0.168442792315687,0.19462387435098
smooth,0,0.15,0.8,greedy_acceptance,lossRate,100,0,0,0,0,100,-0.00924050632911392,0.00114998696226737,-0.011494480775158,-0.00698653188306988
smooth,0,0.15,0.8,greedy_acceptance,bestFunctionalLineageDepth,100,4.39,0.0886429678969278,4.21625978292202,4.56374021707798,100,0.83,0.116389280633848,0.601877009957658,1.05812299004234
smooth,0,0.15,0.8,greedy_acceptance,bestStructuralLineageDepth,100,4.39,0.0886429678969278,4.21625978292202,4.56374021707798,100,0.83,0.116389280633848,0.601877009957658,1.05812299004234
smooth,0,0.15,0.8,greedy_acceptance,finalMeanComponentAccuracy,100,0.7992,0.00562085262992348,0.78818312884535,0.81021687115465,100,0.181533333333333,0.00667884745798281,0.168442792315687,0.19462387435098
smooth,0,0.15,0.8,greedy_acceptance,finalExactTargetFraction,100,0.005,0.00233909821755746,0.000415367493587388,0.00958463250641261,100,0.005,0.00233909821755746,0.000415367493587388,0.00958463250641261
smooth,0,0.15,0.92,baseline,finalMean,100,0.816033333333333,0.00743421504335774,0.801462271848352,0.830604394818314,NaN,NaN,NaN,NaN,NaN
smooth,0,0.15,0.92,baseline,lossRate,100,0.01,0.00122415765718322,0.00760065099192087,0.0123993490080791,NaN,NaN,NaN,NaN,NaN
smooth,0,0.15,0.92,baseline,bestFunctionalLineageDepth,100,4.41,0.107398060663791,4.19949980109897,4.62050019890103,NaN,NaN,NaN,NaN,NaN
smooth,0,0.15,0.92,baseline,bestStructuralLineageDepth,100,4.41,0.107398060663791,4.19949980109897,4.62050019890103,NaN,NaN,NaN,NaN,NaN
smooth,0,0.15,0.92,baseline,finalMeanComponentAccuracy,100,0.816033333333333,0.00743421504335774,0.801462271848352,0.830604394818314,NaN,NaN,NaN,NaN,NaN
smooth,0,0.15,0.92,baseline,finalExactTargetFraction,100,0.068,0.0162674062866572,0.0361158836781519,0.0998841163218481,NaN,NaN,NaN,NaN,NaN
smooth,0,0.15,0.92,random_demonstrator,finalMean,100,0.713466666666667,0.00698208706927043,0.699781776010897,0.727151557322437,100,-0.102566666666667,0.00812747139310815,-0.118496510597159,-0.0866368227361747
smooth,0,0.15,0.92,random_demonstrator,lossRate,100,0.0154430379746835,0.00147903824099799,0.0125441230223275,0.0183419529270396,100,0.00544303797468355,0.00181041670488818,0.00189462123310272,0.00899145471626438
smooth,0,0.15,0.92,random_demonstrator,bestFunctionalLineageDepth,100,3.92,0.107946863097198,3.70842414832949,4.13157585167051,100,-0.49,0.110549591230416,-0.706677198811616,-0.273322801188384
smooth,0,0.15,0.92,random_demonstrator,bestStructuralLineageDepth,100,3.92,0.107946863097198,3.70842414832949,4.13157585167051,100,-0.49,0.110549591230416,-0.706677198811616,-0.273322801188384
smooth,0,0.15,0.92,random_demonstrator,finalMeanComponentAccuracy,100,0.713466666666667,0.00698208706927043,0.699781776010897,0.727151557322437,100,-0.102566666666667,0.00812747139310815,-0.118496510597159,-0.0866368227361747
smooth,0,0.15,0.92,random_demonstrator,finalExactTargetFraction,100,0.00566666666666667,0.00402168644235581,-0.00221583876035073,0.0135491720936841,100,-0.0623333333333333,0.0151657878903292,-0.0920582775983785,-0.0326083890682881
smooth,0,0.15,0.92,random_copy_error,finalMean,100,0.944866666666666,0.00157378923943008,0.941782039757383,0.947951293575949,100,0.128833333333333,0.00751748802876507,0.114099056796954,0.143567609869713
smooth,0,0.15,0.92,random_copy_error,lossRate,100,0.00443037974683544,0.000831808532497178,0.00280003502314098,0.00606072447052991,100,-0.00556962025316456,0.00135021097046413,-0.00821603375527426,-0.00292320675105485
smooth,0,0.15,0.92,random_copy_error,bestFunctionalLineageDepth,100,5.53,0.108669641156539,5.31700750333318,5.74299249666682,100,1.12,0.115714731084244,0.893199127074881,1.34680087292512
smooth,0,0.15,0.92,random_copy_error,bestStructuralLineageDepth,100,5.53,0.108669641156539,5.31700750333318,5.74299249666682,100,1.12,0.115714731084244,0.893199127074881,1.34680087292512
smooth,0,0.15,0.92,random_copy_error,finalMeanComponentAccuracy,100,0.944866666666666,0.00157378923943008,0.941782039757383,0.947951293575949,100,0.128833333333333,0.00751748802876507,0.114099056796954,0.143567609869713
smooth,0,0.15,0.92,random_copy_error,finalExactTargetFraction,100,0.557,0.0119604191977105,0.533557578372488,0.580442421627513,100,0.489,0.0195634453780956,0.450655647058933,0.527344352941067
smooth,0,0.15,0.92,greedy_acceptance,finalMean,100,0.961866666666667,0.00438119642961627,0.953279521664619,0.970453811668715,100,0.145833333333333,0.00718699645676723,0.131746820278069,0.159919846388597
smooth,0,0.15,0.92,greedy_acceptance,lossRate,100,0,0,0,0,100,-0.01,0.00122415765718322,-0.0123993490080791,-0.00760065099192087
smooth,0,0.15,0.92,greedy_acceptance,bestFunctionalLineageDepth,100,5.19,0.100196776092816,4.99361431885808,5.38638568114192,100,0.78,0.104039619492972,0.576082345793775,0.983917654206225
smooth,0,0.15,0.92,greedy_acceptance,bestStructuralLineageDepth,100,5.19,0.100196776092816,4.99361431885808,5.38638568114192,100,0.78,0.104039619492972,0.576082345793775,0.983917654206225
smooth,0,0.15,0.92,greedy_acceptance,finalMeanComponentAccuracy,100,0.961866666666667,0.00438119642961627,0.953279521664619,0.970453811668715,100,0.145833333333333,0.00718699645676723,0.131746820278069,0.159919846388597
smooth,0,0.15,0.92,greedy_acceptance,finalExactTargetFraction,100,0.620333333333333,0.0436131730838539,0.53485151408898,0.705815152577687,100,0.552333333333333,0.0419589211755704,0.470093847829215,0.634572818837451
smooth,0,0.15,0.98,baseline,finalMean,100,0.939266666666666,0.00557845382035325,0.928332897178774,0.950200436154559,NaN,NaN,NaN,NaN,NaN
smooth,0,0.15,0.98,baseline,lossRate,100,0.00873417721518987,0.00117559794487772,0.00643000524322953,0.0110383491871502,NaN,NaN,NaN,NaN,NaN
smooth,0,0.15,0.98,baseline,bestFunctionalLineageDepth,100,5.25,0.0845367650579595,5.0843079404864,5.4156920595136,NaN,NaN,NaN,NaN,NaN
smooth,0,0.15,0.98,baseline,bestStructuralLineageDepth,100,5.25,0.0845367650579595,5.0843079404864,5.4156920595136,NaN,NaN,NaN,NaN,NaN
smooth,0,0.15,0.98,baseline,finalMeanComponentAccuracy,100,0.939266666666666,0.00557845382035325,0.928332897178774,0.950200436154559,NaN,NaN,NaN,NaN,NaN
smooth,0,0.15,0.98,baseline,finalExactTargetFraction,100,0.523666666666667,0.0360673238798202,0.452974711862219,0.594358621471114,NaN,NaN,NaN,NaN,NaN
smooth,0,0.15,0.98,random_demonstrator,finalMean,100,0.8653,0.00822851179041951,0.849172116890778,0.881427883109222,100,-0.0739666666666667,0.0070868739418107,-0.0878569395926156,-0.0600763937407177
smooth,0,0.15,0.98,random_demonstrator,lossRate,100,0.0135443037974684,0.00148640632521591,0.0106309474000452,0.0164576601948915,100,0.00481012658227848,0.00169522707334801,0.00148748151851637,0.00813277164604059
smooth,0,0.15,0.98,random_demonstrator,bestFunctionalLineageDepth,100,4.87,0.0917341349506906,4.69020109549665,5.04979890450335,100,-0.38,0.0907655432330124,-0.557900464736704,-0.202099535263296
smooth,0,0.15,0.98,random_demonstrator,bestStructuralLineageDepth,100,4.87,0.0917341349506906,4.69020109549665,5.04979890450335,100,-0.38,0.0907655432330124,-0.557900464736704,-0.202099535263296
smooth,0,0.15,0.98,random_demonstrator,finalMeanComponentAccuracy,100,0.8653,0.00822851179041951,0.849172116890778,0.881427883109222,100,-0.0739666666666667,0.0070868739418107,-0.0878569395926156,-0.0600763937407177
smooth,0,0.15,0.98,random_demonstrator,finalExactTargetFraction,100,0.179666666666667,0.0300724713875254,0.120724622747117,0.238608710586216,100,-0.344,0.0373231106735214,-0.417153296920102,-0.270846703079898
smooth,0,0.15,0.98,random_copy_error,finalMean,100,0.971533333333333,0.0023576986629783,0.966912243953896,0.976154422712771,100,0.0322666666666667,0.00538899406332855,0.0217042383025427,0.0428290950307907
smooth,0,0.15,0.98,random_copy_error,lossRate,100,0.00607594936708861,0.000993293950725862,0.00412909322366592,0.0080228055105113,100,-0.00265822784810127,0.00137368122518981,-0.00535064304947329,3.41873532707601e-05
smooth,0,0.15,0.98,random_copy_error,bestFunctionalLineageDepth,100,5.51,0.0893240610294218,5.33492484038233,5.68507515961767,100,0.26,0.0733333333333333,0.116266666666667,0.403733333333333
smooth,0,0.15,0.98,random_copy_error,bestStructuralLineageDepth,100,5.51,0.0893240610294218,5.33492484038233,5.68507515961767,100,0.26,0.0733333333333333,0.116266666666667,0.403733333333333
smooth,0,0.15,0.98,random_copy_error,finalMeanComponentAccuracy,100,0.971533333333333,0.0023576986629783,0.966912243953896,0.976154422712771,100,0.0322666666666667,0.00538899406332855,0.0217042383025427,0.0428290950307907
smooth,0,0.15,0.98,random_copy_error,finalExactTargetFraction,100,0.748333333333333,0.0180619646744543,0.712931882571403,0.783734784095263,100,0.224666666666667,0.0365413223342411,0.153045674891554,0.296287658441779
smooth,0,0.15,0.98,greedy_acceptance,finalMean,100,0.9981,0.00109611598753824,0.995951612664425,1.00024838733558,100,0.0588333333333335,0.0053732460662471,0.0483017710434891,0.0693648956231778
smooth,0,0.15,0.98,greedy_acceptance,lossRate,100,0,0,0,0,100,-0.00873417721518987,0.00117559794487772,-0.0110383491871502,-0.00643000524322953
smooth,0,0.15,0.98,greedy_acceptance,bestFunctionalLineageDepth,100,5.45,0.0891882585015844,5.27519101333689,5.62480898666311,100,0.2,0.0710669054518701,0.0607088653143346,0.339291134685665
smooth,0,0.15,0.98,greedy_acceptance,bestStructuralLineageDepth,100,5.45,0.0891882585015844,5.27519101333689,5.62480898666311,100,0.2,0.0710669054518701,0.0607088653143346,0.339291134685665
smooth,0,0.15,0.98,greedy_acceptance,finalMeanComponentAccuracy,100,0.9981,0.00109611598753824,0.995951612664425,1.00024838733558,100,0.0588333333333335,0.0053732460662471,0.0483017710434891,0.0693648956231778
smooth,0,0.15,0.98,greedy_acceptance,finalExactTargetFraction,100,0.981,0.0109611598753824,0.95951612664425,1.00248387335575,100,0.457333333333333,0.0356409328480063,0.387477104951241,0.527189561715426
smooth,0.6,0,0.45,baseline,finalMean,100,0.4151,0.00739269743115745,0.400610313034932,0.429589686965069,NaN,NaN,NaN,NaN,NaN
smooth,0.6,0,0.45,baseline,lossRate,100,0.000886075949367089,0.000324597974653472,0.000249863919046284,0.00152228797968789,NaN,NaN,NaN,NaN,NaN
smooth,0.6,0,0.45,baseline,bestFunctionalLineageDepth,100,0,0,0,0,NaN,NaN,NaN,NaN,NaN
smooth,0.6,0,0.45,baseline,bestStructuralLineageDepth,100,0,0,0,0,NaN,NaN,NaN,NaN,NaN
smooth,0.6,0,0.45,baseline,finalMeanComponentAccuracy,100,0.4151,0.00739269743115745,0.400610313034932,0.429589686965069,NaN,NaN,NaN,NaN,NaN
smooth,0.6,0,0.45,baseline,finalExactTargetFraction,100,0,0,0,0,NaN,NaN,NaN,NaN,NaN
smooth,0.6,0,0.45,random_demonstrator,finalMean,100,0.378133333333334,0.00699997113991165,0.364413389899107,0.39185327676756,100,-0.0369666666666667,0.00419852333615819,-0.0451957724055367,-0.0287375609277966
smooth,0.6,0,0.45,random_demonstrator,lossRate,100,0.00316455696202532,0.000579514573446035,0.00202870839807109,0.00430040552597955,100,0.00227848101265823,0.000520825594859798,0.00125766284673302,0.00329929917858343
smooth,0.6,0,0.45,random_demonstrator,bestFunctionalLineageDepth,100,0,0,0,0,100,0,0,0,0
smooth,0.6,0,0.45,random_demonstrator,bestStructuralLineageDepth,100,0,0,0,0,100,0,0,0,0
smooth,0.6,0,0.45,random_demonstrator,finalMeanComponentAccuracy,100,0.378133333333334,0.00699997113991165,0.364413389899107,0.39185327676756,100,-0.0369666666666667,0.00419852333615819,-0.0451957724055367,-0.0287375609277966
smooth,0.6,0,0.45,random_demonstrator,finalExactTargetFraction,100,0,0,0,0,100,0,0,0,0
smooth,0.6,0,0.45,random_copy_error,finalMean,100,0.8319,0.00424984452082408,0.823570304739185,0.840229695260815,100,0.4168,0.00796864224691128,0.401181461196054,0.432418538803946
smooth,0.6,0,0.45,random_copy_error,lossRate,100,0.00772151898734177,0.000983715666888638,0.00579343628024004,0.0096496016944435,100,0.00683544303797468,0.00102441708871649,0.00482758554409036,0.00884330053185901
smooth,0.6,0,0.45,random_copy_error,bestFunctionalLineageDepth,100,6.12,0.132786758497688,5.85973795334453,6.38026204665547,100,6.12,0.132786758497688,5.85973795334453,6.38026204665547
smooth,0.6,0,0.45,random_copy_error,bestStructuralLineageDepth,100,6.12,0.132786758497688,5.85973795334453,6.38026204665547,100,6.12,0.132786758497688,5.85973795334453,6.38026204665547
smooth,0.6,0,0.45,random_copy_error,finalMeanComponentAccuracy,100,0.8319,0.00424984452082408,0.823570304739185,0.840229695260815,100,0.4168,0.00796864224691128,0.401181461196054,0.432418538803946
smooth,0.6,0,0.45,random_copy_error,finalExactTargetFraction,100,0.136333333333333,0.0117215639625604,0.113359067966715,0.159307598699952,100,0.136333333333333,0.0117215639625604,0.113359067966715,0.159307598699952
smooth,0.6,0,0.45,greedy_acceptance,finalMean,100,0.49,0.00822658906696861,0.473875885428741,0.506124114571258,100,0.0749,0.00332607121382215,0.0683809004209085,0.0814190995790914
smooth,0.6,0,0.45,greedy_acceptance,lossRate,100,0,0,0,0,100,-0.000886075949367089,0.000324597974653472,-0.00152228797968789,-0.000249863919046284
smooth,0.6,0,0.45,greedy_acceptance,bestFunctionalLineageDepth,100,0,0,0,0,100,0,0,0,0
smooth,0.6,0,0.45,greedy_acceptance,bestStructuralLineageDepth,100,0,0,0,0,100,0,0,0,0
smooth,0.6,0,0.45,greedy_acceptance,finalMeanComponentAccuracy,100,0.49,0.00822658906696861,0.473875885428741,0.506124114571258,100,0.0749,0.00332607121382215,0.0683809004209085,0.0814190995790914
smooth,0.6,0,0.45,greedy_acceptance,finalExactTargetFraction,100,0,0,0,0,100,0,0,0,0
smooth,0.6,0,0.65,baseline,finalMean,100,0.452933333333333,0.00808363687860762,0.437089405051262,0.468777261615404,NaN,NaN,NaN,NaN,NaN
smooth,0.6,0,0.65,baseline,lossRate,100,0.000126582278481013,0.000126582278481013,-0.000121518987341772,0.000374683544303797,NaN,NaN,NaN,NaN,NaN
smooth,0.6,0,0.65,baseline,bestFunctionalLineageDepth,100,0,0,0,0,NaN,NaN,NaN,NaN,NaN
smooth,0.6,0,0.65,baseline,bestStructuralLineageDepth,100,0,0,0,0,NaN,NaN,NaN,NaN,NaN
smooth,0.6,0,0.65,baseline,finalMeanComponentAccuracy,100,0.452933333333333,0.00808363687860762,0.437089405051262,0.468777261615404,NaN,NaN,NaN,NaN,NaN
smooth,0.6,0,0.65,baseline,finalExactTargetFraction,100,0,0,0,0,NaN,NaN,NaN,NaN,NaN
smooth,0.6,0,0.65,random_demonstrator,finalMean,100,0.434633333333333,0.0085934351003422,0.417790200536662,0.451476466130004,100,-0.0183,0.003252382360874,-0.024674669427313,-0.0119253305726869
smooth,0.6,0,0.65,random_demonstrator,lossRate,100,0.00126582278481013,0.00038165992984527,0.000517769322313397,0.00201387624730686,100,0.00113924050632911,0.000406108802865599,0.000343267252712539,0.00193521375994569
smooth,0.6,0,0.65,random_demonstrator,bestFunctionalLineageDepth,100,0,0,0,0,100,0,0,0,0
smooth,0.6,0,0.65,random_demonstrator,bestStructuralLineageDepth,100,0,0,0,0,100,0,0,0,0
smooth,0.6,0,0.65,random_demonstrator,finalMeanComponentAccuracy,100,0.434633333333333,0.0085934351003422,0.417790200536662,0.451476466130004,100,-0.0183,0.003252382360874,-0.024674669427313,-0.0119253305726869
smooth,0.6,0,0.65,random_demonstrator,finalExactTargetFraction,100,0,0,0,0,100,0,0,0,0
smooth,0.6,0,0.65,random_copy_error,finalMean,100,0.914866666666666,0.00296459466855446,0.9090560611163,0.920677272217033,100,0.461933333333333,0.00858000965364058,0.445116514412198,0.478750152254469
smooth,0.6,0,0.65,random_copy_error,lossRate,100,0.0059493670886076,0.000833363679510392,0.00431597427676723,0.00758275990044796,100,0.00582278481012658,0.000851899009657536,0.00415306275119781,0.00749250686905535
smooth,0.6,0,0.65,random_copy_error,bestFunctionalLineageDepth,100,5.69,0.128468052075372,5.43820261793227,5.94179738206773,100,5.69,0.128468052075372,5.43820261793227,5.94179738206773
smooth,0.6,0,0.65,random_copy_error,bestStructuralLineageDepth,100,5.69,0.128468052075372,5.43820261793227,5.94179738206773,100,5.69,0.128468052075372,5.43820261793227,5.94179738206773
smooth,0.6,0,0.65,random_copy_error,finalMeanComponentAccuracy,100,0.914866666666666,0.00296459466855446,0.9090560611163,0.920677272217033,100,0.461933333333333,0.00858000965364058,0.445116514412198,0.478750152254469
smooth,0.6,0,0.65,random_copy_error,finalExactTargetFraction,100,0.402,0.0167091713896812,0.369250024076225,0.434749975923775,100,0.402,0.0167091713896812,0.369250024076225,0.434749975923775
smooth,0.6,0,0.65,greedy_acceptance,finalMean,100,0.492,0.00872474710929847,0.474899495665775,0.509100504334225,100,0.0390666666666666,0.00173566277039212,0.0356647676366981,0.0424685656966352
smooth,0.6,0,0.65,greedy_acceptance,lossRate,100,0,0,0,0,100,-0.000126582278481013,0.000126582278481013,-0.000374683544303797,0.000121518987341772
smooth,0.6,0,0.65,greedy_acceptance,bestFunctionalLineageDepth,100,0,0,0,0,100,0,0,0,0
smooth,0.6,0,0.65,greedy_acceptance,bestStructuralLineageDepth,100,0,0,0,0,100,0,0,0,0
smooth,0.6,0,0.65,greedy_acceptance,finalMeanComponentAccuracy,100,0.492,0.00872474710929847,0.474899495665775,0.509100504334225,100,0.0390666666666666,0.00173566277039212,0.0356647676366981,0.0424685656966352
smooth,0.6,0,0.65,greedy_acceptance,finalExactTargetFraction,100,0,0,0,0,100,0,0,0,0
smooth,0.6,0,0.8,baseline,finalMean,100,0.4418,0.00776859775706729,0.426573548396148,0.457026451603852,NaN,NaN,NaN,NaN,NaN
smooth,0.6,0,0.8,baseline,lossRate,100,0.000506329113924051,0.000249299222236624,1.77026383402685e-05,0.000994955589507833,NaN,NaN,NaN,NaN,NaN
smooth,0.6,0,0.8,baseline,bestFunctionalLineageDepth,100,0,0,0,0,NaN,NaN,NaN,NaN,NaN
smooth,0.6,0,0.8,baseline,bestStructuralLineageDepth,100,0,0,0,0,NaN,NaN,NaN,NaN,NaN
smooth,0.6,0,0.8,baseline,finalMeanComponentAccuracy,100,0.4418,0.00776859775706729,0.426573548396148,0.457026451603852,NaN,NaN,NaN,NaN,NaN
smooth,0.6,0,0.8,baseline,finalExactTargetFraction,100,0,0,0,0,NaN,NaN,NaN,NaN,NaN
smooth,0.6,0,0.8,random_demonstrator,finalMean,100,0.437333333333333,0.00744919191302833,0.422732917183798,0.451933749482869,100,-0.00446666666666666,0.00281020267191515,-0.00997466390362035,0.00104133057028704
smooth,0.6,0,0.8,random_demonstrator,lossRate,100,0.000632911392405063,0.000277269510832393,8.94631511735737e-05,0.00117635963363655,100,0.000126582278481013,0.000219983904241498,-0.000304586173832324,0.00055775073079435
smooth,0.6,0,0.8,random_demonstrator,bestFunctionalLineageDepth,100,0,0,0,0,100,0,0,0,0
smooth,0.6,0,0.8,random_demonstrator,bestStructuralLineageDepth,100,0,0,0,0,100,0,0,0,0
smooth,0.6,0,0.8,random_demonstrator,finalMeanComponentAccuracy,100,0.437333333333333,0.00744919191302833,0.422732917183798,0.451933749482869,100,-0.00446666666666666,0.00281020267191515,-0.00997466390362035,0.00104133057028704
smooth,0.6,0,0.8,random_demonstrator,finalExactTargetFraction,100,0,0,0,0,100,0,0,0,0
smooth,0.6,0,0.8,random_copy_error,finalMean,100,0.954933333333333,0.00185893057848401,0.951289829399505,0.958576837267162,100,0.513133333333333,0.00784270447409651,0.497761632564104,0.528505034102562
smooth,0.6,0,0.8,random_copy_error,lossRate,100,0.00620253164556962,0.00102560134068841,0.00419235301782034,0.0082127102733189,100,0.00569620253164557,0.00102370587994496,0.00368973900695346,0.00770266605633769
smooth,0.6,0,0.8,random_copy_error,bestFunctionalLineageDepth,100,5.76,0.10552418459933,5.55317259818531,5.96682740181469,100,5.76,0.10552418459933,5.55317259818531,5.96682740181469
smooth,0.6,0,0.8,random_copy_error,bestStructuralLineageDepth,100,5.76,0.10552418459933,5.55317259818531,5.96682740181469,100,5.76,0.10552418459933,5.55317259818531,5.96682740181469
smooth,0.6,0,0.8,random_copy_error,finalMeanComponentAccuracy,100,0.954933333333333,0.00185893057848401,0.951289829399505,0.958576837267162,100,0.513133333333333,0.00784270447409651,0.497761632564104,0.528505034102562
smooth,0.6,0,0.8,random_copy_error,finalExactTargetFraction,100,0.628666666666667,0.0139102462054038,0.601402584104075,0.655930749229258,100,0.628666666666667,0.0139102462054038,0.601402584104075,0.655930749229258
smooth,0.6,0,0.8,greedy_acceptance,finalMean,100,0.468,0.00763828739597001,0.453028956703899,0.482971043296101,100,0.0262,0.00258634070631815,0.0211307722156164,0.0312692277843835
smooth,0.6,0,0.8,greedy_acceptance,lossRate,100,0,0,0,0,100,-0.000506329113924051,0.000249299222236624,-0.000994955589507833,-1.77026383402685e-05
smooth,0.6,0,0.8,greedy_acceptance,bestFunctionalLineageDepth,100,0,0,0,0,100,0,0,0,0
smooth,0.6,0,0.8,greedy_acceptance,bestStructuralLineageDepth,100,0,0,0,0,100,0,0,0,0
smooth,0.6,0,0.8,greedy_acceptance,finalMeanComponentAccuracy,100,0.468,0.00763828739597001,0.453028956703899,0.482971043296101,100,0.0262,0.00258634070631815,0.0211307722156164,0.0312692277843835
smooth,0.6,0,0.8,greedy_acceptance,finalExactTargetFraction,100,0,0,0,0,100,0,0,0,0
smooth,0.6,0,0.92,baseline,finalMean,100,0.456733333333333,0.00846461970536499,0.440142678710818,0.473323987955849,NaN,NaN,NaN,NaN,NaN
smooth,0.6,0,0.92,baseline,lossRate,100,0.000126582278481013,0.000126582278481013,-0.000121518987341772,0.000374683544303797,NaN,NaN,NaN,NaN,NaN
smooth,0.6,0,0.92,baseline,bestFunctionalLineageDepth,100,0,0,0,0,NaN,NaN,NaN,NaN,NaN
smooth,0.6,0,0.92,baseline,bestStructuralLineageDepth,100,0,0,0,0,NaN,NaN,NaN,NaN,NaN
smooth,0.6,0,0.92,baseline,finalMeanComponentAccuracy,100,0.456733333333333,0.00846461970536499,0.440142678710818,0.473323987955849,NaN,NaN,NaN,NaN,NaN
smooth,0.6,0,0.92,baseline,finalExactTargetFraction,100,0,0,0,0,NaN,NaN,NaN,NaN,NaN
smooth,0.6,0,0.92,random_demonstrator,finalMean,100,0.448666666666667,0.00911505211637185,0.430801164518578,0.466532168814756,100,-0.00806666666666667,0.00263115240207841,-0.0132237253747404,-0.00290960795859299
smooth,0.6,0,0.92,random_demonstrator,lossRate,100,0.000886075949367089,0.000324597974653472,0.000249863919046284,0.00152228797968789,100,0.000759493670886076,0.000351643011472677,7.027336839963e-05,0.00144871397337252
smooth,0.6,0,0.92,random_demonstrator,bestFunctionalLineageDepth,100,0,0,0,0,100,0,0,0,0
smooth,0.6,0,0.92,random_demonstrator,bestStructuralLineageDepth,100,0,0,0,0,100,0,0,0,0
smooth,0.6,0,0.92,random_demonstrator,finalMeanComponentAccuracy,100,0.448666666666667,0.00911505211637185,0.430801164518578,0.466532168814756,100,-0.00806666666666667,0.00263115240207841,-0.0132237253747404,-0.00290960795859299
smooth,0.6,0,0.92,random_demonstrator,finalExactTargetFraction,100,0,0,0,0,100,0,0,0,0
smooth,0.6,0,0.92,random_copy_error,finalMean,100,0.975266666666667,0.00278813422925783,0.969801923577321,0.980731409756012,100,0.518533333333333,0.00867356886509028,0.501533138357756,0.53553352830891
smooth,0.6,0,0.92,random_copy_error,lossRate,100,0.00658227848101266,0.000925825843746564,0.00476765982726939,0.00839689713475593,100,0.00645569620253165,0.000943402822511372,0.00460662667040936,0.00830476573465394
smooth,0.6,0,0.92,random_copy_error,bestFunctionalLineageDepth,100,5.34,0.0945163125250522,5.1547480274509,5.5252519725491,100,5.34,0.0945163125250522,5.1547480274509,5.5252519725491
smooth,0.6,0,0.92,random_copy_error,bestStructuralLineageDepth,100,5.34,0.0945163125250522,5.1547480274509,5.5252519725491,100,5.34,0.0945163125250522,5.1547480274509,5.5252519725491
smooth,0.6,0,0.92,random_copy_error,finalMeanComponentAccuracy,100,0.975266666666667,0.00278813422925783,0.969801923577321,0.980731409756012,100,0.518533333333333,0.00867356886509028,0.501533138357756,0.53553352830891
smooth,0.6,0,0.92,random_copy_error,finalExactTargetFraction,100,0.776333333333333,0.023566868828873,0.730142270428742,0.822524396237924,100,0.776333333333333,0.023566868828873,0.730142270428742,0.822524396237924
smooth,0.6,0,0.92,greedy_acceptance,finalMean,100,0.467,0.00841535393303108,0.450505906291259,0.483494093708741,100,0.0102666666666667,0.00175980817238456,0.00681744264879294,0.0137158906845404
smooth,0.6,0,0.92,greedy_acceptance,lossRate,100,0,0,0,0,100,-0.000126582278481013,0.000126582278481013,-0.000374683544303797,0.000121518987341772
smooth,0.6,0,0.92,greedy_acceptance,bestFunctionalLineageDepth,100,0,0,0,0,100,0,0,0,0
smooth,0.6,0,0.92,greedy_acceptance,bestStructuralLineageDepth,100,0,0,0,0,100,0,0,0,0
smooth,0.6,0,0.92,greedy_acceptance,finalMeanComponentAccuracy,100,0.467,0.00841535393303108,0.450505906291259,0.483494093708741,100,0.0102666666666667,0.00175980817238456,0.00681744264879294,0.0137158906845404
smooth,0.6,0,0.92,greedy_acceptance,finalExactTargetFraction,100,0,0,0,0,100,0,0,0,0
smooth,0.6,0,0.98,baseline,finalMean,100,0.485933333333333,0.00720247182909684,0.471816488548303,0.500050178118363,NaN,NaN,NaN,NaN,NaN
smooth,0.6,0,0.98,baseline,lossRate,100,0,0,0,0,NaN,NaN,NaN,NaN,NaN
smooth,0.6,0,0.98,baseline,bestFunctionalLineageDepth,100,0,0,0,0,NaN,NaN,NaN,NaN,NaN
smooth,0.6,0,0.98,baseline,bestStructuralLineageDepth,100,0,0,0,0,NaN,NaN,NaN,NaN,NaN
smooth,0.6,0,0.98,baseline,finalMeanComponentAccuracy,100,0.485933333333333,0.00720247182909684,0.471816488548303,0.500050178118363,NaN,NaN,NaN,NaN,NaN
smooth,0.6,0,0.98,baseline,finalExactTargetFraction,100,0,0,0,0,NaN,NaN,NaN,NaN,NaN
smooth,0.6,0,0.98,random_demonstrator,finalMean,100,0.481533333333333,0.00756304144902008,0.466709772093254,0.496356894573413,100,-0.0044,0.00241528986672238,-0.00913396813877586,0.000333968138775866
smooth,0.6,0,0.98,random_demonstrator,lossRate,100,0.000632911392405063,0.000277269510832393,8.94631511735737e-05,0.00117635963363655,100,0.000632911392405063,0.000277269510832393,8.94631511735737e-05,0.00117635963363655
smooth,0.6,0,0.98,random_demonstrator,bestFunctionalLineageDepth,100,0,0,0,0,100,0,0,0,0
smooth,0.6,0,0.98,random_demonstrator,bestStructuralLineageDepth,100,0,0,0,0,100,0,0,0,0
smooth,0.6,0,0.98,random_demonstrator,finalMeanComponentAccuracy,100,0.481533333333333,0.00756304144902008,0.466709772093254,0.496356894573413,100,-0.0044,0.00241528986672238,-0.00913396813877586,0.000333968138775866
smooth,0.6,0,0.98,random_demonstrator,finalExactTargetFraction,100,0,0,0,0,100,0,0,0,0
smooth,0.6,0,0.98,random_copy_error,finalMean,100,0.868433333333334,0.00804329683761312,0.852668471531612,0.884198195135055,100,0.3825,0.00900322613334135,0.364853676778651,0.400146323221349
smooth,0.6,0,0.98,random_copy_error,lossRate,100,0.00721518987341772,0.000939276382512864,0.00537420816369251,0.00905617158314293,100,0.00721518987341772,0.000939276382512864,0.00537420816369251,0.00905617158314293
smooth,0.6,0,0.98,random_copy_error,bestFunctionalLineageDepth,100,4.13,0.0917341349506906,3.95020109549665,4.30979890450335,100,4.13,0.0917341349506906,3.95020109549665,4.30979890450335
smooth,0.6,0,0.98,random_copy_error,bestStructuralLineageDepth,100,4.13,0.0917341349506906,3.95020109549665,4.30979890450335,100,4.13,0.0917341349506906,3.95020109549665,4.30979890450335
smooth,0.6,0,0.98,random_copy_error,finalMeanComponentAccuracy,100,0.868433333333334,0.00804329683761312,0.852668471531612,0.884198195135055,100,0.3825,0.00900322613334135,0.364853676778651,0.400146323221349
smooth,0.6,0,0.98,random_copy_error,finalExactTargetFraction,100,0.164333333333333,0.0347485920069382,0.0962260929997345,0.232440573666932,100,0.164333333333333,0.0347485920069382,0.0962260929997345,0.232440573666932
smooth,0.6,0,0.98,greedy_acceptance,finalMean,100,0.489,0.00723278171336113,0.474823747841812,0.503176252158188,100,0.00306666666666666,0.00102568583170713,0.00105632243652068,0.00507701089681264
smooth,0.6,0,0.98,greedy_acceptance,lossRate,100,0,0,0,0,100,0,0,0,0
smooth,0.6,0,0.98,greedy_acceptance,bestFunctionalLineageDepth,100,0,0,0,0,100,0,0,0,0
smooth,0.6,0,0.98,greedy_acceptance,bestStructuralLineageDepth,100,0,0,0,0,100,0,0,0,0
smooth,0.6,0,0.98,greedy_acceptance,finalMeanComponentAccuracy,100,0.489,0.00723278171336113,0.474823747841812,0.503176252158188,100,0.00306666666666666,0.00102568583170713,0.00105632243652068,0.00507701089681264
smooth,0.6,0,0.98,greedy_acceptance,finalExactTargetFraction,100,0,0,0,0,100,0,0,0,0
smooth,0.6,0.03,0.45,baseline,finalMean,100,0.4838,0.00775045996245575,0.468609098473587,0.498990901526413,NaN,NaN,NaN,NaN,NaN
smooth,0.6,0.03,0.45,baseline,lossRate,100,0.00405063291139241,0.000781756145936754,0.00251839086535637,0.00558287495742845,NaN,NaN,NaN,NaN,NaN
smooth,0.6,0.03,0.45,baseline,bestFunctionalLineageDepth,100,1.37,0.0960376609629385,1.18176618451264,1.55823381548736,NaN,NaN,NaN,NaN,NaN
smooth,0.6,0.03,0.45,baseline,bestStructuralLineageDepth,100,1.37,0.0960376609629385,1.18176618451264,1.55823381548736,NaN,NaN,NaN,NaN,NaN
smooth,0.6,0.03,0.45,baseline,finalMeanComponentAccuracy,100,0.4838,0.00775045996245575,0.468609098473587,0.498990901526413,NaN,NaN,NaN,NaN,NaN
smooth,0.6,0.03,0.45,baseline,finalExactTargetFraction,100,0,0,0,0,NaN,NaN,NaN,NaN,NaN
smooth,0.6,0.03,0.45,random_demonstrator,finalMean,100,0.413866666666667,0.00750932379667285,0.399148392025188,0.428584941308146,100,-0.0699333333333333,0.00706026328267232,-0.083771449367371,-0.0560952172992955
smooth,0.6,0.03,0.45,random_demonstrator,lossRate,100,0.00708860759493671,0.000849997022445081,0.00542261343094435,0.00875460175892907,100,0.00303797468354431,0.000970880983171853,0.00113504795652747,0.00494090141056114
smooth,0.6,0.03,0.45,random_demonstrator,bestFunctionalLineageDepth,100,1.07,0.0755518418576331,0.921918389959039,1.21808161004096,100,-0.3,0.0926599081904282,-0.481613420053239,-0.118386579946761
smooth,0.6,0.03,0.45,random_demonstrator,bestStructuralLineageDepth,100,1.07,0.0755518418576331,0.921918389959039,1.21808161004096,100,-0.3,0.0926599081904282,-0.481613420053239,-0.118386579946761
smooth,0.6,0.03,0.45,random_demonstrator,finalMeanComponentAccuracy,100,0.413866666666667,0.00750932379667285,0.399148392025188,0.428584941308146,100,-0.0699333333333333,0.00706026328267232,-0.083771449367371,-0.0560952172992955
smooth,0.6,0.03,0.45,random_demonstrator,finalExactTargetFraction,100,0,0,0,0,100,0,0,0,0
smooth,0.6,0.03,0.45,random_copy_error,finalMean,100,0.838666666666666,0.00419288050313626,0.830448620880519,0.846884712452813,100,0.354866666666667,0.00903483966219993,0.337158380928755,0.372574952404578
smooth,0.6,0.03,0.45,random_copy_error,lossRate,100,0.00784810126582278,0.00109112918365237,0.00570948806586414,0.00998671446578142,100,0.00379746835443038,0.00142236257903638,0.00100963769951908,0.00658529900934168
smooth,0.6,0.03,0.45,random_copy_error,bestFunctionalLineageDepth,100,6.19,0.138312338677007,5.91890781619307,6.46109218380693,100,4.82,0.147969420810347,4.52997993521172,5.11002006478828
smooth,0.6,0.03,0.45,random_copy_error,bestStructuralLineageDepth,100,6.19,0.138312338677007,5.91890781619307,6.46109218380693,100,4.82,0.147969420810347,4.52997993521172,5.11002006478828
smooth,0.6,0.03,0.45,random_copy_error,finalMeanComponentAccuracy,100,0.838666666666666,0.00419288050313626,0.830448620880519,0.846884712452813,100,0.354866666666667,0.00903483966219993,0.337158380928755,0.372574952404578
smooth,0.6,0.03,0.45,random_copy_error,finalExactTargetFraction,100,0.156,0.0115263811981094,0.133408292851705,0.178591707148294,100,0.156,0.0115263811981094,0.133408292851705,0.178591707148294
smooth,0.6,0.03,0.45,greedy_acceptance,finalMean,100,0.634066666666667,0.00758381228368745,0.61920239459064,0.648930938742694,100,0.150266666666667,0.00727581976899418,0.136006059919438,0.164527273413895
smooth,0.6,0.03,0.45,greedy_acceptance,lossRate,100,0,0,0,0,100,-0.00405063291139241,0.000781756145936754,-0.00558287495742845,-0.00251839086535637
smooth,0.6,0.03,0.45,greedy_acceptance,bestFunctionalLineageDepth,100,2.01,0.0958692291139816,1.8220963109366,2.1979036890634,100,0.64,0.0958955660912411,0.452044690461167,0.827955309538833
smooth,0.6,0.03,0.45,greedy_acceptance,bestStructuralLineageDepth,100,2.01,0.0958692291139816,1.8220963109366,2.1979036890634,100,0.64,0.0958955660912411,0.452044690461167,0.827955309538833
smooth,0.6,0.03,0.45,greedy_acceptance,finalMeanComponentAccuracy,100,0.634066666666667,0.00758381228368745,0.61920239459064,0.648930938742694,100,0.150266666666667,0.00727581976899418,0.136006059919438,0.164527273413895
smooth,0.6,0.03,0.45,greedy_acceptance,finalExactTargetFraction,100,0,0,0,0,100,0,0,0,0
smooth,0.6,0.03,0.65,baseline,finalMean,100,0.5704,0.00963232958782245,0.551520634007868,0.589279365992132,NaN,NaN,NaN,NaN,NaN
smooth,0.6,0.03,0.65,baseline,lossRate,100,0.00518987341772152,0.000806518464303981,0.00360909722768572,0.00677064960775732,NaN,NaN,NaN,NaN,NaN
smooth,0.6,0.03,0.65,baseline,bestFunctionalLineageDepth,100,1.79,0.0945964314785967,1.60459099430195,1.97540900569805,NaN,NaN,NaN,NaN,NaN
smooth,0.6,0.03,0.65,baseline,bestStructuralLineageDepth,100,1.79,0.0945964314785967,1.60459099430195,1.97540900569805,NaN,NaN,NaN,NaN,NaN
smooth,0.6,0.03,0.65,baseline,finalMeanComponentAccuracy,100,0.5704,0.00963232958782245,0.551520634007868,0.589279365992132,NaN,NaN,NaN,NaN,NaN
smooth,0.6,0.03,0.65,baseline,finalExactTargetFraction,100,0,0,0,0,NaN,NaN,NaN,NaN,NaN
smooth,0.6,0.03,0.65,random_demonstrator,finalMean,100,0.502133333333333,0.00822911531970512,0.486004267306711,0.518262399359955,100,-0.0682666666666666,0.00738130620263206,-0.0827340268238255,-0.0537993065095078
smooth,0.6,0.03,0.65,random_demonstrator,lossRate,100,0.00784810126582278,0.00101425522967271,0.00586016101566427,0.0098360415159813,100,0.00265822784810127,0.000922586078175126,0.00084995913487802,0.00446649656132451
smooth,0.6,0.03,0.65,random_demonstrator,bestFunctionalLineageDepth,100,1.42,0.0889671372763647,1.24562441093833,1.59437558906167,100,-0.37,0.103137644618121,-0.572149783451516,-0.167850216548484
smooth,0.6,0.03,0.65,random_demonstrator,bestStructuralLineageDepth,100,1.42,0.0889671372763647,1.24562441093833,1.59437558906167,100,-0.37,0.103137644618121,-0.572149783451516,-0.167850216548484
smooth,0.6,0.03,0.65,random_demonstrator,finalMeanComponentAccuracy,100,0.502133333333333,0.00822911531970512,0.486004267306711,0.518262399359955,100,-0.0682666666666666,0.00738130620263206,-0.0827340268238255,-0.0537993065095078
smooth,0.6,0.03,0.65,random_demonstrator,finalExactTargetFraction,100,0,0,0,0,100,0,0,0,0
smooth,0.6,0.03,0.65,random_copy_error,finalMean,100,0.910766666666667,0.0028493230731717,0.90518199344325,0.916351339890083,100,0.340366666666666,0.00989687510908385,0.320968791452862,0.359764541880471
smooth,0.6,0.03,0.65,random_copy_error,lossRate,100,0.00784810126582278,0.00098182176647224,0.00592373060353719,0.00977247192810837,100,0.00265822784810127,0.00125032062265648,0.000207599427694558,0.00510885626850798
smooth,0.6,0.03,0.65,random_copy_error,bestFunctionalLineageDepth,100,6,0.14142135623731,5.72281414177487,6.27718585822513,100,4.21,0.153277328375528,3.90957643638397,4.51042356361603
smooth,0.6,0.03,0.65,random_copy_error,bestStructuralLineageDepth,100,6,0.14142135623731,5.72281414177487,6.27718585822513,100,4.21,0.153277328375528,3.90957643638397,4.51042356361603
smooth,0.6,0.03,0.65,random_copy_error,finalMeanComponentAccuracy,100,0.910766666666667,0.0028493230731717,0.90518199344325,0.916351339890083,100,0.340366666666666,0.00989687510908385,0.320968791452862,0.359764541880471
smooth,0.6,0.03,0.65,random_copy_error,finalExactTargetFraction,100,0.384333333333333,0.0148047903795298,0.355315944189455,0.413350722477212,100,0.384333333333333,0.0148047903795298,0.355315944189455,0.413350722477212
smooth,0.6,0.03,0.65,greedy_acceptance,finalMean,100,0.719366666666667,0.00957851306090421,0.700592781067295,0.738140552266039,100,0.148966666666667,0.00896078186724118,0.131403534206874,0.166529799126459
smooth,0.6,0.03,0.65,greedy_acceptance,lossRate,100,0,0,0,0,100,-0.00518987341772152,0.000806518464303981,-0.00677064960775732,-0.00360909722768572
smooth,0.6,0.03,0.65,greedy_acceptance,bestFunctionalLineageDepth,100,2.69,0.101199872240108,2.49164825040939,2.88835174959061,100,0.9,0.10492902844352,0.694339104250701,1.1056608957493
smooth,0.6,0.03,0.65,greedy_acceptance,bestStructuralLineageDepth,100,2.69,0.101199872240108,2.49164825040939,2.88835174959061,100,0.9,0.10492902844352,0.694339104250701,1.1056608957493
smooth,0.6,0.03,0.65,greedy_acceptance,finalMeanComponentAccuracy,100,0.719366666666667,0.00957851306090421,0.700592781067295,0.738140552266039,100,0.148966666666667,0.00896078186724118,0.131403534206874,0.166529799126459
smooth,0.6,0.03,0.65,greedy_acceptance,finalExactTargetFraction,100,0,0,0,0,100,0,0,0,0
smooth,0.6,0.03,0.8,baseline,finalMean,100,0.629633333333333,0.00925519176652981,0.611493157470934,0.647773509195731,NaN,NaN,NaN,NaN,NaN
smooth,0.6,0.03,0.8,baseline,lossRate,100,0.00556962025316456,0.000905320094146356,0.0037951928686377,0.00734404763769142,NaN,NaN,NaN,NaN,NaN
smooth,0.6,0.03,0.8,baseline,bestFunctionalLineageDepth,100,2.06,0.0930080913173959,1.8777041410179,2.2422958589821,NaN,NaN,NaN,NaN,NaN
smooth,0.6,0.03,0.8,baseline,bestStructuralLineageDepth,100,2.06,0.0930080913173959,1.8777041410179,2.2422958589821,NaN,NaN,NaN,NaN,NaN
smooth,0.6,0.03,0.8,baseline,finalMeanComponentAccuracy,100,0.629633333333333,0.00925519176652981,0.611493157470934,0.647773509195731,NaN,NaN,NaN,NaN,NaN
smooth,0.6,0.03,0.8,baseline,finalExactTargetFraction,100,0,0,0,0,NaN,NaN,NaN,NaN,NaN
smooth,0.6,0.03,0.8,random_demonstrator,finalMean,100,0.571933333333334,0.00827436103303756,0.55571558570858,0.588151080958087,100,-0.0577,0.00643899020322764,-0.0703204207983262,-0.0450795792016738
smooth,0.6,0.03,0.8,random_demonstrator,lossRate,100,0.0079746835443038,0.00101225858371562,0.00599065672022117,0.00995871036838642,100,0.00240506329113924,0.00102875268116387,0.000388708036058063,0.00442141854622042
smooth,0.6,0.03,0.8,random_demonstrator,bestFunctionalLineageDepth,100,1.75,0.0903137069140983,1.57298513444837,1.92701486555163,100,-0.31,0.0837203135988567,-0.474091814653759,-0.145908185346241
smooth,0.6,0.03,0.8,random_demonstrator,bestStructuralLineageDepth,100,1.75,0.0903137069140983,1.57298513444837,1.92701486555163,100,-0.31,0.0837203135988567,-0.474091814653759,-0.145908185346241
smooth,0.6,0.03,0.8,random_demonstrator,finalMeanComponentAccuracy,100,0.571933333333334,0.00827436103303756,0.55571558570858,0.588151080958087,100,-0.0577,0.00643899020322764,-0.0703204207983262,-0.0450795792016738
smooth,0.6,0.03,0.8,random_demonstrator,finalExactTargetFraction,100,0,0,0,0,100,0,0,0,0
smooth,0.6,0.03,0.8,random_copy_error,finalMean,100,0.954533333333333,0.00192305406185151,0.950764147372104,0.958302519294562,100,0.3249,0.00941563699266031,0.306445351494386,0.343354648505614
smooth,0.6,0.03,0.8,random_copy_error,lossRate,100,0.00582278481012658,0.000992315817597704,0.00387784580763508,0.00776772381261808,100,0.000253164556962026,0.00139339272895164,-0.00247788519178319,0.00298421430570724
smooth,0.6,0.03,0.8,random_copy_error,bestFunctionalLineageDepth,100,5.49,0.141774468787578,5.21212204117635,5.76787795882365,100,3.43,0.153250966019332,3.12962810660211,3.73037189339789
smooth,0.6,0.03,0.8,random_copy_error,bestStructuralLineageDepth,100,5.49,0.141774468787578,5.21212204117635,5.76787795882365,100,3.43,0.153250966019332,3.12962810660211,3.73037189339789
smooth,0.6,0.03,0.8,random_copy_error,finalMeanComponentAccuracy,100,0.954533333333333,0.00192305406185151,0.950764147372104,0.958302519294562,100,0.3249,0.00941563699266031,0.306445351494386,0.343354648505614
smooth,0.6,0.03,0.8,random_copy_error,finalExactTargetFraction,100,0.63,0.0129099444873581,0.604696508804778,0.655303491195222,100,0.63,0.0129099444873581,0.604696508804778,0.655303491195222
smooth,0.6,0.03,0.8,greedy_acceptance,finalMean,100,0.772766666666667,0.00891499386429677,0.755293278692645,0.790240054640688,100,0.143133333333333,0.00926378852186177,0.124976307830484,0.161290358836183
smooth,0.6,0.03,0.8,greedy_acceptance,lossRate,100,0,0,0,0,100,-0.00556962025316456,0.000905320094146356,-0.00734404763769142,-0.0037951928686377
smooth,0.6,0.03,0.8,greedy_acceptance,bestFunctionalLineageDepth,100,3.05,0.0978299906506541,2.85825321832472,3.24174678167528,100,0.99,0.103957061843199,0.78624415878733,1.19375584121267
smooth,0.6,0.03,0.8,greedy_acceptance,bestStructuralLineageDepth,100,3.05,0.0978299906506541,2.85825321832472,3.24174678167528,100,0.99,0.103957061843199,0.78624415878733,1.19375584121267
smooth,0.6,0.03,0.8,greedy_acceptance,finalMeanComponentAccuracy,100,0.772766666666667,0.00891499386429677,0.755293278692645,0.790240054640688,100,0.143133333333333,0.00926378852186177,0.124976307830484,0.161290358836183
smooth,0.6,0.03,0.8,greedy_acceptance,finalExactTargetFraction,100,0.0303333333333333,0.0171420093585462,-0.00326500500941715,0.0639316716760838,100,0.0303333333333333,0.0171420093585462,-0.00326500500941715,0.0639316716760838
smooth,0.6,0.03,0.92,baseline,finalMean,100,0.7016,0.0101184322479327,0.681767872794052,0.721432127205948,NaN,NaN,NaN,NaN,NaN
smooth,0.6,0.03,0.92,baseline,lossRate,100,0.00670886075949367,0.000959731179355092,0.00482778764795769,0.00858993387102965,NaN,NaN,NaN,NaN,NaN
smooth,0.6,0.03,0.92,baseline,bestFunctionalLineageDepth,100,2.75,0.107661084384791,2.53898427460581,2.96101572539419,NaN,NaN,NaN,NaN,NaN
smooth,0.6,0.03,0.92,baseline,bestStructuralLineageDepth,100,2.75,0.107661084384791,2.53898427460581,2.96101572539419,NaN,NaN,NaN,NaN,NaN
smooth,0.6,0.03,0.92,baseline,finalMeanComponentAccuracy,100,0.7016,0.0101184322479327,0.681767872794052,0.721432127205948,NaN,NaN,NaN,NaN,NaN
smooth,0.6,0.03,0.92,baseline,finalExactTargetFraction,100,0.00733333333333333,0.00669321313962401,-0.00578536442032972,0.0204520310869964,NaN,NaN,NaN,NaN,NaN
smooth,0.6,0.03,0.92,random_demonstrator,finalMean,100,0.6446,0.00888797722597625,0.627179564637086,0.662020435362913,100,-0.057,0.0070547800416872,-0.0708273688817069,-0.0431726311182931
smooth,0.6,0.03,0.92,random_demonstrator,lossRate,100,0.00936708860759493,0.00113247218726712,0.00714744312055138,0.0115867340946385,100,0.00265822784810127,0.00117007802733013,0.00036487491453421,0.00495158078166832
smooth,0.6,0.03,0.92,random_demonstrator,bestFunctionalLineageDepth,100,2.25,0.094681816969503,2.06442363873977,2.43557636126023,100,-0.5,0.0915633026044735,-0.679464073104768,-0.320535926895232
smooth,0.6,0.03,0.92,random_demonstrator,bestStructuralLineageDepth,100,2.25,0.094681816969503,2.06442363873977,2.43557636126023,100,-0.5,0.0915633026044735,-0.679464073104768,-0.320535926895232
smooth,0.6,0.03,0.92,random_demonstrator,finalMeanComponentAccuracy,100,0.6446,0.00888797722597625,0.627179564637086,0.662020435362913,100,-0.057,0.0070547800416872,-0.0708273688817069,-0.0431726311182931
smooth,0.6,0.03,0.92,random_demonstrator,finalExactTargetFraction,100,0,0,0,0,100,-0.00733333333333333,0.00669321313962401,-0.0204520310869964,0.00578536442032972
smooth,0.6,0.03,0.92,random_copy_error,finalMean,100,0.978566666666667,0.00187622313266482,0.974889269326644,0.98224406400669,100,0.276966666666667,0.0098896373567619,0.257582977447413,0.29635035588592
smooth,0.6,0.03,0.92,random_copy_error,lossRate,100,0.00556962025316456,0.00102283595320285,0.00356486178488697,0.00757437872144215,100,-0.00113924050632911,0.00132327123442605,-0.00373285212580418,0.00145437111314595
smooth,0.6,0.03,0.92,random_copy_error,bestFunctionalLineageDepth,100,5.43,0.115692905940029,5.20324190435754,5.65675809564246,100,2.68,0.129396423225043,2.42638301047892,2.93361698952108
smooth,0.6,0.03,0.92,random_copy_error,bestStructuralLineageDepth,100,5.43,0.115692905940029,5.20324190435754,5.65675809564246,100,2.68,0.129396423225043,2.42638301047892,2.93361698952108
smooth,0.6,0.03,0.92,random_copy_error,finalMeanComponentAccuracy,100,0.978566666666667,0.00187622313266482,0.974889269326644,0.98224406400669,100,0.276966666666667,0.0098896373567619,0.257582977447413,0.29635035588592
smooth,0.6,0.03,0.92,random_copy_error,finalExactTargetFraction,100,0.803666666666666,0.0158973630012281,0.772507835184259,0.834825498149074,100,0.796333333333333,0.0170685223633386,0.762879029501189,0.829787637165477
smooth,0.6,0.03,0.92,greedy_acceptance,finalMean,100,0.825233333333333,0.00975861931596803,0.806106439474036,0.84436022719263,100,0.123633333333333,0.00976618860943749,0.104491603658836,0.142775063007831
smooth,0.6,0.03,0.92,greedy_acceptance,lossRate,100,0,0,0,0,100,-0.00670886075949367,0.000959731179355092,-0.00858993387102965,-0.00482778764795769
smooth,0.6,0.03,0.92,greedy_acceptance,bestFunctionalLineageDepth,100,3.71,0.112182211089141,3.49012286626528,3.92987713373472,100,0.96,0.109101009633414,0.746162021118508,1.17383797888149
smooth,0.6,0.03,0.92,greedy_acceptance,bestStructuralLineageDepth,100,3.71,0.112182211089141,3.49012286626528,3.92987713373472,100,0.96,0.109101009633414,0.746162021118508,1.17383797888149
smooth,0.6,0.03,0.92,greedy_acceptance,finalMeanComponentAccuracy,100,0.825233333333333,0.00975861931596803,0.806106439474036,0.84436022719263,100,0.123633333333333,0.00976618860943749,0.104491603658836,0.142775063007831
smooth,0.6,0.03,0.92,greedy_acceptance,finalExactTargetFraction,100,0.112333333333333,0.030596960009789,0.0523632917141468,0.17230337495252,100,0.105,0.0293604672482751,0.0474534841933807,0.162546515806619
smooth,0.6,0.03,0.98,baseline,finalMean,100,0.7518,0.0115049806225208,0.729250237979859,0.774349762020141,NaN,NaN,NaN,NaN,NaN
smooth,0.6,0.03,0.98,baseline,lossRate,100,0.00620253164556962,0.000890448960256993,0.00445725168346592,0.00794781160767333,NaN,NaN,NaN,NaN,NaN
smooth,0.6,0.03,0.98,baseline,bestFunctionalLineageDepth,100,2.83,0.114640412780242,2.60530479095073,3.05469520904927,NaN,NaN,NaN,NaN,NaN
smooth,0.6,0.03,0.98,baseline,bestStructuralLineageDepth,100,2.83,0.114640412780242,2.60530479095073,3.05469520904927,NaN,NaN,NaN,NaN,NaN
smooth,0.6,0.03,0.98,baseline,finalMeanComponentAccuracy,100,0.7518,0.0115049806225208,0.729250237979859,0.774349762020141,NaN,NaN,NaN,NaN,NaN
smooth,0.6,0.03,0.98,baseline,finalExactTargetFraction,100,0.0366666666666667,0.0181865874777347,0.00102095521030664,0.0723123781230267,NaN,NaN,NaN,NaN,NaN
smooth,0.6,0.03,0.98,random_demonstrator,finalMean,100,0.693633333333333,0.0101734778751575,0.673693316698025,0.713573349968642,100,-0.0581666666666667,0.00852873600380919,-0.0748829892341327,-0.0414503440992006
smooth,0.6,0.03,0.98,random_demonstrator,lossRate,100,0.00848101265822784,0.00101863407476184,0.00648448987169463,0.0104775354447611,100,0.00227848101265823,0.00102378492754014,0.000271862554679545,0.00428509947063691
smooth,0.6,0.03,0.98,random_demonstrator,bestFunctionalLineageDepth,100,2.43,0.098734415724634,2.23648054517972,2.62351945482028,100,-0.4,0.0852802865422441,-0.567149361622798,-0.232850638377202
smooth,0.6,0.03,0.98,random_demonstrator,bestStructuralLineageDepth,100,2.43,0.098734415724634,2.23648054517972,2.62351945482028,100,-0.4,0.0852802865422441,-0.567149361622798,-0.232850638377202
smooth,0.6,0.03,0.98,random_demonstrator,finalMeanComponentAccuracy,100,0.693633333333333,0.0101734778751575,0.673693316698025,0.713573349968642,100,-0.0581666666666667,0.00852873600380919,-0.0748829892341327,-0.0414503440992006
smooth,0.6,0.03,0.98,random_demonstrator,finalExactTargetFraction,100,0,0,0,0,100,-0.0366666666666667,0.0181865874777347,-0.0723123781230267,-0.00102095521030664
smooth,0.6,0.03,0.98,random_copy_error,finalMean,100,0.9204,0.00707523779805243,0.906532533915817,0.934267466084183,100,0.1686,0.0115593602904952,0.145943653830629,0.19125634616937
smooth,0.6,0.03,0.98,random_copy_error,lossRate,100,0.00784810126582278,0.00103008908149651,0.00582912666608962,0.00986707586555595,100,0.00164556962025317,0.00114716870790872,-0.000602881047247918,0.00389402028775425
smooth,0.6,0.03,0.98,random_copy_error,bestFunctionalLineageDepth,100,4.61,0.0874960316560446,4.43850777795415,4.78149222204585,100,1.78,0.115976312454333,1.55268642758951,2.00731357241049
smooth,0.6,0.03,0.98,random_copy_error,bestStructuralLineageDepth,100,4.61,0.0874960316560446,4.43850777795415,4.78149222204585,100,1.78,0.115976312454333,1.55268642758951,2.00731357241049
smooth,0.6,0.03,0.98,random_copy_error,finalMeanComponentAccuracy,100,0.9204,0.00707523779805243,0.906532533915817,0.934267466084183,100,0.1686,0.0115593602904952,0.145943653830629,0.19125634616937
smooth,0.6,0.03,0.98,random_copy_error,finalExactTargetFraction,100,0.41,0.0447802966933186,0.322230618481096,0.497769381518904,100,0.373333333333333,0.0469830544708133,0.281246546570539,0.465420120096127
smooth,0.6,0.03,0.98,greedy_acceptance,finalMean,100,0.848566666666667,0.0106204020882579,0.827750678573681,0.869382654759652,100,0.0967666666666666,0.00940549962097122,0.078331887409563,0.11520144592377
smooth,0.6,0.03,0.98,greedy_acceptance,lossRate,100,0,0,0,0,100,-0.00620253164556962,0.000890448960256993,-0.00794781160767333,-0.00445725168346592
smooth,0.6,0.03,0.98,greedy_acceptance,bestFunctionalLineageDepth,100,3.72,0.111988455393465,3.50050262742881,3.93949737257119,100,0.89,0.0993870101058372,0.695201460192559,1.08479853980744
smooth,0.6,0.03,0.98,greedy_acceptance,bestStructuralLineageDepth,100,3.72,0.111988455393465,3.50050262742881,3.93949737257119,100,0.89,0.0993870101058372,0.695201460192559,1.08479853980744
smooth,0.6,0.03,0.98,greedy_acceptance,finalMeanComponentAccuracy,100,0.848566666666667,0.0106204020882579,0.827750678573681,0.869382654759652,100,0.0967666666666666,0.00940549962097122,0.078331887409563,0.11520144592377
smooth,0.6,0.03,0.98,greedy_acceptance,finalExactTargetFraction,100,0.200666666666667,0.0394404749745453,0.123363335716558,0.277969997616775,100,0.164,0.0410460309341028,0.0835497793691585,0.244450220630841
smooth,0.6,0.08,0.45,baseline,finalMean,100,0.526833333333333,0.00733813356820866,0.512450591539644,0.541216075127022,NaN,NaN,NaN,NaN,NaN
smooth,0.6,0.08,0.45,baseline,lossRate,100,0.0069620253164557,0.00100777174188106,0.00498679270236881,0.00893725793054258,NaN,NaN,NaN,NaN,NaN
smooth,0.6,0.08,0.45,baseline,bestFunctionalLineageDepth,100,2.27,0.100357945234631,2.07329842734012,2.46670157265988,NaN,NaN,NaN,NaN,NaN
smooth,0.6,0.08,0.45,baseline,bestStructuralLineageDepth,100,2.27,0.100357945234631,2.07329842734012,2.46670157265988,NaN,NaN,NaN,NaN,NaN
smooth,0.6,0.08,0.45,baseline,finalMeanComponentAccuracy,100,0.526833333333333,0.00733813356820866,0.512450591539644,0.541216075127022,NaN,NaN,NaN,NaN,NaN
smooth,0.6,0.08,0.45,baseline,finalExactTargetFraction,100,0,0,0,0,NaN,NaN,NaN,NaN,NaN
smooth,0.6,0.08,0.45,random_demonstrator,finalMean,100,0.4539,0.00636718844266619,0.441420310652374,0.466379689347626,100,-0.0729333333333333,0.00782629600072148,-0.0882728734947474,-0.0575937931719192
smooth,0.6,0.08,0.45,random_demonstrator,lossRate,100,0.0091139240506329,0.0010030228210208,0.00714799932143214,0.0110798487798337,100,0.00215189873417722,0.0013349613518613,-0.000464625515470928,0.00476842298382536
smooth,0.6,0.08,0.45,random_demonstrator,bestFunctionalLineageDepth,100,2.06,0.0972552613414095,1.86937968777084,2.25062031222916,100,-0.21,0.114851683012958,-0.435109298705398,0.0151092987053985
smooth,0.6,0.08,0.45,random_demonstrator,bestStructuralLineageDepth,100,2.06,0.0972552613414095,1.86937968777084,2.25062031222916,100,-0.21,0.114851683012958,-0.435109298705398,0.0151092987053985
smooth,0.6,0.08,0.45,random_demonstrator,finalMeanComponentAccuracy,100,0.4539,0.00636718844266619,0.441420310652374,0.466379689347626,100,-0.0729333333333333,0.00782629600072148,-0.0882728734947474,-0.0575937931719192
smooth,0.6,0.08,0.45,random_demonstrator,finalExactTargetFraction,100,0,0,0,0,100,0,0,0,0
smooth,0.6,0.08,0.45,random_copy_error,finalMean,100,0.831633333333333,0.00389955104037609,0.823990213294196,0.83927645337247,100,0.3048,0.00837254344426771,0.288389814849235,0.321210185150765
smooth,0.6,0.08,0.45,random_copy_error,lossRate,100,0.00734177215189873,0.00105185612071147,0.00528013415530426,0.00940341014849321,100,0.000379746835443038,0.00143318823192294,-0.00242930209912593,0.003188795770012
smooth,0.6,0.08,0.45,random_copy_error,bestFunctionalLineageDepth,100,6.24,0.154475325740476,5.93722836154867,6.54277163845133,100,3.97,0.160463344251841,3.65549184526639,4.28450815473361
smooth,0.6,0.08,0.45,random_copy_error,bestStructuralLineageDepth,100,6.24,0.154475325740476,5.93722836154867,6.54277163845133,100,3.97,0.160463344251841,3.65549184526639,4.28450815473361
smooth,0.6,0.08,0.45,random_copy_error,finalMeanComponentAccuracy,100,0.831633333333333,0.00389955104037609,0.823990213294196,0.83927645337247,100,0.3048,0.00837254344426771,0.288389814849235,0.321210185150765
smooth,0.6,0.08,0.45,random_copy_error,finalExactTargetFraction,100,0.135666666666667,0.0116943394750441,0.11274576129558,0.158587572037753,100,0.135666666666667,0.0116943394750441,0.11274576129558,0.158587572037753
smooth,0.6,0.08,0.45,greedy_acceptance,finalMean,100,0.704033333333333,0.00654678320783349,0.69120163824598,0.716865028420687,100,0.1772,0.00716953900626041,0.16314770354773,0.19125229645227
smooth,0.6,0.08,0.45,greedy_acceptance,lossRate,100,0,0,0,0,100,-0.0069620253164557,0.00100777174188106,-0.00893725793054258,-0.00498679270236881
smooth,0.6,0.08,0.45,greedy_acceptance,bestFunctionalLineageDepth,100,3.31,0.0950225916784685,3.1237557203102,3.4962442796898,100,1.04,0.110022954446109,0.824355009285627,1.25564499071437
smooth,0.6,0.08,0.45,greedy_acceptance,bestStructuralLineageDepth,100,3.31,0.0950225916784685,3.1237557203102,3.4962442796898,100,1.04,0.110022954446109,0.824355009285627,1.25564499071437
smooth,0.6,0.08,0.45,greedy_acceptance,finalMeanComponentAccuracy,100,0.704033333333333,0.00654678320783349,0.69120163824598,0.716865028420687,100,0.1772,0.00716953900626041,0.16314770354773,0.19125229645227
smooth,0.6,0.08,0.45,greedy_acceptance,finalExactTargetFraction,100,0,0,0,0,100,0,0,0,0
smooth,0.6,0.08,0.65,baseline,finalMean,100,0.6483,0.00739118518278937,0.633813277041733,0.662786722958267,NaN,NaN,NaN,NaN,NaN
smooth,0.6,0.08,0.65,baseline,lossRate,100,0.00734177215189873,0.000955082315446605,0.00546981081362339,0.00921373349017408,NaN,NaN,NaN,NaN,NaN
smooth,0.6,0.08,0.65,baseline,bestFunctionalLineageDepth,100,3.01,0.102980825909732,2.80815758121693,3.21184241878307,NaN,NaN,NaN,NaN,NaN
smooth,0.6,0.08,0.65,baseline,bestStructuralLineageDepth,100,3.01,0.102980825909732,2.80815758121693,3.21184241878307,NaN,NaN,NaN,NaN,NaN
smooth,0.6,0.08,0.65,baseline,finalMeanComponentAccuracy,100,0.6483,0.00739118518278937,0.633813277041733,0.662786722958267,NaN,NaN,NaN,NaN,NaN
smooth,0.6,0.08,0.65,baseline,finalExactTargetFraction,100,0,0,0,0,NaN,NaN,NaN,NaN,NaN
smooth,0.6,0.08,0.65,random_demonstrator,finalMean,100,0.564866666666667,0.00820807136090864,0.548778846799286,0.580954486534048,100,-0.0834333333333333,0.00714204996240886,-0.0974317512596546,-0.0694349154070119
smooth,0.6,0.08,0.65,random_demonstrator,lossRate,100,0.010506329113924,0.00108032159927749,0.00838889877934017,0.0126237594485079,100,0.00316455696202532,0.00135087009228541,0.000516851581145912,0.00581226234290472
smooth,0.6,0.08,0.65,random_demonstrator,bestFunctionalLineageDepth,100,2.56,0.11038957643663,2.34363643018421,2.77636356981579,100,-0.45,0.114039688288992,-0.673517789046425,-0.226482210953575
smooth,0.6,0.08,0.65,random_demonstrator,bestStructuralLineageDepth,100,2.56,0.11038957643663,2.34363643018421,2.77636356981579,100,-0.45,0.114039688288992,-0.673517789046425,-0.226482210953575
smooth,0.6,0.08,0.65,random_demonstrator,finalMeanComponentAccuracy,100,0.564866666666667,0.00820807136090864,0.548778846799286,0.580954486534048,100,-0.0834333333333333,0.00714204996240886,-0.0974317512596546,-0.0694349154070119
smooth,0.6,0.08,0.65,random_demonstrator,finalExactTargetFraction,100,0.00266666666666667,0.00266666666666667,-0.00256,0.00789333333333333,100,0.00266666666666667,0.00266666666666667,-0.00256,0.00789333333333333
smooth,0.6,0.08,0.65,random_copy_error,finalMean,100,0.903366666666666,0.00279147933941072,0.897895367161421,0.908837966171911,100,0.255066666666667,0.00733386591270861,0.240692289477758,0.269441043855575
smooth,0.6,0.08,0.65,random_copy_error,lossRate,100,0.0049367088607595,0.000761090253835574,0.00344497196324177,0.00642844575827722,100,-0.00240506329113924,0.00122943479192687,-0.00481475548331592,4.62890103743304e-06
smooth,0.6,0.08,0.65,random_copy_error,bestFunctionalLineageDepth,100,6.07,0.121651099045549,5.83156384587072,6.30843615412928,100,3.06,0.149625795863811,2.76673344010693,3.35326655989307
smooth,0.6,0.08,0.65,random_copy_error,bestStructuralLineageDepth,100,6.07,0.121651099045549,5.83156384587072,6.30843615412928,100,3.06,0.149625795863811,2.76673344010693,3.35326655989307
smooth,0.6,0.08,0.65,random_copy_error,finalMeanComponentAccuracy,100,0.903366666666666,0.00279147933941072,0.897895367161421,0.908837966171911,100,0.255066666666667,0.00733386591270861,0.240692289477758,0.269441043855575
smooth,0.6,0.08,0.65,random_copy_error,finalExactTargetFraction,100,0.365333333333333,0.0142836426267641,0.337337393784876,0.393329272881791,100,0.365333333333333,0.0142836426267641,0.337337393784876,0.393329272881791
smooth,0.6,0.08,0.65,greedy_acceptance,finalMean,100,0.823566666666667,0.00726525717649612,0.809326762600734,0.837806570732599,100,0.175266666666667,0.00821254959311079,0.15917006946417,0.191363263869164
smooth,0.6,0.08,0.65,greedy_acceptance,lossRate,100,0,0,0,0,100,-0.00734177215189873,0.000955082315446605,-0.00921373349017408,-0.00546981081362339
smooth,0.6,0.08,0.65,greedy_acceptance,bestFunctionalLineageDepth,100,4.03,0.0999545351192686,3.83408911116623,4.22591088883377,100,1.02,0.106344209570107,0.81156534924259,1.22843465075741
smooth,0.6,0.08,0.65,greedy_acceptance,bestStructuralLineageDepth,100,4.03,0.0999545351192686,3.83408911116623,4.22591088883377,100,1.02,0.106344209570107,0.81156534924259,1.22843465075741
smooth,0.6,0.08,0.65,greedy_acceptance,finalMeanComponentAccuracy,100,0.823566666666667,0.00726525717649612,0.809326762600734,0.837806570732599,100,0.175266666666667,0.00821254959311079,0.15917006946417,0.191363263869164
smooth,0.6,0.08,0.65,greedy_acceptance,finalExactTargetFraction,100,0.0513333333333333,0.0183947242717185,0.0152796737607652,0.0873869929059015,100,0.0513333333333333,0.0183947242717185,0.0152796737607652,0.0873869929059015
smooth,0.6,0.08,0.8,baseline,finalMean,100,0.747966666666667,0.00860009330985843,0.731110483779344,0.764822849553989,NaN,NaN,NaN,NaN,NaN
smooth,0.6,0.08,0.8,baseline,lossRate,100,0.010379746835443,0.00121199981912413,0.00800422718995974,0.0127552664809263,NaN,NaN,NaN,NaN,NaN
smooth,0.6,0.08,0.8,baseline,bestFunctionalLineageDepth,100,3.41,0.103567671723674,3.2070073634216,3.6129926365784,NaN,NaN,NaN,NaN,NaN
smooth,0.6,0.08,0.8,baseline,bestStructuralLineageDepth,100,3.41,0.103567671723674,3.2070073634216,3.6129926365784,NaN,NaN,NaN,NaN,NaN
smooth,0.6,0.08,0.8,baseline,finalMeanComponentAccuracy,100,0.747966666666667,0.00860009330985843,0.731110483779344,0.764822849553989,NaN,NaN,NaN,NaN,NaN
smooth,0.6,0.08,0.8,baseline,finalExactTargetFraction,100,0.015,0.00886834747745715,-0.00238196105581601,0.032381961055816,NaN,NaN,NaN,NaN,NaN
smooth,0.6,0.08,0.8,random_demonstrator,finalMean,100,0.6773,0.00880767125588483,0.660036964338465,0.694563035661534,100,-0.0706666666666667,0.00861314736432861,-0.0875484355007508,-0.0537848978325826
smooth,0.6,0.08,0.8,random_demonstrator,lossRate,100,0.0113924050632911,0.00120019085900744,0.00904003097963655,0.0137447791469457,100,0.0010126582278481,0.00138990371739388,-0.0017115530582439,0.00373686951394011
smooth,0.6,0.08,0.8,random_demonstrator,bestFunctionalLineageDepth,100,3.21,0.115727824195088,2.98317346457763,3.43682653542237,100,-0.2,0.107308673997732,-0.410325001035555,0.0103250010355547
smooth,0.6,0.08,0.8,random_demonstrator,bestStructuralLineageDepth,100,3.21,0.115727824195088,2.98317346457763,3.43682653542237,100,-0.2,0.107308673997732,-0.410325001035555,0.0103250010355547
smooth,0.6,0.08,0.8,random_demonstrator,finalMeanComponentAccuracy,100,0.6773,0.00880767125588483,0.660036964338465,0.694563035661534,100,-0.0706666666666667,0.00861314736432861,-0.0875484355007508,-0.0537848978325826
smooth,0.6,0.08,0.8,random_demonstrator,finalExactTargetFraction,100,0.00266666666666667,0.00266666666666667,-0.00256,0.00789333333333333,100,-0.0123333333333333,0.00686007332764062,-0.0257790770555089,0.00111241038884228
smooth,0.6,0.08,0.8,random_copy_error,finalMean,100,0.948366666666666,0.0021174784360291,0.944216408932049,0.952516924401283,100,0.2004,0.00875444796357976,0.183241281991384,0.217558718008616
smooth,0.6,0.08,0.8,random_copy_error,lossRate,100,0.0059493670886076,0.00113011160091607,0.00373434835081209,0.0081643858264031,100,-0.00443037974683544,0.00168175955419546,-0.00772662847305855,-0.00113413102061233
smooth,0.6,0.08,0.8,random_copy_error,bestFunctionalLineageDepth,100,5.53,0.136666666666667,5.26213333333333,5.79786666666667,100,2.12,0.12814133611057,1.86884298122328,2.37115701877672
smooth,0.6,0.08,0.8,random_copy_error,bestStructuralLineageDepth,100,5.53,0.136666666666667,5.26213333333333,5.79786666666667,100,2.12,0.12814133611057,1.86884298122328,2.37115701877672
smooth,0.6,0.08,0.8,random_copy_error,finalMeanComponentAccuracy,100,0.948366666666666,0.0021174784360291,0.944216408932049,0.952516924401283,100,0.2004,0.00875444796357976,0.183241281991384,0.217558718008616
smooth,0.6,0.08,0.8,random_copy_error,finalExactTargetFraction,100,0.583666666666667,0.0138006896491577,0.556617314954318,0.610716018379016,100,0.568666666666667,0.0154019836348363,0.538478778742388,0.598854554590946
smooth,0.6,0.08,0.8,greedy_acceptance,finalMean,100,0.910933333333334,0.00647555708075937,0.898241241455046,0.923625425211622,100,0.162966666666666,0.00902495542518007,0.145277754033314,0.180655579300019
smooth,0.6,0.08,0.8,greedy_acceptance,lossRate,100,0,0,0,0,100,-0.010379746835443,0.00121199981912413,-0.0127552664809263,-0.00800422718995974
smooth,0.6,0.08,0.8,greedy_acceptance,bestFunctionalLineageDepth,100,4.48,0.115889184268002,4.25285719883472,4.70714280116529,100,1.07,0.10372360318937,0.866701737748835,1.27329826225117
smooth,0.6,0.08,0.8,greedy_acceptance,bestStructuralLineageDepth,100,4.48,0.115889184268002,4.25285719883472,4.70714280116529,100,1.07,0.10372360318937,0.866701737748835,1.27329826225117
smooth,0.6,0.08,0.8,greedy_acceptance,finalMeanComponentAccuracy,100,0.910933333333334,0.00647555708075937,0.898241241455046,0.923625425211622,100,0.162966666666666,0.00902495542518007,0.145277754033314,0.180655579300019
smooth,0.6,0.08,0.8,greedy_acceptance,finalExactTargetFraction,100,0.275333333333333,0.0415783440999282,0.193839778897474,0.356826887769192,100,0.260333333333333,0.0408652077889233,0.180237526067044,0.340429140599623
smooth,0.6,0.08,0.92,baseline,finalMean,100,0.849366666666667,0.00946630802659204,0.830812702934547,0.867920630398787,NaN,NaN,NaN,NaN,NaN
smooth,0.6,0.08,0.92,baseline,lossRate,100,0.00721518987341772,0.00105300951422372,0.00515129122553924,0.00927908852129621,NaN,NaN,NaN,NaN,NaN
smooth,0.6,0.08,0.92,baseline,bestFunctionalLineageDepth,100,4.26,0.105044483121882,4.05411281308111,4.46588718691889,NaN,NaN,NaN,NaN,NaN
smooth,0.6,0.08,0.92,baseline,bestStructuralLineageDepth,100,4.26,0.105044483121882,4.05411281308111,4.46588718691889,NaN,NaN,NaN,NaN,NaN
smooth,0.6,0.08,0.92,baseline,finalMeanComponentAccuracy,100,0.849366666666667,0.00946630802659204,0.830812702934547,0.867920630398787,NaN,NaN,NaN,NaN,NaN
smooth,0.6,0.08,0.92,baseline,finalExactTargetFraction,100,0.185,0.0311232840543134,0.123998363253546,0.246001636746454,NaN,NaN,NaN,NaN,NaN
smooth,0.6,0.08,0.92,random_demonstrator,finalMean,100,0.766733333333333,0.00904024919454319,0.749014444912028,0.784452221754638,100,-0.0826333333333333,0.00933000120894539,-0.100920135702866,-0.0643465309638003
smooth,0.6,0.08,0.92,random_demonstrator,lossRate,100,0.0112658227848101,0.00123206488326721,0.00885097561360639,0.0136806699560139,100,0.00405063291139241,0.00136878289834638,0.0013678184306335,0.00673344739215132
smooth,0.6,0.08,0.92,random_demonstrator,bestFunctionalLineageDepth,100,3.63,0.0939105527573548,3.44593531659558,3.81406468340442,100,-0.63,0.0960376609629385,-0.81823381548736,-0.44176618451264
smooth,0.6,0.08,0.92,random_demonstrator,bestStructuralLineageDepth,100,3.63,0.0939105527573548,3.44593531659558,3.81406468340442,100,-0.63,0.0960376609629385,-0.81823381548736,-0.44176618451264
smooth,0.6,0.08,0.92,random_demonstrator,finalMeanComponentAccuracy,100,0.766733333333333,0.00904024919454319,0.749014444912028,0.784452221754638,100,-0.0826333333333333,0.00933000120894539,-0.100920135702866,-0.0643465309638003
smooth,0.6,0.08,0.92,random_demonstrator,finalExactTargetFraction,100,0.0253333333333333,0.0110108608763828,0.00375204601562303,0.0469146206510436,100,-0.159666666666667,0.0312740861161729,-0.220963875454365,-0.0983694578789678
smooth,0.6,0.08,0.92,random_copy_error,finalMean,100,0.974166666666667,0.00174423855183328,0.970747959105073,0.97758537422826,100,0.1248,0.00954066493058113,0.106100296736061,0.143499703263939
smooth,0.6,0.08,0.92,random_copy_error,lossRate,100,0.0069620253164557,0.000941341863583278,0.00511699526383247,0.00880705536907892,100,-0.000253164556962025,0.00145030773341203,-0.0030957677144496,0.00258943860052555
smooth,0.6,0.08,0.92,random_copy_error,bestFunctionalLineageDepth,100,5.23,0.0972916058334765,5.03930845256639,5.42069154743361,100,0.97,0.105844368310413,0.762545038111591,1.17745496188841
smooth,0.6,0.08,0.92,random_copy_error,bestStructuralLineageDepth,100,5.23,0.0972916058334765,5.03930845256639,5.42069154743361,100,0.97,0.105844368310413,0.762545038111591,1.17745496188841
smooth,0.6,0.08,0.92,random_copy_error,finalMeanComponentAccuracy,100,0.974166666666667,0.00174423855183328,0.970747959105073,0.97758537422826,100,0.1248,0.00954066493058113,0.106100296736061,0.143499703263939
smooth,0.6,0.08,0.92,random_copy_error,finalExactTargetFraction,100,0.770666666666667,0.0139365243715944,0.743351078898342,0.797982254434992,100,0.585666666666667,0.0320712415448981,0.522807033238667,0.648526300094667
smooth,0.6,0.08,0.92,greedy_acceptance,finalMean,100,0.9552,0.00515512885729869,0.945095947439695,0.965304052560306,100,0.105833333333333,0.0087723899843862,0.0886394489639364,0.12302721770273
smooth,0.6,0.08,0.92,greedy_acceptance,lossRate,100,0,0,0,0,100,-0.00721518987341772,0.00105300951422372,-0.00927908852129621,-0.00515129122553924
smooth,0.6,0.08,0.92,greedy_acceptance,bestFunctionalLineageDepth,100,4.87,0.089504810547317,4.69457057132726,5.04542942867274,100,0.61,0.0886429678969278,0.436259782922022,0.783740217077978
smooth,0.6,0.08,0.92,greedy_acceptance,bestStructuralLineageDepth,100,4.87,0.089504810547317,4.69457057132726,5.04542942867274,100,0.61,0.0886429678969278,0.436259782922022,0.783740217077978
smooth,0.6,0.08,0.92,greedy_acceptance,finalMeanComponentAccuracy,100,0.9552,0.00515512885729869,0.945095947439695,0.965304052560306,100,0.105833333333333,0.0087723899843862,0.0886394489639364,0.12302721770273
smooth,0.6,0.08,0.92,greedy_acceptance,finalExactTargetFraction,100,0.572,0.0472752999386288,0.479340412120288,0.664659587879713,100,0.387,0.0454874953525204,0.29784450910906,0.47615549089094
smooth,0.6,0.08,0.98,baseline,finalMean,100,0.8879,0.00752245497454092,0.8731559882499,0.9026440117501,NaN,NaN,NaN,NaN,NaN
smooth,0.6,0.08,0.98,baseline,lossRate,100,0.00873417721518987,0.00126831362142805,0.00624828251719089,0.0112200719131889,NaN,NaN,NaN,NaN,NaN
smooth,0.6,0.08,0.98,baseline,bestFunctionalLineageDepth,100,4.4,0.105409255338946,4.19339785953567,4.60660214046433,NaN,NaN,NaN,NaN,NaN
smooth,0.6,0.08,0.98,baseline,bestStructuralLineageDepth,100,4.4,0.105409255338946,4.19339785953567,4.60660214046433,NaN,NaN,NaN,NaN,NaN
smooth,0.6,0.08,0.98,baseline,finalMeanComponentAccuracy,100,0.8879,0.00752245497454092,0.8731559882499,0.9026440117501,NaN,NaN,NaN,NaN,NaN
smooth,0.6,0.08,0.98,baseline,finalExactTargetFraction,100,0.234,0.0376318631856542,0.160241548156118,0.307758451843882,NaN,NaN,NaN,NaN,NaN
smooth,0.6,0.08,0.98,random_demonstrator,finalMean,100,0.8113,0.00892679983706863,0.793803472319346,0.828796527680655,100,-0.0765999999999999,0.00978121840291723,-0.0957711880697177,-0.0574288119302821
smooth,0.6,0.08,0.98,random_demonstrator,lossRate,100,0.0139240506329114,0.00155291771998444,0.0108803319017419,0.0169677693640809,100,0.00518987341772152,0.00150630816178419,0.00223750942062451,0.00814223741481853
smooth,0.6,0.08,0.98,random_demonstrator,bestFunctionalLineageDepth,100,3.92,0.103162126007679,3.71780223302495,4.12219776697505,100,-0.48,0.0969014911644759,-0.669926922682373,-0.290073077317627
smooth,0.6,0.08,0.98,random_demonstrator,bestStructuralLineageDepth,100,3.92,0.103162126007679,3.71780223302495,4.12219776697505,100,-0.48,0.0969014911644759,-0.669926922682373,-0.290073077317627
smooth,0.6,0.08,0.98,random_demonstrator,finalMeanComponentAccuracy,100,0.8113,0.00892679983706863,0.793803472319346,0.828796527680655,100,-0.0765999999999999,0.00978121840291723,-0.0957711880697177,-0.0574288119302821
smooth,0.6,0.08,0.98,random_demonstrator,finalExactTargetFraction,100,0.0706666666666667,0.0223244115050323,0.0269108201168034,0.11442251321653,100,-0.163333333333333,0.0426519861107536,-0.24693122611041,-0.0797354405562563
smooth,0.6,0.08,0.98,random_copy_error,finalMean,100,0.9603,0.0043719067949316,0.951731062681934,0.968868937318066,100,0.0724,0.0070889933813267,0.0585055729725997,0.0862944270274003
smooth,0.6,0.08,0.98,random_copy_error,lossRate,100,0.00810126582278481,0.00110205107896313,0.00594124570801707,0.0102612859375525,100,-0.000632911392405064,0.00139797331370479,-0.00337293908726645,0.00210711630245633
smooth,0.6,0.08,0.98,random_copy_error,bestFunctionalLineageDepth,100,5.02,0.0920913029596611,4.83950104619906,5.20049895380094,100,0.62,0.0762505174680238,0.470548985762673,0.769451014237327
smooth,0.6,0.08,0.98,random_copy_error,bestStructuralLineageDepth,100,5.02,0.0920913029596611,4.83950104619906,5.20049895380094,100,0.62,0.0762505174680238,0.470548985762673,0.769451014237327
smooth,0.6,0.08,0.98,random_copy_error,finalMeanComponentAccuracy,100,0.9603,0.0043719067949316,0.951731062681934,0.968868937318066,100,0.0724,0.0070889933813267,0.0585055729725997,0.0862944270274003
smooth,0.6,0.08,0.98,random_copy_error,finalExactTargetFraction,100,0.631333333333333,0.039695304151967,0.553530537195478,0.709136129471189,100,0.397333333333333,0.0447556779310816,0.309612204588413,0.485054462078253
smooth,0.6,0.08,0.98,greedy_acceptance,finalMean,100,0.976566666666667,0.00484842182198093,0.967063759895584,0.986069573437749,100,0.0886666666666667,0.00757128487495273,0.0738269483117594,0.103506385021574
smooth,0.6,0.08,0.98,greedy_acceptance,lossRate,100,0,0,0,0,100,-0.00873417721518987,0.00126831362142805,-0.0112200719131889,-0.00624828251719089
smooth,0.6,0.08,0.98,greedy_acceptance,bestFunctionalLineageDepth,100,5.02,0.0909878446760218,4.841663824435,5.198336175565,100,0.62,0.0918716715881671,0.439931523687192,0.800068476312808
smooth,0.6,0.08,0.98,greedy_acceptance,bestStructuralLineageDepth,100,5.02,0.0909878446760218,4.841663824435,5.198336175565,100,0.62,0.0918716715881671,0.439931523687192,0.800068476312808
smooth,0.6,0.08,0.98,greedy_acceptance,finalMeanComponentAccuracy,100,0.976566666666667,0.00484842182198093,0.967063759895584,0.986069573437749,100,0.0886666666666667,0.00757128487495273,0.0738269483117594,0.103506385021574
smooth,0.6,0.08,0.98,greedy_acceptance,finalExactTargetFraction,100,0.800333333333333,0.038517694565132,0.724838651985675,0.875828014680992,100,0.566333333333333,0.0503623124372698,0.467623200956285,0.665043465710382
smooth,0.6,0.15,0.45,baseline,finalMean,100,0.583633333333333,0.00683673562340151,0.570233331511466,0.5970333351552,NaN,NaN,NaN,NaN,NaN
smooth,0.6,0.15,0.45,baseline,lossRate,100,0.00848101265822785,0.00115279832683992,0.00622152793762161,0.0107404973788341,NaN,NaN,NaN,NaN,NaN
smooth,0.6,0.15,0.45,baseline,bestFunctionalLineageDepth,100,3.51,0.099994949367405,3.31400989923989,3.70599010076011,NaN,NaN,NaN,NaN,NaN
smooth,0.6,0.15,0.45,baseline,bestStructuralLineageDepth,100,3.51,0.099994949367405,3.31400989923989,3.70599010076011,NaN,NaN,NaN,NaN,NaN
smooth,0.6,0.15,0.45,baseline,finalMeanComponentAccuracy,100,0.583633333333333,0.00683673562340151,0.570233331511466,0.5970333351552,NaN,NaN,NaN,NaN,NaN
smooth,0.6,0.15,0.45,baseline,finalExactTargetFraction,100,0,0,0,0,NaN,NaN,NaN,NaN,NaN
smooth,0.6,0.15,0.45,random_demonstrator,finalMean,100,0.4965,0.00598339921931779,0.484772537530137,0.508227462469863,100,-0.0871333333333333,0.00775451354755067,-0.102332179886533,-0.0719344867801339
smooth,0.6,0.15,0.45,random_demonstrator,lossRate,100,0.0124050632911392,0.00124623639743695,0.00996243995216281,0.0148476866301157,100,0.00392405063291139,0.0016459629913507,0.000697963169864025,0.00715013809595876
smooth,0.6,0.15,0.45,random_demonstrator,bestFunctionalLineageDepth,100,3.12,0.115714731084244,2.89319912707488,3.34680087292512,100,-0.39,0.126247312202612,-0.63744473191712,-0.14255526808288
smooth,0.6,0.15,0.45,random_demonstrator,bestStructuralLineageDepth,100,3.12,0.115714731084244,2.89319912707488,3.34680087292512,100,-0.39,0.126247312202612,-0.63744473191712,-0.14255526808288
smooth,0.6,0.15,0.45,random_demonstrator,finalMeanComponentAccuracy,100,0.4965,0.00598339921931779,0.484772537530137,0.508227462469863,100,-0.0871333333333333,0.00775451354755067,-0.102332179886533,-0.0719344867801339
smooth,0.6,0.15,0.45,random_demonstrator,finalExactTargetFraction,100,0,0,0,0,100,0,0,0,0
smooth,0.6,0.15,0.45,random_copy_error,finalMean,100,0.814533333333333,0.00415807734210662,0.806383501742804,0.822683164923862,100,0.2309,0.00800222401745847,0.215215640925781,0.246584359074219
smooth,0.6,0.15,0.45,random_copy_error,lossRate,100,0.0089873417721519,0.00105362414116309,0.00692223845547224,0.0110524450888316,100,0.000506329113924051,0.00163832461346911,-0.00270478712847541,0.00371744535632352
smooth,0.6,0.15,0.45,random_copy_error,bestFunctionalLineageDepth,100,6.39,0.136252142972676,6.12294579977356,6.65705420022644,100,2.88,0.154579912973677,2.57702337057159,3.18297662942841
smooth,0.6,0.15,0.45,random_copy_error,bestStructuralLineageDepth,100,6.39,0.136252142972676,6.12294579977356,6.65705420022644,100,2.88,0.154579912973677,2.57702337057159,3.18297662942841
smooth,0.6,0.15,0.45,random_copy_error,finalMeanComponentAccuracy,100,0.814533333333333,0.00415807734210662,0.806383501742804,0.822683164923862,100,0.2309,0.00800222401745847,0.215215640925781,0.246584359074219
smooth,0.6,0.15,0.45,random_copy_error,finalExactTargetFraction,100,0.104,0.00985051002228891,0.0846930003563137,0.123306999643686,100,0.104,0.00985051002228891,0.0846930003563137,0.123306999643686
smooth,0.6,0.15,0.45,greedy_acceptance,finalMean,100,0.765066666666667,0.00459480016455435,0.75606085834414,0.774072474989193,100,0.181433333333333,0.00690845299494681,0.167892765463238,0.194973901203429
smooth,0.6,0.15,0.45,greedy_acceptance,lossRate,100,0,0,0,0,100,-0.00848101265822785,0.00115279832683992,-0.0107404973788341,-0.00622152793762161
smooth,0.6,0.15,0.45,greedy_acceptance,bestFunctionalLineageDepth,100,4.36,0.103005344570566,4.15810952464169,4.56189047535831,100,0.85,0.114922020113948,0.624752840576662,1.07524715942334
smooth,0.6,0.15,0.45,greedy_acceptance,bestStructuralLineageDepth,100,4.36,0.103005344570566,4.15810952464169,4.56189047535831,100,0.85,0.114922020113948,0.624752840576662,1.07524715942334
smooth,0.6,0.15,0.45,greedy_acceptance,finalMeanComponentAccuracy,100,0.765066666666667,0.00459480016455435,0.75606085834414,0.774072474989193,100,0.181433333333333,0.00690845299494681,0.167892765463238,0.194973901203429
smooth,0.6,0.15,0.45,greedy_acceptance,finalExactTargetFraction,100,0.00166666666666667,0.00137109817782811,-0.00102068576187642,0.00435401909520975,100,0.00166666666666667,0.00137109817782811,-0.00102068576187642,0.00435401909520975
smooth,0.6,0.15,0.65,baseline,finalMean,100,0.720166666666666,0.00777797618794548,0.704921833338293,0.73541149999504,NaN,NaN,NaN,NaN,NaN
smooth,0.6,0.15,0.65,baseline,lossRate,100,0.00898734177215189,0.00103814930811602,0.00695256912824449,0.0110221144160593,NaN,NaN,NaN,NaN,NaN
smooth,0.6,0.15,0.65,baseline,bestFunctionalLineageDepth,100,4.21,0.126566946392776,3.96192878507016,4.45807121492984,NaN,NaN,NaN,NaN,NaN
smooth,0.6,0.15,0.65,baseline,bestStructuralLineageDepth,100,4.21,0.126566946392776,3.96192878507016,4.45807121492984,NaN,NaN,NaN,NaN,NaN
smooth,0.6,0.15,0.65,baseline,finalMeanComponentAccuracy,100,0.720166666666666,0.00777797618794548,0.704921833338293,0.73541149999504,NaN,NaN,NaN,NaN,NaN
smooth,0.6,0.15,0.65,baseline,finalExactTargetFraction,100,0.0126666666666667,0.00489577109710424,0.00307095531634236,0.022262378016991,NaN,NaN,NaN,NaN,NaN
smooth,0.6,0.15,0.65,random_demonstrator,finalMean,100,0.6137,0.00766789552441141,0.598670924772153,0.628729075227846,100,-0.106466666666667,0.00926827009357718,-0.124632476050078,-0.0883008572832554
smooth,0.6,0.15,0.65,random_demonstrator,lossRate,100,0.0120253164556962,0.00112896529748841,0.00981254447261891,0.0142380884387735,100,0.00303797468354431,0.00142940008747759,0.000236350512088228,0.00583959885500038
smooth,0.6,0.15,0.65,random_demonstrator,bestFunctionalLineageDepth,100,3.55,0.117529278535739,3.31964261406995,3.78035738593005,100,-0.66,0.131210371602864,-0.917172328341613,-0.402827671658387
smooth,0.6,0.15,0.65,random_demonstrator,bestStructuralLineageDepth,100,3.55,0.117529278535739,3.31964261406995,3.78035738593005,100,-0.66,0.131210371602864,-0.917172328341613,-0.402827671658387
smooth,0.6,0.15,0.65,random_demonstrator,finalMeanComponentAccuracy,100,0.6137,0.00766789552441141,0.598670924772153,0.628729075227846,100,-0.106466666666667,0.00926827009357718,-0.124632476050078,-0.0883008572832554
smooth,0.6,0.15,0.65,random_demonstrator,finalExactTargetFraction,100,0.000333333333333333,0.000333333333333333,-0.00032,0.000986666666666667,100,-0.0123333333333333,0.00491578917011126,-0.0219682801067514,-0.00269838655991527
smooth,0.6,0.15,0.65,random_copy_error,finalMean,100,0.8969,0.00321132081381603,0.890605811204921,0.90319418879508,100,0.176733333333333,0.0078513089832027,0.161344767726256,0.19212189894041
smooth,0.6,0.15,0.65,random_copy_error,lossRate,100,0.00544303797468355,0.000848758445169773,0.00377947142215079,0.0071066045272163,100,-0.00354430379746835,0.00138289928653008,-0.0062547863990673,-0.000833821195869405
smooth,0.6,0.15,0.65,random_copy_error,bestFunctionalLineageDepth,100,6.05,0.134370962471643,5.78663291355558,6.31336708644442,100,1.84,0.14955827214727,1.54686578659135,2.13313421340865
smooth,0.6,0.15,0.65,random_copy_error,bestStructuralLineageDepth,100,6.05,0.134370962471643,5.78663291355558,6.31336708644442,100,1.84,0.14955827214727,1.54686578659135,2.13313421340865
smooth,0.6,0.15,0.65,random_copy_error,finalMeanComponentAccuracy,100,0.8969,0.00321132081381603,0.890605811204921,0.90319418879508,100,0.176733333333333,0.0078513089832027,0.161344767726256,0.19212189894041
smooth,0.6,0.15,0.65,random_copy_error,finalExactTargetFraction,100,0.319333333333333,0.0158357166379229,0.288295328723005,0.350371337943662,100,0.306666666666667,0.0163573999838361,0.274606162698348,0.338727170634985
smooth,0.6,0.15,0.65,greedy_acceptance,finalMean,100,0.8834,0.00496722817877559,0.873664232769599,0.8931357672304,100,0.163233333333333,0.00775573427480687,0.148032094154712,0.178434572511955
smooth,0.6,0.15,0.65,greedy_acceptance,lossRate,100,0,0,0,0,100,-0.00898734177215189,0.00103814930811602,-0.0110221144160593,-0.00695256912824449
smooth,0.6,0.15,0.65,greedy_acceptance,bestFunctionalLineageDepth,100,4.92,0.120336229294457,4.68414099058286,5.15585900941714,100,0.71,0.120012625598436,0.474775253827066,0.945224746172934
smooth,0.6,0.15,0.65,greedy_acceptance,bestStructuralLineageDepth,100,4.92,0.120336229294457,4.68414099058286,5.15585900941714,100,0.71,0.120012625598436,0.474775253827066,0.945224746172934
smooth,0.6,0.15,0.65,greedy_acceptance,finalMeanComponentAccuracy,100,0.8834,0.00496722817877559,0.873664232769599,0.8931357672304,100,0.163233333333333,0.00775573427480687,0.148032094154712,0.178434572511955
smooth,0.6,0.15,0.65,greedy_acceptance,finalExactTargetFraction,100,0.104,0.0221173281955471,0.0606500367367278,0.147349963263272,100,0.0913333333333333,0.0214231065662638,0.0493440444634563,0.13332262220321
smooth,0.6,0.15,0.8,baseline,finalMean,100,0.836933333333333,0.00713312249916565,0.822952413234969,0.850914253431698,NaN,NaN,NaN,NaN,NaN
smooth,0.6,0.15,0.8,baseline,lossRate,100,0.0079746835443038,0.00104374667908729,0.00592894005329272,0.0100204270353149,NaN,NaN,NaN,NaN,NaN
smooth,0.6,0.15,0.8,baseline,bestFunctionalLineageDepth,100,4.73,0.101359446396167,4.53133548506351,4.92866451493649,NaN,NaN,NaN,NaN,NaN
smooth,0.6,0.15,0.8,baseline,bestStructuralLineageDepth,100,4.73,0.101359446396167,4.53133548506351,4.92866451493649,NaN,NaN,NaN,NaN,NaN
smooth,0.6,0.15,0.8,baseline,finalMeanComponentAccuracy,100,0.836933333333333,0.00713312249916565,0.822952413234969,0.850914253431698,NaN,NaN,NaN,NaN,NaN
smooth,0.6,0.15,0.8,baseline,finalExactTargetFraction,100,0.112,0.0216103645582667,0.0696436854657972,0.154356314534203,NaN,NaN,NaN,NaN,NaN
smooth,0.6,0.15,0.8,random_demonstrator,finalMean,100,0.739133333333333,0.00739424048622479,0.724640621980333,0.753626044686334,100,-0.0978,0.00829847524296028,-0.114065011476202,-0.0815349885237978
smooth,0.6,0.15,0.8,random_demonstrator,lossRate,100,0.0125316455696202,0.00123992168443019,0.0101013990681371,0.0149618920711034,100,0.00455696202531646,0.00147838152303133,0.00165933424017504,0.00745458981045787
smooth,0.6,0.15,0.8,random_demonstrator,bestFunctionalLineageDepth,100,4.3,0.129879509040829,4.04543616227997,4.55456383772003,100,-0.43,0.126535019307349,-0.678008637842404,-0.181991362157596
smooth,0.6,0.15,0.8,random_demonstrator,bestStructuralLineageDepth,100,4.3,0.129879509040829,4.04543616227997,4.55456383772003,100,-0.43,0.126535019307349,-0.678008637842404,-0.181991362157596
smooth,0.6,0.15,0.8,random_demonstrator,finalMeanComponentAccuracy,100,0.739133333333333,0.00739424048622479,0.724640621980333,0.753626044686334,100,-0.0978,0.00829847524296028,-0.114065011476202,-0.0815349885237978
smooth,0.6,0.15,0.8,random_demonstrator,finalExactTargetFraction,100,0.0126666666666667,0.00604472667196132,0.000819002389622471,0.0245143309437109,100,-0.0993333333333333,0.0221563670661792,-0.142759812783044,-0.0559068538836222
smooth,0.6,0.15,0.8,random_copy_error,finalMean,100,0.9442,0.00208872769633814,0.940106093715177,0.948293906284823,100,0.107266666666667,0.00715020503893177,0.0932522647903604,0.121281068542973
smooth,0.6,0.15,0.8,random_copy_error,lossRate,100,0.00594936708860759,0.000907730357499765,0.00417021558790805,0.00772851858930713,100,-0.0020253164556962,0.00143617774562234,-0.00484022483711599,0.000789591925723589
smooth,0.6,0.15,0.8,random_copy_error,bestFunctionalLineageDepth,100,5.72,0.105485888758984,5.51324765803239,5.92675234196761,100,0.99,0.121850214392404,0.751173579790889,1.22882642020911
smooth,0.6,0.15,0.8,random_copy_error,bestStructuralLineageDepth,100,5.72,0.105485888758984,5.51324765803239,5.92675234196761,100,0.99,0.121850214392404,0.751173579790889,1.22882642020911
smooth,0.6,0.15,0.8,random_copy_error,finalMeanComponentAccuracy,100,0.9442,0.00208872769633814,0.940106093715177,0.948293906284823,100,0.107266666666667,0.00715020503893177,0.0932522647903604,0.121281068542973
smooth,0.6,0.15,0.8,random_copy_error,finalExactTargetFraction,100,0.569666666666667,0.0129930914907536,0.54420020734479,0.595133125988544,100,0.457666666666667,0.0246495299468231,0.409353587970894,0.50597974536244
smooth,0.6,0.15,0.8,greedy_acceptance,finalMean,100,0.963033333333333,0.00517507082315706,0.952890194519946,0.973176472146721,100,0.1261,0.00799846435878572,0.11042300985678,0.14177699014322
smooth,0.6,0.15,0.8,greedy_acceptance,lossRate,100,0,0,0,0,100,-0.0079746835443038,0.00104374667908729,-0.0100204270353149,-0.00592894005329272
smooth,0.6,0.15,0.8,greedy_acceptance,bestFunctionalLineageDepth,100,5.15,0.101876336206147,4.95032238103595,5.34967761896405,100,0.42,0.0955367611303247,0.232747948184564,0.607252051815436
smooth,0.6,0.15,0.8,greedy_acceptance,bestStructuralLineageDepth,100,5.15,0.101876336206147,4.95032238103595,5.34967761896405,100,0.42,0.0955367611303247,0.232747948184564,0.607252051815436
smooth,0.6,0.15,0.8,greedy_acceptance,finalMeanComponentAccuracy,100,0.963033333333333,0.00517507082315706,0.952890194519946,0.973176472146721,100,0.1261,0.00799846435878572,0.11042300985678,0.14177699014322
smooth,0.6,0.15,0.8,greedy_acceptance,finalExactTargetFraction,100,0.656666666666667,0.0437432053405785,0.570929984199133,0.742403349134201,100,0.544666666666667,0.0491960506841562,0.448242407325721,0.641090926007613
smooth,0.6,0.15,0.92,baseline,finalMean,100,0.9121,0.00590186392212927,0.900532346712626,0.923667653287373,NaN,NaN,NaN,NaN,NaN
smooth,0.6,0.15,0.92,baseline,lossRate,100,0.0091139240506329,0.00116710028420325,0.00682640749359455,0.0114014406076713,NaN,NaN,NaN,NaN,NaN
smooth,0.6,0.15,0.92,baseline,bestFunctionalLineageDepth,100,4.93,0.102745149065859,4.72861950783092,5.13138049216908,NaN,NaN,NaN,NaN,NaN
smooth,0.6,0.15,0.92,baseline,bestStructuralLineageDepth,100,4.93,0.102745149065859,4.72861950783092,5.13138049216908,NaN,NaN,NaN,NaN,NaN
smooth,0.6,0.15,0.92,baseline,finalMeanComponentAccuracy,100,0.9121,0.00590186392212927,0.900532346712626,0.923667653287373,NaN,NaN,NaN,NaN,NaN
smooth,0.6,0.15,0.92,baseline,finalExactTargetFraction,100,0.348333333333333,0.0372644114891992,0.275295086814503,0.421371579852164,NaN,NaN,NaN,NaN,NaN
smooth,0.6,0.15,0.92,random_demonstrator,finalMean,100,0.831533333333333,0.00785437320549376,0.816138761850565,0.846927904816101,100,-0.0805666666666666,0.00805787914938435,-0.0963601097994599,-0.0647732235338733
smooth,0.6,0.15,0.92,random_demonstrator,lossRate,100,0.0149367088607595,0.00140956059818482,0.0121739700883173,0.0176994476332017,100,0.00582278481012658,0.00163337767116144,0.00262136457465015,0.00902420504560301
smooth,0.6,0.15,0.92,random_demonstrator,bestFunctionalLineageDepth,100,4.55,0.118385605185561,4.3179642138363,4.7820357861637,100,-0.38,0.101284677313925,-0.578517967535292,-0.181482032464708
smooth,0.6,0.15,0.92,random_demonstrator,bestStructuralLineageDepth,100,4.55,0.118385605185561,4.3179642138363,4.7820357861637,100,-0.38,0.101284677313925,-0.578517967535292,-0.181482032464708
smooth,0.6,0.15,0.92,random_demonstrator,finalMeanComponentAccuracy,100,0.831533333333333,0.00785437320549376,0.816138761850565,0.846927904816101,100,-0.0805666666666666,0.00805787914938435,-0.0963601097994599,-0.0647732235338733
smooth,0.6,0.15,0.92,random_demonstrator,finalExactTargetFraction,100,0.093,0.0218878633816071,0.05009978777205,0.13590021222795,100,-0.255333333333333,0.0377189678904466,-0.329262510398609,-0.181404156268058
smooth,0.6,0.15,0.92,random_copy_error,finalMean,100,0.972233333333333,0.00125444663642435,0.969774617925941,0.974692048740725,100,0.0601333333333334,0.00594058120477324,0.0484897941719779,0.0717768724946889
smooth,0.6,0.15,0.92,random_copy_error,lossRate,100,0.00607594936708861,0.000871805000128683,0.00436721156683639,0.00778468716734083,100,-0.0030379746835443,0.00140657204589071,-0.00579485589349009,-0.000281093473598521
smooth,0.6,0.15,0.92,random_copy_error,bestFunctionalLineageDepth,100,5.36,0.103005344570566,5.15810952464169,5.56189047535831,100,0.43,0.0912926253009707,0.251066454410098,0.608933545589903
smooth,0.6,0.15,0.92,random_copy_error,bestStructuralLineageDepth,100,5.36,0.103005344570566,5.15810952464169,5.56189047535831,100,0.43,0.0912926253009707,0.251066454410098,0.608933545589903
smooth,0.6,0.15,0.92,random_copy_error,finalMeanComponentAccuracy,100,0.972233333333333,0.00125444663642435,0.969774617925941,0.974692048740725,100,0.0601333333333334,0.00594058120477324,0.0484897941719779,0.0717768724946889
smooth,0.6,0.15,0.92,random_copy_error,finalExactTargetFraction,100,0.753,0.0102175549292266,0.732973592338716,0.773026407661284,100,0.404666666666667,0.0371698561238118,0.331813748663995,0.477519584669338
smooth,0.6,0.15,0.92,greedy_acceptance,finalMean,100,0.994733333333334,0.00211147258999887,0.990594847056936,0.998871819609731,100,0.0826333333333334,0.00631057313826037,0.0702646099823431,0.0950020566843238
smooth,0.6,0.15,0.92,greedy_acceptance,lossRate,100,0,0,0,0,100,-0.0091139240506329,0.00116710028420325,-0.0114014406076713,-0.00682640749359455
smooth,0.6,0.15,0.92,greedy_acceptance,bestFunctionalLineageDepth,100,5.22,0.095958745344449,5.03192085912488,5.40807914087512,100,0.29,0.0782317200386264,0.136665828724292,0.443334171275708
smooth,0.6,0.15,0.92,greedy_acceptance,bestStructuralLineageDepth,100,5.22,0.095958745344449,5.03192085912488,5.40807914087512,100,0.29,0.0782317200386264,0.136665828724292,0.443334171275708
smooth,0.6,0.15,0.92,greedy_acceptance,finalMeanComponentAccuracy,100,0.994733333333334,0.00211147258999887,0.990594847056936,0.998871819609731,100,0.0826333333333334,0.00631057313826037,0.0702646099823431,0.0950020566843238
smooth,0.6,0.15,0.92,greedy_acceptance,finalExactTargetFraction,100,0.947333333333333,0.0211147258999886,0.905948470569356,0.988718196097311,100,0.599,0.0435218767957038,0.513697121480421,0.68430287851958
smooth,0.6,0.15,0.98,baseline,finalMean,100,0.958,0.0047237965290206,0.94874135880312,0.96725864119688,NaN,NaN,NaN,NaN,NaN
smooth,0.6,0.15,0.98,baseline,lossRate,100,0.00721518987341772,0.000867617855479531,0.00551465887667784,0.0089157208701576,NaN,NaN,NaN,NaN,NaN
smooth,0.6,0.15,0.98,baseline,bestFunctionalLineageDepth,100,5.12,0.0997775303139717,4.92443604058462,5.31556395941538,NaN,NaN,NaN,NaN,NaN
smooth,0.6,0.15,0.98,baseline,bestStructuralLineageDepth,100,5.12,0.0997775303139717,4.92443604058462,5.31556395941538,NaN,NaN,NaN,NaN,NaN
smooth,0.6,0.15,0.98,baseline,finalMeanComponentAccuracy,100,0.958,0.0047237965290206,0.94874135880312,0.96725864119688,NaN,NaN,NaN,NaN,NaN
smooth,0.6,0.15,0.98,baseline,finalExactTargetFraction,100,0.639,0.0353404319151044,0.569732753446395,0.708267246553605,NaN,NaN,NaN,NaN,NaN
smooth,0.6,0.15,0.98,random_demonstrator,finalMean,100,0.8912,0.00696367357932696,0.877551199784519,0.904848800215481,100,-0.0668,0.00678645247159887,-0.0801014468443338,-0.0534985531556662
smooth,0.6,0.15,0.98,random_demonstrator,lossRate,100,0.00974683544303797,0.00104684339759379,0.00769502238375414,0.0117986485023218,100,0.00253164556962025,0.00125941351433694,6.31950815198536e-05,0.00500009605772066
smooth,0.6,0.15,0.98,random_demonstrator,bestFunctionalLineageDepth,100,4.78,0.106912595283732,4.57045131324389,4.98954868675611,100,-0.34,0.0781348226148272,-0.493144252325061,-0.186855747674939
smooth,0.6,0.15,0.98,random_demonstrator,bestStructuralLineageDepth,100,4.78,0.106912595283732,4.57045131324389,4.98954868675611,100,-0.34,0.0781348226148272,-0.493144252325061,-0.186855747674939
smooth,0.6,0.15,0.98,random_demonstrator,finalMeanComponentAccuracy,100,0.8912,0.00696367357932696,0.877551199784519,0.904848800215481,100,-0.0668,0.00678645247159887,-0.0801014468443338,-0.0534985531556662
smooth,0.6,0.15,0.98,random_demonstrator,finalExactTargetFraction,100,0.244666666666667,0.0352264440002444,0.175622836426188,0.313710496907146,100,-0.394333333333333,0.0433606621929796,-0.479320231231573,-0.309346435435093
smooth,0.6,0.15,0.98,random_copy_error,finalMean,100,0.9714,0.00334314381233352,0.964847438127826,0.977952561872174,100,0.0134,0.00541519249559144,0.00278622270864079,0.0240137772913592
smooth,0.6,0.15,0.98,random_copy_error,lossRate,100,0.00772151898734177,0.000950240402994095,0.00585904779747334,0.0095839901772102,100,0.00050632911392405,0.00116487934920459,-0.00177683441051695,0.00278949263836505
smooth,0.6,0.15,0.98,random_copy_error,bestFunctionalLineageDepth,100,5.3,0.102000198058829,5.10007961180469,5.49992038819531,100,0.18,0.0592546294487706,0.0638609262804096,0.29613907371959
smooth,0.6,0.15,0.98,random_copy_error,bestStructuralLineageDepth,100,5.3,0.102000198058829,5.10007961180469,5.49992038819531,100,0.18,0.0592546294487706,0.0638609262804096,0.29613907371959
smooth,0.6,0.15,0.98,random_copy_error,finalMeanComponentAccuracy,100,0.9714,0.00334314381233352,0.964847438127826,0.977952561872174,100,0.0134,0.00541519249559144,0.00278622270864079,0.0240137772913592
smooth,0.6,0.15,0.98,random_copy_error,finalExactTargetFraction,100,0.74,0.02911334712671,0.682937839631648,0.797062160368351,100,0.101,0.0427806112140461,0.0171500020204697,0.18484999797953
smooth,0.6,0.15,0.98,greedy_acceptance,finalMean,100,0.995266666666667,0.0020836491343139,0.991182714363412,0.999350618969922,100,0.0372666666666668,0.00429375345624146,0.0288509098924335,0.0456824234409
smooth,0.6,0.15,0.98,greedy_acceptance,lossRate,100,0,0,0,0,100,-0.00721518987341772,0.000867617855479531,-0.0089157208701576,-0.00551465887667784
smooth,0.6,0.15,0.98,greedy_acceptance,bestFunctionalLineageDepth,100,5.23,0.0993463485473773,5.03528115684714,5.42471884315286,100,0.11,0.0566666666666667,-0.0010666666666667,0.221066666666667
smooth,0.6,0.15,0.98,greedy_acceptance,bestStructuralLineageDepth,100,5.23,0.0993463485473773,5.03528115684714,5.42471884315286,100,0.11,0.0566666666666667,-0.0010666666666667,0.221066666666667
smooth,0.6,0.15,0.98,greedy_acceptance,finalMeanComponentAccuracy,100,0.995266666666667,0.0020836491343139,0.991182714363412,0.999350618969922,100,0.0372666666666668,0.00429375345624146,0.0288509098924335,0.0456824234409
smooth,0.6,0.15,0.98,greedy_acceptance,finalExactTargetFraction,100,0.952666666666667,0.020836491343139,0.911827143634114,0.993506189699219,100,0.313666666666667,0.033252747707198,0.248491281160559,0.378842052172775
opaque,0,0,0.45,baseline,finalMean,100,0,0,0,0,NaN,NaN,NaN,NaN,NaN
opaque,0,0,0.45,baseline,lossRate,100,0.0449367088607595,0.000906302827058739,0.0431603553197244,0.0467130624017946,NaN,NaN,NaN,NaN,NaN
opaque,0,0,0.45,baseline,bestFunctionalLineageDepth,100,0,0,0,0,NaN,NaN,NaN,NaN,NaN
opaque,0,0,0.45,baseline,bestStructuralLineageDepth,100,0,0,0,0,NaN,NaN,NaN,NaN,NaN
opaque,0,0,0.45,baseline,finalMeanComponentAccuracy,100,0,0,0,0,NaN,NaN,NaN,NaN,NaN
opaque,0,0,0.45,baseline,finalExactTargetFraction,100,0,0,0,0,NaN,NaN,NaN,NaN,NaN
opaque,0,0,0.45,random_demonstrator,finalMean,100,0,0,0,0,100,0,0,0,0
opaque,0,0,0.45,random_demonstrator,lossRate,100,0.0439240506329114,0.000992886512359843,0.0419779930686861,0.0458701081971367,100,-0.0010126582278481,0.000465005982683291,-0.00192406995390735,-0.000101246501788852
opaque,0,0,0.45,random_demonstrator,bestFunctionalLineageDepth,100,0,0,0,0,100,0,0,0,0
opaque,0,0,0.45,random_demonstrator,bestStructuralLineageDepth,100,0,0,0,0,100,0,0,0,0
opaque,0,0,0.45,random_demonstrator,finalMeanComponentAccuracy,100,0,0,0,0,100,0,0,0,0
opaque,0,0,0.45,random_demonstrator,finalExactTargetFraction,100,0,0,0,0,100,0,0,0,0
opaque,0,0,0.45,random_copy_error,finalMean,100,0.024363987021,0.00056931950647014,0.0232481207883185,0.0254798532536815,100,0.024363987021,0.00056931950647014,0.0232481207883185,0.0254798532536815
opaque,0,0,0.45,random_copy_error,lossRate,100,0.129746835443038,0.00346251083822074,0.122960314200125,0.136533356685951,100,0.0848101265822785,0.00371124898179877,0.0775360785779529,0.0920841745866041
opaque,0,0,0.45,random_copy_error,bestFunctionalLineageDepth,100,12.83,0.239972641538298,12.3596536225849,13.3003463774151,100,12.83,0.239972641538298,12.3596536225849,13.3003463774151
opaque,0,0,0.45,random_copy_error,bestStructuralLineageDepth,100,12.83,0.239972641538298,12.3596536225849,13.3003463774151,100,12.83,0.239972641538298,12.3596536225849,13.3003463774151
opaque,0,0,0.45,random_copy_error,finalMeanComponentAccuracy,100,0.2331,0.00342213531307722,0.226392614786369,0.239807385213631,100,0.2331,0.00342213531307722,0.226392614786369,0.239807385213631
opaque,0,0,0.45,random_copy_error,finalExactTargetFraction,100,0,0,0,0,100,0,0,0,0
opaque,0,0,0.45,greedy_acceptance,finalMean,100,0.0399984893583333,0.000611122133927351,0.0388006899758357,0.0411962887408309,100,0.0399984893583333,0.000611122133927351,0.0388006899758357,0.0411962887408309
opaque,0,0,0.45,greedy_acceptance,lossRate,100,0,0,0,0,100,-0.0449367088607595,0.000906302827058739,-0.0467130624017946,-0.0431603553197244
opaque,0,0,0.45,greedy_acceptance,bestFunctionalLineageDepth,100,0,0,0,0,100,0,0,0,0
opaque,0,0,0.45,greedy_acceptance,bestStructuralLineageDepth,100,0,0,0,0,100,0,0,0,0
opaque,0,0,0.45,greedy_acceptance,finalMeanComponentAccuracy,100,0.388233333333334,0.00469913070739288,0.379023037146844,0.397443629519824,100,0.388233333333334,0.00469913070739288,0.379023037146844,0.397443629519824
opaque,0,0,0.45,greedy_acceptance,finalExactTargetFraction,100,0,0,0,0,100,0,0,0,0
opaque,0,0,0.65,baseline,finalMean,100,0,0,0,0,NaN,NaN,NaN,NaN,NaN
opaque,0,0,0.65,baseline,lossRate,100,0.0518987341772152,0.0011017573161753,0.0497392898375116,0.0540581785169188,NaN,NaN,NaN,NaN,NaN
opaque,0,0,0.65,baseline,bestFunctionalLineageDepth,100,0,0,0,0,NaN,NaN,NaN,NaN,NaN
opaque,0,0,0.65,baseline,bestStructuralLineageDepth,100,0,0,0,0,NaN,NaN,NaN,NaN,NaN
opaque,0,0,0.65,baseline,finalMeanComponentAccuracy,100,0,0,0,0,NaN,NaN,NaN,NaN,NaN
opaque,0,0,0.65,baseline,finalExactTargetFraction,100,0,0,0,0,NaN,NaN,NaN,NaN,NaN
opaque,0,0,0.65,random_demonstrator,finalMean,100,0,0,0,0,100,0,0,0,0
opaque,0,0,0.65,random_demonstrator,lossRate,100,0.0512658227848102,0.00105485232067511,0.0491983122362869,0.0533333333333334,100,-0.000632911392405064,0.000488597591210472,-0.00159056267117759,0.000324739886367461
opaque,0,0,0.65,random_demonstrator,bestFunctionalLineageDepth,100,0,0,0,0,100,0,0,0,0
opaque,0,0,0.65,random_demonstrator,bestStructuralLineageDepth,100,0,0,0,0,100,0,0,0,0
opaque,0,0,0.65,random_demonstrator,finalMeanComponentAccuracy,100,0,0,0,0,100,0,0,0,0
opaque,0,0,0.65,random_demonstrator,finalExactTargetFraction,100,0,0,0,0,100,0,0,0,0
opaque,0,0,0.65,random_copy_error,finalMean,100,0.0479538818923333,0.00657631944419535,0.0350642957817105,0.0608434680029562,100,0.0479538818923333,0.00657631944419535,0.0350642957817105,0.0608434680029562
opaque,0,0,0.65,random_copy_error,lossRate,100,0.104050632911392,0.00396869237046506,0.096271995865281,0.111829269957504,100,0.0521518987341772,0.00414698097396318,0.0440238160252094,0.0602799814431451
opaque,0,0,0.65,random_copy_error,bestFunctionalLineageDepth,100,10.67,0.277454154917183,10.1261898563623,11.2138101436377,100,10.67,0.277454154917183,10.1261898563623,11.2138101436377
opaque,0,0,0.65,random_copy_error,bestStructuralLineageDepth,100,10.67,0.277454154917183,10.1261898563623,11.2138101436377,100,10.67,0.277454154917183,10.1261898563623,11.2138101436377
opaque,0,0,0.65,random_copy_error,finalMeanComponentAccuracy,100,0.316033333333333,0.0128812843292437,0.290786016048016,0.341280650618651,100,0.316033333333333,0.0128812843292437,0.290786016048016,0.341280650618651
opaque,0,0,0.65,random_copy_error,finalExactTargetFraction,100,0.00366666666666667,0.00275831565905209,-0.00173963202507542,0.00907296535840875,100,0.00366666666666667,0.00275831565905209,-0.00173963202507542,0.00907296535840875
opaque,0,0,0.65,greedy_acceptance,finalMean,100,0.0535087230023333,0.00142052412900023,0.0507244957094929,0.0562929502951738,100,0.0535087230023333,0.00142052412900023,0.0507244957094929,0.0562929502951738
opaque,0,0,0.65,greedy_acceptance,lossRate,100,0,0,0,0,100,-0.0518987341772152,0.0011017573161753,-0.0540581785169188,-0.0497392898375116
opaque,0,0,0.65,greedy_acceptance,bestFunctionalLineageDepth,100,0,0,0,0,100,0,0,0,0
opaque,0,0,0.65,greedy_acceptance,bestStructuralLineageDepth,100,0,0,0,0,100,0,0,0,0
opaque,0,0,0.65,greedy_acceptance,finalMeanComponentAccuracy,100,0.483833333333333,0.00698023102341833,0.470152080527433,0.497514586139233,100,0.483833333333333,0.00698023102341833,0.470152080527433,0.497514586139233
opaque,0,0,0.65,greedy_acceptance,finalExactTargetFraction,100,0,0,0,0,100,0,0,0,0
opaque,0,0,0.8,baseline,finalMean,100,0.000826673506666667,0.000160353628970656,0.000512380393884181,0.00114096661944915,NaN,NaN,NaN,NaN,NaN
opaque,0,0,0.8,baseline,lossRate,100,0.049746835443038,0.0011415113255877,0.0475094732448861,0.0519841976411899,NaN,NaN,NaN,NaN,NaN
opaque,0,0,0.8,baseline,bestFunctionalLineageDepth,100,0,0,0,0,NaN,NaN,NaN,NaN,NaN
opaque,0,0,0.8,baseline,bestStructuralLineageDepth,100,0,0,0,0,NaN,NaN,NaN,NaN,NaN
opaque,0,0,0.8,baseline,finalMeanComponentAccuracy,100,0.00826666666666667,0.00160350345947762,0.00512379988609054,0.0114095334472428,NaN,NaN,NaN,NaN,NaN
opaque,0,0,0.8,baseline,finalExactTargetFraction,100,0,0,0,0,NaN,NaN,NaN,NaN,NaN
opaque,0,0,0.8,random_demonstrator,finalMean,100,0.000466668610666667,0.000111515053699229,0.000248099105416178,0.000685238115917155,100,-0.000360004896,0.000145082934563363,-0.000644367447744191,-7.56423442558093e-05
opaque,0,0,0.8,random_demonstrator,lossRate,100,0.0503797468354431,0.0011087861422735,0.048206525996587,0.0525529676742991,100,0.000632911392405063,0.000958381108450249,-0.00124551558015742,0.00251133836496755
opaque,0,0,0.8,random_demonstrator,bestFunctionalLineageDepth,100,0,0,0,0,100,0,0,0,0
opaque,0,0,0.8,random_demonstrator,bestStructuralLineageDepth,100,0,0,0,0,100,0,0,0,0
opaque,0,0,0.8,random_demonstrator,finalMeanComponentAccuracy,100,0.00466666666666667,0.00111514419555496,0.00248098404337895,0.00685234928995438,100,-0.0036,0.00145078638840497,-0.00644354132127375,-0.000756458678726255
opaque,0,0,0.8,random_demonstrator,finalExactTargetFraction,100,0,0,0,0,100,0,0,0,0
opaque,0,0,0.8,random_copy_error,finalMean,100,0.390395103435333,0.0387482241172455,0.314448584165532,0.466341622705135,100,0.389568429928667,0.0387343989159288,0.313649008053446,0.465487851803887
opaque,0,0,0.8,random_copy_error,lossRate,100,0.0646835443037975,0.00407459588179345,0.0566973363754823,0.0726697522321127,100,0.0149367088607595,0.00423999580901914,0.00662631707508197,0.023247100646437
opaque,0,0,0.8,random_copy_error,bestFunctionalLineageDepth,100,8.98,0.253054072554392,8.48401401779339,9.47598598220661,100,8.98,0.253054072554392,8.48401401779339,9.47598598220661
opaque,0,0,0.8,random_copy_error,bestStructuralLineageDepth,100,8.98,0.253054072554392,8.48401401779339,9.47598598220661,100,8.98,0.253054072554392,8.48401401779339,9.47598598220661
opaque,0,0,0.8,random_copy_error,finalMeanComponentAccuracy,100,0.656133333333333,0.029193757308178,0.598913569009304,0.713353097657362,100,0.647866666666666,0.029017527115697,0.5909923135199,0.704741019813433
opaque,0,0,0.8,random_copy_error,finalExactTargetFraction,100,0.283666666666667,0.0393650360168267,0.206511196073686,0.360822137259647,100,0.283666666666667,0.0393650360168267,0.206511196073686,0.360822137259647
opaque,0,0,0.8,greedy_acceptance,finalMean,100,0.05419774636,0.00169443600840522,0.0508766517835258,0.0575188409364743,100,0.0533710728533334,0.00171148111148475,0.0500165698748233,0.0567255758318435
opaque,0,0,0.8,greedy_acceptance,lossRate,100,0,0,0,0,100,-0.049746835443038,0.0011415113255877,-0.0519841976411899,-0.0475094732448861
opaque,0,0,0.8,greedy_acceptance,bestFunctionalLineageDepth,100,0,0,0,0,100,0,0,0,0
opaque,0,0,0.8,greedy_acceptance,bestStructuralLineageDepth,100,0,0,0,0,100,0,0,0,0
opaque,0,0,0.8,greedy_acceptance,finalMeanComponentAccuracy,100,0.484,0.00813025276981042,0.468064704571171,0.499935295428828,100,0.475733333333333,0.00846105224914362,0.459149670925012,0.492316995741655
opaque,0,0,0.8,greedy_acceptance,finalExactTargetFraction,100,0,0,0,0,100,0,0,0,0
opaque,0,0,0.92,baseline,finalMean,100,0.013946156301,0.00104403851663854,0.0118998408083885,0.0159924717936115,NaN,NaN,NaN,NaN,NaN
opaque,0,0,0.92,baseline,lossRate,100,0.03,0.00129308326812457,0.0274655567944759,0.0325344432055242,NaN,NaN,NaN,NaN,NaN
opaque,0,0,0.92,baseline,bestFunctionalLineageDepth,100,0,0,0,0,NaN,NaN,NaN,NaN,NaN
opaque,0,0,0.92,baseline,bestStructuralLineageDepth,100,0,0,0,0,NaN,NaN,NaN,NaN,NaN
opaque,0,0,0.92,baseline,finalMeanComponentAccuracy,100,0.1371,0.00951561478852478,0.118449395014491,0.155750604985509,NaN,NaN,NaN,NaN,NaN
opaque,0,0,0.92,baseline,finalExactTargetFraction,100,0,0,0,0,NaN,NaN,NaN,NaN,NaN
opaque,0,0,0.92,random_demonstrator,finalMean,100,0.009803140429,0.000908144127371363,0.00802317793935213,0.0115831029186479,100,-0.004143015872,0.000653879866271459,-0.00542462040989206,-0.00286141133410794
opaque,0,0,0.92,random_demonstrator,lossRate,100,0.0340506329113924,0.00130603559560971,0.0314908031439974,0.0366104626787875,100,0.00405063291139241,0.00106257243993438,0.00196799092912103,0.00613327489366379
opaque,0,0,0.92,random_demonstrator,bestFunctionalLineageDepth,100,0,0,0,0,100,0,0,0,0
opaque,0,0,0.92,random_demonstrator,bestStructuralLineageDepth,100,0,0,0,0,100,0,0,0,0
opaque,0,0,0.92,random_demonstrator,finalMeanComponentAccuracy,100,0.0967,0.00844105394454537,0.080155534268691,0.113244465731309,100,-0.0404,0.00628365774511057,-0.0527159691804167,-0.0280840308195833
opaque,0,0,0.92,random_demonstrator,finalExactTargetFraction,100,0,0,0,0,100,0,0,0,0
opaque,0,0,0.92,random_copy_error,finalMean,100,0.748896627598333,0.0376598313044065,0.675083358241696,0.82270989695497,100,0.734950471297333,0.0372804941581498,0.66188070274736,0.808020239847307
opaque,0,0,0.92,random_copy_error,lossRate,100,0.0310126582278481,0.00277779800885717,0.0255681741304881,0.0364571423252082,100,0.0010126582278481,0.00272666572513139,-0.00433160659340943,0.00635692304910564
opaque,0,0,0.92,random_copy_error,bestFunctionalLineageDepth,100,6.61,0.181961811955424,6.25335484856737,6.96664515143263,100,6.61,0.181961811955424,6.25335484856737,6.96664515143263
opaque,0,0,0.92,random_copy_error,bestStructuralLineageDepth,100,6.61,0.181961811955424,6.25335484856737,6.96664515143263,100,6.61,0.181961811955424,6.25335484856737,6.96664515143263
opaque,0,0,0.92,random_copy_error,finalMeanComponentAccuracy,100,0.883033333333333,0.0210923944143958,0.841692240281118,0.924374426385549,100,0.745933333333333,0.0195175008519578,0.707679031663496,0.784187635003171
opaque,0,0,0.92,random_copy_error,finalExactTargetFraction,100,0.685666666666667,0.0446189880714563,0.598213450046612,0.773119883286721,100,0.685666666666667,0.0446189880714563,0.598213450046612,0.773119883286721
opaque,0,0,0.92,greedy_acceptance,finalMean,100,0.0545960351200001,0.00151674832529997,0.0516232084024121,0.057568861837588,100,0.040649878819,0.00134682782910689,0.0380100962739505,0.0432896613640495
opaque,0,0,0.92,greedy_acceptance,lossRate,100,0,0,0,0,100,-0.03,0.00129308326812457,-0.0325344432055242,-0.0274655567944759
opaque,0,0,0.92,greedy_acceptance,bestFunctionalLineageDepth,100,0,0,0,0,100,0,0,0,0
opaque,0,0,0.92,greedy_acceptance,bestStructuralLineageDepth,100,0,0,0,0,100,0,0,0,0
opaque,0,0,0.92,greedy_acceptance,finalMeanComponentAccuracy,100,0.49,0.00771984194112544,0.474869109795394,0.505130890204606,100,0.3529,0.00929980208085018,0.334672387921534,0.371127612078466
opaque,0,0,0.92,greedy_acceptance,finalExactTargetFraction,100,0,0,0,0,100,0,0,0,0
opaque,0,0,0.98,baseline,finalMean,100,0.0334906429203333,0.00137159018030053,0.0308023261669443,0.0361789596737224,NaN,NaN,NaN,NaN,NaN
opaque,0,0,0.98,baseline,lossRate,100,0.010126582278481,0.00104908280254525,0.00807037998549232,0.0121827845714697,NaN,NaN,NaN,NaN,NaN
opaque,0,0,0.98,baseline,bestFunctionalLineageDepth,100,0,0,0,0,NaN,NaN,NaN,NaN,NaN
opaque,0,0,0.98,baseline,bestStructuralLineageDepth,100,0,0,0,0,NaN,NaN,NaN,NaN,NaN
opaque,0,0,0.98,baseline,finalMeanComponentAccuracy,100,0.321633333333333,0.0109292690770665,0.300211965942283,0.343054700724384,NaN,NaN,NaN,NaN,NaN
opaque,0,0,0.98,baseline,finalExactTargetFraction,100,0,0,0,0,NaN,NaN,NaN,NaN,NaN
opaque,0,0,0.98,random_demonstrator,finalMean,100,0.028779474271,0.00135071598438326,0.0261320709416088,0.0314268776003912,100,-0.00471116864933333,0.00079881583511184,-0.00627684768615254,-0.00314548961251413
opaque,0,0,0.98,random_demonstrator,lossRate,100,0.0139240506329114,0.00120019085900744,0.0115716765492568,0.016276424716566,100,0.00379746835443038,0.000794488499317529,0.00224027089576802,0.00535466581309274
opaque,0,0,0.98,random_demonstrator,bestFunctionalLineageDepth,100,0,0,0,0,100,0,0,0,0
opaque,0,0,0.98,random_demonstrator,bestStructuralLineageDepth,100,0,0,0,0,100,0,0,0,0
opaque,0,0,0.98,random_demonstrator,finalMeanComponentAccuracy,100,0.2791,0.0112998967050293,0.256952202458143,0.301247797541857,100,-0.0425333333333334,0.00689379427826695,-0.0560451701187366,-0.0290214965479301
opaque,0,0,0.98,random_demonstrator,finalExactTargetFraction,100,0,0,0,0,100,0,0,0,0
opaque,0,0,0.98,random_copy_error,finalMean,100,0.350881857983333,0.0390264275050514,0.274390060073433,0.427373655893234,100,0.317391215063,0.0383399701945274,0.242244873481726,0.392537556644274
opaque,0,0,0.98,random_copy_error,lossRate,100,0.0330379746835443,0.00252457137184978,0.0280898147947187,0.0379861345723699,100,0.0229113924050633,0.0023089286705715,0.0183858922107432,0.0274368925993835
opaque,0,0,0.98,random_copy_error,bestFunctionalLineageDepth,100,4.25,0.147281768022791,3.96132773467533,4.53867226532467,100,4.25,0.147281768022791,3.96132773467533,4.53867226532467
opaque,0,0,0.98,random_copy_error,bestStructuralLineageDepth,100,4.25,0.147281768022791,3.96132773467533,4.53867226532467,100,4.25,0.147281768022791,3.96132773467533,4.53867226532467
opaque,0,0,0.98,random_copy_error,finalMeanComponentAccuracy,100,0.688733333333334,0.0243803926665852,0.640947763706827,0.73651890295984,100,0.3671,0.0208293615069122,0.326274451446452,0.407925548553548
opaque,0,0,0.98,random_copy_error,finalExactTargetFraction,100,0.246,0.0429281235729033,0.16186087779711,0.330139122202891,100,0.246,0.0429281235729033,0.16186087779711,0.330139122202891
opaque,0,0,0.98,greedy_acceptance,finalMean,100,0.0540978323,0.0017423036685825,0.0506829171095783,0.0575127474904217,100,0.0206071893796667,0.00162066182744831,0.017430692197868,0.0237836865614653
opaque,0,0,0.98,greedy_acceptance,lossRate,100,0,0,0,0,100,-0.010126582278481,0.00104908280254525,-0.0121827845714697,-0.00807037998549232
opaque,0,0,0.98,greedy_acceptance,bestFunctionalLineageDepth,100,0,0,0,0,100,0,0,0,0
opaque,0,0,0.98,greedy_acceptance,bestStructuralLineageDepth,100,0,0,0,0,100,0,0,0,0
opaque,0,0,0.98,greedy_acceptance,finalMeanComponentAccuracy,100,0.482,0.00868994542647716,0.464967706964105,0.499032293035895,100,0.160366666666667,0.0109063861686289,0.138990149776154,0.181743183557179
opaque,0,0,0.98,greedy_acceptance,finalExactTargetFraction,100,0,0,0,0,100,0,0,0,0
opaque,0,0.03,0.45,baseline,finalMean,100,0.000206666852666667,2.95039687277039e-05,0.000148839073960367,0.000264494631372966,NaN,NaN,NaN,NaN,NaN
opaque,0,0.03,0.45,baseline,lossRate,100,0.0958227848101267,0.00202958730108741,0.0918447936999953,0.099800775920258,NaN,NaN,NaN,NaN,NaN
opaque,0,0.03,0.45,baseline,bestFunctionalLineageDepth,100,1.13,0.0705748402818461,0.991673313047582,1.26832668695242,NaN,NaN,NaN,NaN,NaN
opaque,0,0.03,0.45,baseline,bestStructuralLineageDepth,100,1.13,0.0705748402818461,0.991673313047582,1.26832668695242,NaN,NaN,NaN,NaN,NaN
opaque,0,0.03,0.45,baseline,finalMeanComponentAccuracy,100,0.00206666666666667,0.000295039421741559,0.00148838940005321,0.00264494393328012,NaN,NaN,NaN,NaN,NaN
opaque,0,0.03,0.45,baseline,finalExactTargetFraction,100,0,0,0,0,NaN,NaN,NaN,NaN,NaN
opaque,0,0.03,0.45,random_demonstrator,finalMean,100,0.000196666843666667,2.88558734306984e-05,0.000140109331742498,0.000253224355590835,100,-1.0000009e-05,7.42339012616556e-06,-2.45498536472845e-05,4.5498356472845e-06
opaque,0,0.03,0.45,random_demonstrator,lossRate,100,0.0963291139240507,0.00206625765408643,0.0922792489220413,0.10037897892606,100,0.000506329113924051,0.00050632911392405,-0.000486075949367088,0.00149873417721519
opaque,0,0.03,0.45,random_demonstrator,bestFunctionalLineageDepth,100,1.06,0.0693694544603113,0.92403586925779,1.19596413074221,100,-0.07,0.0256432399976243,-0.120260750395344,-0.0197392496046564
opaque,0,0.03,0.45,random_demonstrator,bestStructuralLineageDepth,100,1.06,0.0693694544603113,0.92403586925779,1.19596413074221,100,-0.07,0.0256432399976243,-0.120260750395344,-0.0197392496046564
opaque,0,0.03,0.45,random_demonstrator,finalMeanComponentAccuracy,100,0.00196666666666667,0.000288558474604357,0.00140109205644213,0.0025322412768912,100,-0.0001,7.42338344512046e-05,-0.000245498315524361,4.54983155243609e-05
opaque,0,0.03,0.45,random_demonstrator,finalExactTargetFraction,100,0,0,0,0,100,0,0,0,0
opaque,0,0.03,0.45,random_copy_error,finalMean,100,0.0243932855546667,0.000408108453181832,0.0235933929864303,0.025193178122903,100,0.024186618702,0.000409437571814846,0.0233841210612429,0.0249891163427571
opaque,0,0.03,0.45,random_copy_error,lossRate,100,0.134050632911393,0.0029348686305584,0.128298290395498,0.139802975427287,100,0.0382278481012658,0.00347932099635262,0.0314083789484147,0.045047317254117
opaque,0,0.03,0.45,random_copy_error,bestFunctionalLineageDepth,100,12.81,0.24024188147815,12.3391259123028,13.2808740876972,100,11.68,0.249395228097852,11.1911853529282,12.1688146470718
opaque,0,0.03,0.45,random_copy_error,bestStructuralLineageDepth,100,12.81,0.24024188147815,12.3391259123028,13.2808740876972,100,11.68,0.249395228097852,11.1911853529282,12.1688146470718
opaque,0,0.03,0.45,random_copy_error,finalMeanComponentAccuracy,100,0.233066666666667,0.00272852496504036,0.227718757735188,0.238414575598146,100,0.231,0.00272927348982602,0.225650623959941,0.236349376040059
opaque,0,0.03,0.45,random_copy_error,finalExactTargetFraction,100,0,0,0,0,100,0,0,0,0
opaque,0,0.03,0.45,greedy_acceptance,finalMean,100,0.0415997556046667,0.00048395449246978,0.0406512047994259,0.0425483064099074,100,0.041393088752,0.000483014259790956,0.0404463808028097,0.0423397967011903
opaque,0,0.03,0.45,greedy_acceptance,lossRate,100,0,0,0,0,100,-0.0958227848101267,0.00202958730108741,-0.099800775920258,-0.0918447936999953
opaque,0,0.03,0.45,greedy_acceptance,bestFunctionalLineageDepth,100,0.8,0.0828775414010748,0.637560018853893,0.962439981146107,100,-0.33,0.107360433243643,-0.540426449157539,-0.119573550842461
opaque,0,0.03,0.45,greedy_acceptance,bestStructuralLineageDepth,100,0.8,0.0828775414010748,0.637560018853893,0.962439981146107,100,-0.33,0.107360433243643,-0.540426449157539,-0.119573550842461
opaque,0,0.03,0.45,greedy_acceptance,finalMeanComponentAccuracy,100,0.402466666666667,0.00379012243316247,0.395038026697668,0.409895306635665,100,0.4004,0.00378142426507563,0.392988408440452,0.407811591559548
opaque,0,0.03,0.45,greedy_acceptance,finalExactTargetFraction,100,0,0,0,0,100,0,0,0,0
opaque,0,0.03,0.65,baseline,finalMean,100,0.000360001848,5.7575759782175e-05,0.000247153358826937,0.000472850337173063,NaN,NaN,NaN,NaN,NaN
opaque,0,0.03,0.65,baseline,lossRate,100,0.0817721518987342,0.0022065973964095,0.0774472210017716,0.0860970827956968,NaN,NaN,NaN,NaN,NaN
opaque,0,0.03,0.65,baseline,bestFunctionalLineageDepth,100,1.03,0.0731057073315377,0.886712813630186,1.17328718636981,NaN,NaN,NaN,NaN,NaN
opaque,0,0.03,0.65,baseline,bestStructuralLineageDepth,100,1.03,0.0731057073315377,0.886712813630186,1.17328718636981,NaN,NaN,NaN,NaN,NaN
opaque,0,0.03,0.65,baseline,finalMeanComponentAccuracy,100,0.0036,0.000575754031532596,0.00247152209819611,0.00472847790180389,NaN,NaN,NaN,NaN,NaN
opaque,0,0.03,0.65,baseline,finalExactTargetFraction,100,0,0,0,0,NaN,NaN,NaN,NaN,NaN
opaque,0,0.03,0.65,random_demonstrator,finalMean,100,0.000353335175333333,5.72120389677298e-05,0.000241199578956583,0.000465470771710084,100,-6.66667266666667e-06,6.66667266666667e-06,-1.97333510933333e-05,6.40000576000001e-06
opaque,0,0.03,0.65,random_demonstrator,lossRate,100,0.0839240506329114,0.00212617277978387,0.079756751984535,0.0880913492812878,100,0.00215189873417722,0.00106523467506723,6.40387710454512e-05,0.00423975869730898
opaque,0,0.03,0.65,random_demonstrator,bestFunctionalLineageDepth,100,0.95,0.0729950876996722,0.806929628108643,1.09307037189136,100,-0.08,0.0307482445914323,-0.140266559399207,-0.0197334406007928
opaque,0,0.03,0.65,random_demonstrator,bestStructuralLineageDepth,100,0.95,0.0729950876996722,0.806929628108643,1.09307037189136,100,-0.08,0.0307482445914323,-0.140266559399207,-0.0197334406007928
opaque,0,0.03,0.65,random_demonstrator,finalMeanComponentAccuracy,100,0.00353333333333333,0.000572116789345457,0.00241198442621624,0.00465468224045043,100,-6.66666666666667e-05,6.66666666666667e-05,-0.000197333333333333,6.40000000000001e-05
opaque,0,0.03,0.65,random_demonstrator,finalExactTargetFraction,100,0,0,0,0,100,0,0,0,0
opaque,0,0.03,0.65,random_copy_error,finalMean,100,0.0403287540113333,0.00429313452137896,0.0319142103494306,0.0487432976732361,100,0.0399687521633333,0.00429228775192084,0.0315558681695685,0.0483816361570982
opaque,0,0.03,0.65,random_copy_error,lossRate,100,0.10493670886076,0.00341980454311429,0.0982338919562556,0.111639525765264,100,0.0231645569620253,0.00411868657086344,0.015091931283133,0.0312371826409177
opaque,0,0.03,0.65,random_copy_error,bestFunctionalLineageDepth,100,11.11,0.23350426639409,10.6523316378676,11.5676683621324,100,10.08,0.240655670024937,9.60831488675112,10.5516851132489
opaque,0,0.03,0.65,random_copy_error,bestStructuralLineageDepth,100,11.11,0.23350426639409,10.6523316378676,11.5676683621324,100,10.08,0.240655670024937,9.60831488675112,10.5516851132489
opaque,0,0.03,0.65,random_copy_error,finalMeanComponentAccuracy,100,0.304133333333333,0.0107295202043678,0.283103473732773,0.325163192933894,100,0.300533333333333,0.0106726330115126,0.279614972630769,0.321451694035898
opaque,0,0.03,0.65,random_copy_error,finalExactTargetFraction,100,0.000666666666666667,0.000666666666666667,-0.00064,0.00197333333333333,100,0.000666666666666667,0.000666666666666667,-0.00064,0.00197333333333333
opaque,0,0.03,0.65,greedy_acceptance,finalMean,100,0.0582137834643333,0.00126510120712945,0.0557341850983596,0.060693381830307,100,0.0578537816163333,0.00126980464107045,0.0553649645198353,0.0603425987128314
opaque,0,0.03,0.65,greedy_acceptance,lossRate,100,0,0,0,0,100,-0.0817721518987342,0.0022065973964095,-0.0860970827956968,-0.0774472210017716
opaque,0,0.03,0.65,greedy_acceptance,bestFunctionalLineageDepth,100,1.39,0.0815196574174263,1.23022147146184,1.54977852853816,100,0.36,0.106855892763019,0.150562450184483,0.569437549815517
opaque,0,0.03,0.65,greedy_acceptance,bestStructuralLineageDepth,100,1.39,0.0815196574174263,1.23022147146184,1.54977852853816,100,0.36,0.106855892763019,0.150562450184483,0.569437549815517
opaque,0,0.03,0.65,greedy_acceptance,finalMeanComponentAccuracy,100,0.512433333333334,0.00570778407984503,0.501246076536837,0.52362059012983,100,0.508833333333334,0.00573945624817293,0.497583999086915,0.520082667579753
opaque,0,0.03,0.65,greedy_acceptance,finalExactTargetFraction,100,0,0,0,0,100,0,0,0,0
opaque,0,0.03,0.8,baseline,finalMean,100,0.00157347946333333,0.000186140052554847,0.00120864496032583,0.00193831396634083,NaN,NaN,NaN,NaN,NaN
opaque,0,0.03,0.8,baseline,lossRate,100,0.0660759493670886,0.00183108397806611,0.0624870247700791,0.0696648739640982,NaN,NaN,NaN,NaN,NaN
opaque,0,0.03,0.8,baseline,bestFunctionalLineageDepth,100,1.05,0.0796139676086039,0.893956623487136,1.20604337651286,NaN,NaN,NaN,NaN,NaN
opaque,0,0.03,0.8,baseline,bestStructuralLineageDepth,100,1.05,0.0796139676086039,0.893956623487136,1.20604337651286,NaN,NaN,NaN,NaN,NaN
opaque,0,0.03,0.8,baseline,finalMeanComponentAccuracy,100,0.0157333333333333,0.00186110281921868,0.0120855718076647,0.0193810948590019,NaN,NaN,NaN,NaN,NaN
opaque,0,0.03,0.8,baseline,finalExactTargetFraction,100,0,0,0,0,NaN,NaN,NaN,NaN,NaN
opaque,0,0.03,0.8,random_demonstrator,finalMean,100,0.00117672536166667,0.000157533600665007,0.000867959504363254,0.00148549121897008,100,-0.000396754101666667,0.000125712344040094,-0.00064315029598525,-0.000150357907348083
opaque,0,0.03,0.8,random_demonstrator,lossRate,100,0.0718987341772152,0.00200249254335644,0.0679738487922366,0.0758236195621939,100,0.00582278481012658,0.00142145197549936,0.00303673893814785,0.00860883068210532
opaque,0,0.03,0.8,random_demonstrator,bestFunctionalLineageDepth,100,1.04,0.0790345788023486,0.885092225547397,1.1949077744526,100,-0.01,0.0460456514798305,-0.100249476900468,0.0802494769004678
opaque,0,0.03,0.8,random_demonstrator,bestStructuralLineageDepth,100,1.04,0.0790345788023486,0.885092225547397,1.1949077744526,100,-0.01,0.0460456514798305,-0.100249476900468,0.0802494769004678
opaque,0,0.03,0.8,random_demonstrator,finalMeanComponentAccuracy,100,0.0117666666666667,0.00157523981392691,0.00867919663136993,0.0148541367019634,100,-0.00396666666666667,0.00125680638507381,-0.00643000718141133,-0.001503326151922
opaque,0,0.03,0.8,random_demonstrator,finalExactTargetFraction,100,0,0,0,0,100,0,0,0,0
opaque,0,0.03,0.8,random_copy_error,finalMean,100,0.373379047412667,0.0398043123733786,0.295362595160845,0.451395499664489,100,0.371805567949334,0.0398071234919552,0.293783605905101,0.449827529993566
opaque,0,0.03,0.8,random_copy_error,lossRate,100,0.069493670886076,0.00458519927737638,0.0605066803024183,0.0784806614697337,100,0.00341772151898734,0.00505002417356604,-0.0064803258612021,0.0133157688991768
opaque,0,0.03,0.8,random_copy_error,bestFunctionalLineageDepth,100,8.75,0.213851170752753,8.3308517053246,9.1691482946754,100,7.7,0.213437474581095,7.28166254982105,8.11833745017895
opaque,0,0.03,0.8,random_copy_error,bestStructuralLineageDepth,100,8.75,0.213851170752753,8.3308517053246,9.1691482946754,100,7.7,0.213437474581095,7.28166254982105,8.11833745017895
opaque,0,0.03,0.8,random_copy_error,finalMeanComponentAccuracy,100,0.633266666666666,0.0301175392892498,0.574236289659737,0.692297043673596,100,0.617533333333333,0.0303157946854013,0.558114375749947,0.67695229091672
opaque,0,0.03,0.8,random_copy_error,finalExactTargetFraction,100,0.283,0.0404921879373122,0.203635311642868,0.362364688357132,100,0.283,0.0404921879373122,0.203635311642868,0.362364688357132
opaque,0,0.03,0.8,greedy_acceptance,finalMean,100,0.110862512397,0.0071494887425589,0.0968495144615845,0.124875510332415,100,0.109289032933667,0.007140006755438,0.0952946196930081,0.123283446174325
opaque,0,0.03,0.8,greedy_acceptance,lossRate,100,0,0,0,0,100,-0.0660759493670886,0.00183108397806611,-0.0696648739640982,-0.0624870247700791
opaque,0,0.03,0.8,greedy_acceptance,bestFunctionalLineageDepth,100,1.96,0.0931166315472541,1.77749140216738,2.14250859783262,100,0.91,0.114675651515503,0.685235723029614,1.13476427697039
opaque,0,0.03,0.8,greedy_acceptance,bestStructuralLineageDepth,100,1.96,0.0931166315472541,1.77749140216738,2.14250859783262,100,0.91,0.114675651515503,0.685235723029614,1.13476427697039
opaque,0,0.03,0.8,greedy_acceptance,finalMeanComponentAccuracy,100,0.6423,0.00889654909830693,0.624862763767319,0.659737236232682,100,0.626566666666667,0.00906101712973575,0.608807073092385,0.644326260240949
opaque,0,0.03,0.8,greedy_acceptance,finalExactTargetFraction,100,0,0,0,0,100,0,0,0,0
opaque,0,0.03,0.92,baseline,finalMean,100,0.0288362692393333,0.00689114488545384,0.0153296252638438,0.0423429132148229,NaN,NaN,NaN,NaN,NaN
opaque,0,0.03,0.92,baseline,lossRate,100,0.0415189873417722,0.00214455299850018,0.0373156634647118,0.0457223112188325,NaN,NaN,NaN,NaN,NaN
opaque,0,0.03,0.92,baseline,bestFunctionalLineageDepth,100,0.79,0.071484970518991,0.649889457782778,0.930110542217222,NaN,NaN,NaN,NaN,NaN
opaque,0,0.03,0.92,baseline,bestStructuralLineageDepth,100,0.79,0.071484970518991,0.649889457782778,0.930110542217222,NaN,NaN,NaN,NaN,NaN
opaque,0,0.03,0.92,baseline,finalMeanComponentAccuracy,100,0.176533333333333,0.0177483923806852,0.14174648426719,0.211320182399476,NaN,NaN,NaN,NaN,NaN
opaque,0,0.03,0.92,baseline,finalExactTargetFraction,100,0,0,0,0,NaN,NaN,NaN,NaN,NaN
opaque,0,0.03,0.92,random_demonstrator,finalMean,100,0.0205891631996667,0.00521930559520115,0.0103593242330724,0.0308190021662609,100,-0.00824710603966666,0.00336177037434973,-0.0148361759733921,-0.0016580361059412
opaque,0,0.03,0.92,random_demonstrator,lossRate,100,0.0467088607594937,0.00225215293587891,0.042294641005171,0.0511230805138163,100,0.00518987341772152,0.00153820473700913,0.00217499213318363,0.00820475470225941
opaque,0,0.03,0.92,random_demonstrator,bestFunctionalLineageDepth,100,0.79,0.0700576962801433,0.652686915290919,0.927313084709081,100,0,0.0619546918189723,-0.121431195965186,0.121431195965186
opaque,0,0.03,0.92,random_demonstrator,bestStructuralLineageDepth,100,0.79,0.0700576962801433,0.652686915290919,0.927313084709081,100,0,0.0619546918189723,-0.121431195965186,0.121431195965186
opaque,0,0.03,0.92,random_demonstrator,finalMeanComponentAccuracy,100,0.137366666666667,0.0157328493191543,0.106530282001124,0.168203051332209,100,-0.0391666666666667,0.00866878697192025,-0.0561574891316303,-0.022175844201703
opaque,0,0.03,0.92,random_demonstrator,finalExactTargetFraction,100,0,0,0,0,100,0,0,0,0
opaque,0,0.03,0.92,random_copy_error,finalMean,100,0.762239844489667,0.0387533472061604,0.686283283965592,0.838196405013741,100,0.733403575250333,0.0382282044337937,0.658476294560098,0.808330855940569
opaque,0,0.03,0.92,random_copy_error,lossRate,100,0.0356962025316456,0.00350435040458564,0.0288276757386577,0.0425647293246335,100,-0.00582278481012658,0.00344397424035329,-0.012572974321219,0.000927404700965865
opaque,0,0.03,0.92,random_copy_error,bestFunctionalLineageDepth,100,6.84,0.198336516399209,6.45126042785755,7.22873957214245,100,6.05,0.218985263099016,5.62078888432593,6.47921111567407
opaque,0,0.03,0.92,random_copy_error,bestStructuralLineageDepth,100,6.84,0.198336516399209,6.45126042785755,7.22873957214245,100,6.05,0.218985263099016,5.62078888432593,6.47921111567407
opaque,0,0.03,0.92,random_copy_error,finalMeanComponentAccuracy,100,0.873366666666667,0.0236370087324556,0.827038129551054,0.91969520378228,100,0.696833333333333,0.0260568046910413,0.645761996138892,0.747904670527774
opaque,0,0.03,0.92,random_copy_error,finalExactTargetFraction,100,0.718666666666667,0.0439219795979981,0.632579586654591,0.804753746678743,100,0.718666666666667,0.0439219795979981,0.632579586654591,0.804753746678743
opaque,0,0.03,0.92,greedy_acceptance,finalMean,100,0.241885326886,0.0172783746374772,0.208019712596545,0.275750941175455,100,0.213049057646667,0.0163070870257342,0.181087167076228,0.245010948217106
opaque,0,0.03,0.92,greedy_acceptance,lossRate,100,0,0,0,0,100,-0.0415189873417722,0.00214455299850018,-0.0457223112188325,-0.0373156634647118
opaque,0,0.03,0.92,greedy_acceptance,bestFunctionalLineageDepth,100,2.98,0.0942594742444943,2.79525143048079,3.16474856951921,100,2.19,0.111640657305645,1.97118431168094,2.40881568831906
opaque,0,0.03,0.92,greedy_acceptance,bestStructuralLineageDepth,100,2.98,0.0942594742444943,2.79525143048079,3.16474856951921,100,2.19,0.111640657305645,1.97118431168094,2.40881568831906
opaque,0,0.03,0.92,greedy_acceptance,finalMeanComponentAccuracy,100,0.7624,0.0107455082882391,0.741338803755051,0.783461196244948,100,0.585866666666667,0.0165776152942453,0.553374540689946,0.618358792643387
opaque,0,0.03,0.92,greedy_acceptance,finalExactTargetFraction,100,0.0183333333333333,0.0129175491172439,-0.0069850629364647,0.0436517296031314,100,0.0183333333333333,0.0129175491172439,-0.0069850629364647,0.0436517296031314
opaque,0,0.03,0.98,baseline,finalMean,100,0.067542251862,0.0119784125894019,0.0440645631867723,0.0910199405372277,NaN,NaN,NaN,NaN,NaN
opaque,0,0.03,0.98,baseline,lossRate,100,0.0212658227848101,0.00210494284242986,0.0171401348136476,0.0253915107559727,NaN,NaN,NaN,NaN,NaN
opaque,0,0.03,0.98,baseline,bestFunctionalLineageDepth,100,1.11,0.0886429678969277,0.936259782922022,1.28374021707798,NaN,NaN,NaN,NaN,NaN
opaque,0,0.03,0.98,baseline,bestStructuralLineageDepth,100,1.11,0.0886429678969277,0.936259782922022,1.28374021707798,NaN,NaN,NaN,NaN,NaN
opaque,0,0.03,0.98,baseline,finalMeanComponentAccuracy,100,0.4092,0.0174355391282105,0.375026343308708,0.443373656691293,NaN,NaN,NaN,NaN,NaN
opaque,0,0.03,0.98,baseline,finalExactTargetFraction,100,0.01,0.01,-0.00959999999999999,0.0296,NaN,NaN,NaN,NaN,NaN
opaque,0,0.03,0.98,random_demonstrator,finalMean,100,0.0420085560796667,0.00978927526889933,0.022821576552624,0.0611955356067093,100,-0.0255336957823333,0.00657660993227435,-0.0384238512495911,-0.0126435403150756
opaque,0,0.03,0.98,random_demonstrator,lossRate,100,0.029873417721519,0.00219998618391827,0.0255614448010392,0.0341853906419988,100,0.00860759493670887,0.00188594765505295,0.00491113753280509,0.0123040523406126
opaque,0,0.03,0.98,random_demonstrator,bestFunctionalLineageDepth,100,0.91,0.0766666666666666,0.759733333333333,1.06026666666667,100,-0.2,0.0864566219253764,-0.369454978973738,-0.0305450210262623
opaque,0,0.03,0.98,random_demonstrator,bestStructuralLineageDepth,100,0.91,0.0766666666666666,0.759733333333333,1.06026666666667,100,-0.2,0.0864566219253764,-0.369454978973738,-0.0305450210262623
opaque,0,0.03,0.98,random_demonstrator,finalMeanComponentAccuracy,100,0.315166666666667,0.0135468074935017,0.288614923979403,0.34171840935393,100,-0.0940333333333333,0.0119935724462083,-0.117540735327902,-0.0705259313387651
opaque,0,0.03,0.98,random_demonstrator,finalExactTargetFraction,100,0.01,0.01,-0.00959999999999999,0.0296,100,0,0,0,0
opaque,0,0.03,0.98,random_copy_error,finalMean,100,0.488274863831667,0.0433676108747419,0.403274346517172,0.573275381146161,100,0.420732611969667,0.0409838969695077,0.340404173909432,0.501061050029902
opaque,0,0.03,0.98,random_copy_error,lossRate,100,0.0287341772151899,0.00273954565380166,0.0233646677337386,0.0341036866966411,100,0.00746835443037975,0.0029071643665497,0.00177031227194234,0.0131663965888172
opaque,0,0.03,0.98,random_copy_error,bestFunctionalLineageDepth,100,4.36,0.147381179670988,4.07113288784486,4.64886711215514,100,3.25,0.157874134753741,2.94056669588267,3.55943330411733
opaque,0,0.03,0.98,random_copy_error,bestStructuralLineageDepth,100,4.36,0.147381179670988,4.07113288784486,4.64886711215514,100,3.25,0.157874134753741,2.94056669588267,3.55943330411733
opaque,0,0.03,0.98,random_copy_error,finalMeanComponentAccuracy,100,0.752966666666667,0.0255640256055798,0.70286117647973,0.803072156853603,100,0.343766666666667,0.0222492086140298,0.300158217783168,0.387375115550165
opaque,0,0.03,0.98,random_copy_error,finalExactTargetFraction,100,0.400333333333333,0.0485444593566681,0.305186192994264,0.495480473672403,100,0.390333333333333,0.0483261808245429,0.295614018917229,0.485052647749437
opaque,0,0.03,0.98,greedy_acceptance,finalMean,100,0.393706467680334,0.0289730436671476,0.336919302092724,0.450493633267943,100,0.326164215818333,0.0274714603389561,0.272320153553979,0.380008278082687
opaque,0,0.03,0.98,greedy_acceptance,lossRate,100,0,0,0,0,100,-0.0212658227848101,0.00210494284242986,-0.0253915107559727,-0.0171401348136476
opaque,0,0.03,0.98,greedy_acceptance,bestFunctionalLineageDepth,100,3.57,0.117426099692057,3.33984484460357,3.80015515539643,100,2.46,0.121788025816676,2.22129546939932,2.69870453060068
opaque,0,0.03,0.98,greedy_acceptance,bestStructuralLineageDepth,100,3.57,0.117426099692057,3.33984484460357,3.80015515539643,100,2.46,0.121788025816676,2.22129546939932,2.69870453060068
opaque,0,0.03,0.98,greedy_acceptance,finalMeanComponentAccuracy,100,0.834233333333333,0.0103099937351729,0.814025745612395,0.854440921054272,100,0.425033333333333,0.0184711681175659,0.388829843822904,0.461236822843763
opaque,0,0.03,0.98,greedy_acceptance,finalExactTargetFraction,100,0.156,0.0356182528018982,0.0861882245082794,0.225811775491721,100,0.146,0.0346143739240634,0.0781558271088356,0.213844172891164
opaque,0,0.08,0.45,baseline,finalMean,100,0.000646689208666667,6.31846669662558e-05,0.000522847261412805,0.000770531155920528,NaN,NaN,NaN,NaN,NaN
opaque,0,0.08,0.45,baseline,lossRate,100,0.104556962025317,0.00294326653433019,0.0987881596180294,0.110325764432604,NaN,NaN,NaN,NaN,NaN
opaque,0,0.08,0.45,baseline,bestFunctionalLineageDepth,100,1.95,0.0903137069140984,1.77298513444837,2.12701486555163,NaN,NaN,NaN,NaN,NaN
opaque,0,0.08,0.45,baseline,bestStructuralLineageDepth,100,1.95,0.0903137069140984,1.77298513444837,2.12701486555163,NaN,NaN,NaN,NaN,NaN
opaque,0,0.08,0.45,baseline,finalMeanComponentAccuracy,100,0.00646666666666666,0.000631780836852221,0.00522837622643631,0.00770495710689702,NaN,NaN,NaN,NaN,NaN
opaque,0,0.08,0.45,baseline,finalExactTargetFraction,100,0,0,0,0,NaN,NaN,NaN,NaN,NaN
opaque,0,0.08,0.45,random_demonstrator,finalMean,100,0.000613336933333333,6.00640311448304e-05,0.000495611432289466,0.000731062434377201,100,-3.33522753333333e-05,1.20838204973391e-05,-5.70365635081179e-05,-9.66798715854875e-06
opaque,0,0.08,0.45,random_demonstrator,lossRate,100,0.104810126582279,0.00296223185376528,0.0990041521488986,0.110616101015659,100,0.000253164556962025,0.000804207374437567,-0.00132308189693561,0.00182941101085966
opaque,0,0.08,0.45,random_demonstrator,bestFunctionalLineageDepth,100,1.86,0.0864799854231479,1.69049922857063,2.02950077142937,100,-0.09,0.0320825954263824,-0.152881887035709,-0.0271181129642905
opaque,0,0.08,0.45,random_demonstrator,bestStructuralLineageDepth,100,1.86,0.0864799854231479,1.69049922857063,2.02950077142937,100,-0.09,0.0320825954263824,-0.152881887035709,-0.0271181129642905
opaque,0,0.08,0.45,random_demonstrator,finalMeanComponentAccuracy,100,0.00613333333333333,0.000600635652812796,0.00495608745382025,0.00731057921284641,100,-0.000333333333333333,0.00012079051255658,-0.00057008273794423,-9.65839287224369e-05
opaque,0,0.08,0.45,random_demonstrator,finalExactTargetFraction,100,0,0,0,0,100,0,0,0,0
opaque,0,0.08,0.45,random_copy_error,finalMean,100,0.0243217633803333,0.000480591995926015,0.0233798030683183,0.0252637236923483,100,0.0236750741716667,0.000479052092199121,0.0227361320709564,0.024614016272377
opaque,0,0.08,0.45,random_copy_error,lossRate,100,0.127088607594937,0.00342748655884562,0.120370733939599,0.133806481250274,100,0.0225316455696203,0.00390704126646869,0.0148738446873416,0.0301894464518989
opaque,0,0.08,0.45,random_copy_error,bestFunctionalLineageDepth,100,12.49,0.275422540394892,11.950171820826,13.029828179174,100,10.54,0.296586642254226,9.95869018118172,11.1213098188183
opaque,0,0.08,0.45,random_copy_error,bestStructuralLineageDepth,100,12.49,0.275422540394892,11.950171820826,13.029828179174,100,10.54,0.296586642254226,9.95869018118172,11.1213098188183
opaque,0,0.08,0.45,random_copy_error,finalMeanComponentAccuracy,100,0.231633333333333,0.00331357612806065,0.225138724122334,0.238127942544332,100,0.225166666666667,0.00330607541960777,0.218686758844235,0.231646574489098
opaque,0,0.08,0.45,random_copy_error,finalExactTargetFraction,100,0,0,0,0,100,0,0,0,0
opaque,0,0.08,0.45,greedy_acceptance,finalMean,100,0.0455804699576667,0.000602773089662371,0.0443990347019284,0.0467619052134049,100,0.044933780749,0.000605749360296219,0.0437465120028194,0.0461210494951806
opaque,0,0.08,0.45,greedy_acceptance,lossRate,100,0,0,0,0,100,-0.104556962025317,0.00294326653433019,-0.110325764432604,-0.0987881596180294
opaque,0,0.08,0.45,greedy_acceptance,bestFunctionalLineageDepth,100,1.63,0.0928287224794768,1.44805570394023,1.81194429605977,100,-0.32,0.127032963192133,-0.56898460785658,-0.0710153921434199
opaque,0,0.08,0.45,greedy_acceptance,bestStructuralLineageDepth,100,1.63,0.0928287224794768,1.44805570394023,1.81194429605977,100,-0.32,0.127032963192133,-0.56898460785658,-0.0710153921434199
opaque,0,0.08,0.45,greedy_acceptance,finalMeanComponentAccuracy,100,0.431966666666667,0.00371972477651493,0.424676006104698,0.439257327228636,100,0.4255,0.00376270761216377,0.418125093080159,0.432874906919841
opaque,0,0.08,0.45,greedy_acceptance,finalExactTargetFraction,100,0,0,0,0,100,0,0,0,0
opaque,0,0.08,0.65,baseline,finalMean,100,0.00108334116633333,9.30084751276968e-05,0.000901044555083048,0.00126563777758362,NaN,NaN,NaN,NaN,NaN
opaque,0,0.08,0.65,baseline,lossRate,100,0.0845569620253165,0.00266786084655617,0.0793279547660664,0.0897859692845666,NaN,NaN,NaN,NaN,NaN
opaque,0,0.08,0.65,baseline,bestFunctionalLineageDepth,100,2.13,0.103137644618121,1.92785021654848,2.33214978345152,NaN,NaN,NaN,NaN,NaN
opaque,0,0.08,0.65,baseline,bestStructuralLineageDepth,100,2.13,0.103137644618121,1.92785021654848,2.33214978345152,NaN,NaN,NaN,NaN,NaN
opaque,0,0.08,0.65,baseline,finalMeanComponentAccuracy,100,0.0108333333333333,0.000930074879623113,0.00901038656927203,0.0126562800973946,NaN,NaN,NaN,NaN,NaN
opaque,0,0.08,0.65,baseline,finalExactTargetFraction,100,0,0,0,0,NaN,NaN,NaN,NaN,NaN
opaque,0,0.08,0.65,random_demonstrator,finalMean,100,0.000976673641666667,8.72658125556083e-05,0.000805632649057675,0.00114771463427566,100,-0.000106667524666667,3.10249906017065e-05,-0.000167476506246011,-4.5858543087322e-05
opaque,0,0.08,0.65,random_demonstrator,lossRate,100,0.0870886075949367,0.00253343498964347,0.0821230750152355,0.0920541401746379,100,0.00253164556962025,0.00109438761930856,0.000386645835775474,0.00467664530346503
opaque,0,0.08,0.65,random_demonstrator,bestFunctionalLineageDepth,100,2.12,0.100784799238654,1.92246179349224,2.31753820650776,100,-0.01,0.0502418393795691,-0.108474005183955,0.0884740051839555
opaque,0,0.08,0.65,random_demonstrator,bestStructuralLineageDepth,100,2.12,0.100784799238654,1.92246179349224,2.31753820650776,100,-0.01,0.0502418393795691,-0.108474005183955,0.0884740051839555
opaque,0,0.08,0.65,random_demonstrator,finalMeanComponentAccuracy,100,0.00976666666666667,0.00087264835501773,0.00805627589083192,0.0114770574425014,100,-0.00106666666666667,0.000310244102148727,-0.00167474510687817,-0.000458588226455162
opaque,0,0.08,0.65,random_demonstrator,finalExactTargetFraction,100,0,0,0,0,100,0,0,0,0
opaque,0,0.08,0.65,random_copy_error,finalMean,100,0.0427602833206667,0.00606174266155321,0.0308792677040224,0.054641298937311,100,0.0416769421543333,0.00607183240795337,0.0297761506347447,0.0535777336739219
opaque,0,0.08,0.65,random_copy_error,lossRate,100,0.105569620253165,0.003531219570111,0.0986484298957471,0.112490810610582,100,0.0210126582278481,0.00461939922012639,0.0119586357564004,0.0300666806992958
opaque,0,0.08,0.65,random_copy_error,bestFunctionalLineageDepth,100,10.8,0.227414097445985,10.3542683690059,11.2457316309941,100,8.67,0.251080493351065,8.17788223303191,9.16211776696809
opaque,0,0.08,0.65,random_copy_error,bestStructuralLineageDepth,100,10.8,0.227414097445985,10.3542683690059,11.2457316309941,100,8.67,0.251080493351065,8.17788223303191,9.16211776696809
opaque,0,0.08,0.65,random_copy_error,finalMeanComponentAccuracy,100,0.305266666666666,0.0108333131312943,0.28403337292933,0.326499960404003,100,0.294433333333333,0.0109595783177254,0.272952559830592,0.315914106836075
opaque,0,0.08,0.65,random_copy_error,finalExactTargetFraction,100,0.00333333333333333,0.00333333333333333,-0.0032,0.00986666666666667,100,0.00333333333333333,0.00333333333333333,-0.0032,0.00986666666666667
opaque,0,0.08,0.65,greedy_acceptance,finalMean,100,0.07189698505,0.0021849339460153,0.06761451451581,0.07617945558419,100,0.0708136438836667,0.00218215804628778,0.0665366141129426,0.0750906736543907
opaque,0,0.08,0.65,greedy_acceptance,lossRate,100,0,0,0,0,100,-0.0845569620253165,0.00266786084655617,-0.0897859692845666,-0.0793279547660664
opaque,0,0.08,0.65,greedy_acceptance,bestFunctionalLineageDepth,100,2.33,0.100559043412918,2.13290427491068,2.52709572508932,100,0.2,0.151757382127866,-0.0974444689706165,0.497444468970617
opaque,0,0.08,0.65,greedy_acceptance,bestStructuralLineageDepth,100,2.33,0.100559043412918,2.13290427491068,2.52709572508932,100,0.2,0.151757382127866,-0.0974444689706165,0.497444468970617
opaque,0,0.08,0.65,greedy_acceptance,finalMeanComponentAccuracy,100,0.5662,0.00574505496628679,0.554939692266078,0.577460307733922,100,0.555366666666667,0.00585244967751401,0.543895865298739,0.566837468034594
opaque,0,0.08,0.65,greedy_acceptance,finalExactTargetFraction,100,0,0,0,0,100,0,0,0,0
opaque,0,0.08,0.8,baseline,finalMean,100,0.00268732240666667,0.00027502512173318,0.00214827316806963,0.0032263716452637,NaN,NaN,NaN,NaN,NaN
opaque,0,0.08,0.8,baseline,lossRate,100,0.0735443037974684,0.00208807477327572,0.069451677241848,0.0776369303530888,NaN,NaN,NaN,NaN,NaN
opaque,0,0.08,0.8,baseline,bestFunctionalLineageDepth,100,2.02,0.0984526753975193,1.82703275622086,2.21296724377914,NaN,NaN,NaN,NaN,NaN
opaque,0,0.08,0.8,baseline,bestStructuralLineageDepth,100,2.02,0.0984526753975193,1.82703275622086,2.21296724377914,NaN,NaN,NaN,NaN,NaN
opaque,0,0.08,0.8,baseline,finalMeanComponentAccuracy,100,0.0268666666666667,0.00274743835388849,0.0214816874930452,0.0322516458402881,NaN,NaN,NaN,NaN,NaN
opaque,0,0.08,0.8,baseline,finalExactTargetFraction,100,0,0,0,0,NaN,NaN,NaN,NaN,NaN
opaque,0,0.08,0.8,random_demonstrator,finalMean,100,0.002220367074,0.000241704510988673,0.0017466262324622,0.0026941079155378,100,-0.000466955332666667,0.000158861329601264,-0.000778323538685144,-0.000155587126648189
opaque,0,0.08,0.8,random_demonstrator,lossRate,100,0.0775949367088608,0.00223744460556953,0.0732095452819445,0.0819803281357771,100,0.00405063291139241,0.00159791531868969,0.000918718886760613,0.0071825469360242
opaque,0,0.08,0.8,random_demonstrator,bestFunctionalLineageDepth,100,1.94,0.102316601139243,1.73945946176708,2.14054053823292,100,-0.08,0.0597638450211929,-0.197137136241538,0.0371371362415382
opaque,0,0.08,0.8,random_demonstrator,bestStructuralLineageDepth,100,1.94,0.102316601139243,1.73945946176708,2.14054053823292,100,-0.08,0.0597638450211929,-0.197137136241538,0.0371371362415382
opaque,0,0.08,0.8,random_demonstrator,finalMeanComponentAccuracy,100,0.0222,0.00241591245632639,0.0174648115856003,0.0269351884143997,100,-0.00466666666666667,0.00158698409523174,-0.00777715549332089,-0.00155617784001245
opaque,0,0.08,0.8,random_demonstrator,finalExactTargetFraction,100,0,0,0,0,100,0,0,0,0
opaque,0,0.08,0.8,random_copy_error,finalMean,100,0.394445711609,0.0383107013163675,0.31935673702892,0.46953468618908,100,0.391758389202333,0.0383278950537299,0.316635714897023,0.466881063507644
opaque,0,0.08,0.8,random_copy_error,lossRate,100,0.0625316455696203,0.00403036419789352,0.054632131741749,0.0704311593974916,100,-0.0110126582278481,0.00460689164815455,-0.020042165858231,-0.00198315059746518
opaque,0,0.08,0.8,random_copy_error,bestFunctionalLineageDepth,100,9.04,0.25659778690087,8.53706833767429,9.5429316623257,100,7.02,0.258972327994067,6.51241423713163,7.52758576286837
opaque,0,0.08,0.8,random_copy_error,bestStructuralLineageDepth,100,9.04,0.25659778690087,8.53706833767429,9.5429316623257,100,7.02,0.258972327994067,6.51241423713163,7.52758576286837
opaque,0,0.08,0.8,random_copy_error,finalMeanComponentAccuracy,100,0.6665,0.0287702839195683,0.610110243517646,0.722889756482354,100,0.639633333333333,0.0291183927588296,0.582561283526027,0.696705383140639
opaque,0,0.08,0.8,random_copy_error,finalExactTargetFraction,100,0.287666666666667,0.0389008783826921,0.21142094503659,0.363912388296743,100,0.287666666666667,0.0389008783826921,0.21142094503659,0.363912388296743
opaque,0,0.08,0.8,greedy_acceptance,finalMean,100,0.158326118496333,0.0087876899516768,0.141102246191047,0.17554999080162,100,0.155638796089667,0.00879813348792579,0.138394454453332,0.172883137726001
opaque,0,0.08,0.8,greedy_acceptance,lossRate,100,0,0,0,0,100,-0.0735443037974684,0.00208807477327572,-0.0776369303530888,-0.069451677241848
opaque,0,0.08,0.8,greedy_acceptance,bestFunctionalLineageDepth,100,3.15,0.094681816969503,2.96442363873977,3.33557636126023,100,1.13,0.117769677632644,0.899171431840017,1.36082856815998
opaque,0,0.08,0.8,greedy_acceptance,bestStructuralLineageDepth,100,3.15,0.094681816969503,2.96442363873977,3.33557636126023,100,1.13,0.117769677632644,0.899171431840017,1.36082856815998
opaque,0,0.08,0.8,greedy_acceptance,finalMeanComponentAccuracy,100,0.712833333333333,0.00737520567918791,0.698377930202125,0.727288736464541,100,0.685966666666667,0.00797798528190227,0.670329815514138,0.701603517819195
opaque,0,0.08,0.8,greedy_acceptance,finalExactTargetFraction,100,0.00333333333333333,0.00333333333333333,-0.0032,0.00986666666666667,100,0.00333333333333333,0.00333333333333333,-0.0032,0.00986666666666667
opaque,0,0.08,0.92,baseline,finalMean,100,0.0177380385806667,0.00180828029836687,0.0141938091958676,0.0212822679654657,NaN,NaN,NaN,NaN,NaN
opaque,0,0.08,0.92,baseline,lossRate,100,0.0545569620253165,0.00214164543589495,0.0503593369709624,0.0587545870796706,NaN,NaN,NaN,NaN,NaN
opaque,0,0.08,0.92,baseline,bestFunctionalLineageDepth,100,1.94,0.100322711609318,1.74336748524574,2.13663251475426,NaN,NaN,NaN,NaN,NaN
opaque,0,0.08,0.92,baseline,bestStructuralLineageDepth,100,1.94,0.100322711609318,1.74336748524574,2.13663251475426,NaN,NaN,NaN,NaN,NaN
opaque,0,0.08,0.92,baseline,finalMeanComponentAccuracy,100,0.165866666666667,0.00950445816593762,0.147237928661429,0.184495404671904,NaN,NaN,NaN,NaN,NaN
opaque,0,0.08,0.92,baseline,finalExactTargetFraction,100,0,0,0,0,NaN,NaN,NaN,NaN,NaN
opaque,0,0.08,0.92,random_demonstrator,finalMean,100,0.0128167629043333,0.00178111416231362,0.00932577914619864,0.016307746662468,100,-0.00492127567633333,0.000723785285743784,-0.00633989483639115,-0.00350265651627552
opaque,0,0.08,0.92,random_demonstrator,lossRate,100,0.0583544303797469,0.00215820731901952,0.0541243440344686,0.0625845167250251,100,0.00379746835443038,0.00189126091839218,9.05969543817022e-05,0.00750433975447906
opaque,0,0.08,0.92,random_demonstrator,bestFunctionalLineageDepth,100,1.82,0.0880541614776687,1.64741384350377,1.99258615649623,100,-0.12,0.105677229182434,-0.327127369197571,0.0871273691975714
opaque,0,0.08,0.92,random_demonstrator,bestStructuralLineageDepth,100,1.82,0.0880541614776687,1.64741384350377,1.99258615649623,100,-0.12,0.105677229182434,-0.327127369197571,0.0871273691975714
opaque,0,0.08,0.92,random_demonstrator,finalMeanComponentAccuracy,100,0.117433333333333,0.00839216338527039,0.100984693098203,0.133881973568463,100,-0.0484333333333333,0.00703342269399246,-0.0622188418135585,-0.0346478248531081
opaque,0,0.08,0.92,random_demonstrator,finalExactTargetFraction,100,0,0,0,0,100,0,0,0,0
opaque,0,0.08,0.92,random_copy_error,finalMean,100,0.762132519620333,0.0377380461730449,0.688165949121165,0.836099090119501,100,0.744394481039666,0.0374828752756059,0.670928045499479,0.817860916579854
opaque,0,0.08,0.92,random_copy_error,lossRate,100,0.029493670886076,0.00278756939239952,0.0240300348769729,0.034957306895179,100,-0.0250632911392405,0.00337543152913263,-0.0316791369363405,-0.0184474453421406
opaque,0,0.08,0.92,random_copy_error,bestFunctionalLineageDepth,100,7.11,0.170498378202542,6.77582317872302,7.44417682127698,100,5.17,0.181494914640615,4.8142699673044,5.5257300326956
opaque,0,0.08,0.92,random_copy_error,bestStructuralLineageDepth,100,7.11,0.170498378202542,6.77582317872302,7.44417682127698,100,5.17,0.181494914640615,4.8142699673044,5.5257300326956
opaque,0,0.08,0.92,random_copy_error,finalMeanComponentAccuracy,100,0.885833333333333,0.0209571940938504,0.844757232909387,0.92690943375728,100,0.719966666666666,0.0207275899566171,0.679340590351697,0.760592742981636
opaque,0,0.08,0.92,random_copy_error,finalExactTargetFraction,100,0.713,0.043113649305683,0.628497247360861,0.797502752639139,100,0.713,0.043113649305683,0.628497247360861,0.797502752639139
opaque,0,0.08,0.92,greedy_acceptance,finalMean,100,0.597502735984667,0.0299855338192242,0.538731089698987,0.656274382270346,100,0.579764697404,0.0299732147593949,0.521017196475586,0.638512198332414
opaque,0,0.08,0.92,greedy_acceptance,lossRate,100,0,0,0,0,100,-0.0545569620253165,0.00214164543589495,-0.0587545870796706,-0.0503593369709624
opaque,0,0.08,0.92,greedy_acceptance,bestFunctionalLineageDepth,100,4.64,0.103981350309184,4.436196553394,4.843803446606,100,2.7,0.142488702369803,2.42072214335519,2.97927785664481
opaque,0,0.08,0.92,greedy_acceptance,bestStructuralLineageDepth,100,4.64,0.103981350309184,4.436196553394,4.843803446606,100,2.7,0.142488702369803,2.42072214335519,2.97927785664481
opaque,0,0.08,0.92,greedy_acceptance,finalMeanComponentAccuracy,100,0.906466666666667,0.00835973192423763,0.890081592095161,0.922851741238173,100,0.7406,0.0120671875178248,0.716948312465063,0.764251687534937
opaque,0,0.08,0.92,greedy_acceptance,finalExactTargetFraction,100,0.349666666666667,0.0448454009768745,0.261769680751993,0.437563652581341,100,0.349666666666667,0.0448454009768745,0.261769680751993,0.437563652581341
opaque,0,0.08,0.98,baseline,finalMean,100,0.153060273442,0.0282808509113939,0.0976298056556679,0.208490741228332,NaN,NaN,NaN,NaN,NaN
opaque,0,0.08,0.98,baseline,lossRate,100,0.0322784810126582,0.00236214987132871,0.027648667264854,0.0369082947604625,NaN,NaN,NaN,NaN,NaN
opaque,0,0.08,0.98,baseline,bestFunctionalLineageDepth,100,2.15,0.126630776414557,1.90180367822747,2.39819632177253,NaN,NaN,NaN,NaN,NaN
opaque,0,0.08,0.98,baseline,bestStructuralLineageDepth,100,2.15,0.126630776414557,1.90180367822747,2.39819632177253,NaN,NaN,NaN,NaN,NaN
opaque,0,0.08,0.98,baseline,finalMeanComponentAccuracy,100,0.469,0.0240836318763316,0.42179608152239,0.51620391847761,NaN,NaN,NaN,NaN,NaN
opaque,0,0.08,0.98,baseline,finalExactTargetFraction,100,0.09,0.0287623491264661,0.0336257957121264,0.146374204287874,NaN,NaN,NaN,NaN,NaN
opaque,0,0.08,0.98,random_demonstrator,finalMean,100,0.086277759935,0.0193214186840709,0.048407779314221,0.124147740555779,100,-0.066782513507,0.0201458308878808,-0.106268342047246,-0.0272966849667535
opaque,0,0.08,0.98,random_demonstrator,lossRate,100,0.039493670886076,0.00225635307650518,0.0350712188561258,0.0439161229160261,100,0.00721518987341773,0.00211548881033061,0.00306883180516972,0.0113615479416657
opaque,0,0.08,0.98,random_demonstrator,bestFunctionalLineageDepth,100,1.96,0.116272059924953,1.73210676254709,2.18789323745291,100,-0.19,0.107021191142387,-0.399761534639079,0.0197615346390787
opaque,0,0.08,0.98,random_demonstrator,bestStructuralLineageDepth,100,1.96,0.116272059924953,1.73210676254709,2.18789323745291,100,-0.19,0.107021191142387,-0.399761534639079,0.0197615346390787
opaque,0,0.08,0.98,random_demonstrator,finalMeanComponentAccuracy,100,0.3653,0.0202015153724803,0.325705029869938,0.404894970130061,100,-0.1037,0.0165927583490398,-0.136221806364118,-0.071178193635882
opaque,0,0.08,0.98,random_demonstrator,finalExactTargetFraction,100,0.0346666666666667,0.0176886655485621,-3.11780851509902e-06,0.0693364511418484,100,-0.0553333333333333,0.0224244335236193,-0.0992852230396271,-0.0113814436270396
opaque,0,0.08,0.98,random_copy_error,finalMean,100,0.582957829267333,0.0428205353191212,0.499029580041856,0.666886078492811,100,0.429897555825333,0.0415380986061378,0.348482882557303,0.511312229093363
opaque,0,0.08,0.98,random_copy_error,lossRate,100,0.0316455696202532,0.00290384996107252,0.0259540236965511,0.0373371155439553,100,-0.000632911392405064,0.00290315317642876,-0.00632309161820543,0.0050572688333953
opaque,0,0.08,0.98,random_copy_error,bestFunctionalLineageDepth,100,4.86,0.16515679724664,4.53629267739659,5.18370732260341,100,2.71,0.187107164237746,2.34326995809402,3.07673004190598
opaque,0,0.08,0.98,random_copy_error,bestStructuralLineageDepth,100,4.86,0.16515679724664,4.53629267739659,5.18370732260341,100,2.71,0.187107164237746,2.34326995809402,3.07673004190598
opaque,0,0.08,0.98,random_copy_error,finalMeanComponentAccuracy,100,0.792133333333334,0.0264495589655575,0.740292197760841,0.843974468905826,100,0.323133333333333,0.0253587423523423,0.273430198322742,0.372836468343924
opaque,0,0.08,0.98,random_copy_error,finalExactTargetFraction,100,0.491,0.0493546568712837,0.394264872532284,0.587735127467716,100,0.401,0.0483497708029762,0.306234449226167,0.495765550773833
opaque,0,0.08,0.98,greedy_acceptance,finalMean,100,0.844912555451333,0.0251756199695346,0.795568340311045,0.894256770591621,100,0.691852282009333,0.0336481191426398,0.625901968489759,0.757802595528907
opaque,0,0.08,0.98,greedy_acceptance,lossRate,100,0,0,0,0,100,-0.0322784810126582,0.00236214987132871,-0.0369082947604625,-0.027648667264854
opaque,0,0.08,0.98,greedy_acceptance,bestFunctionalLineageDepth,100,4.98,0.101483939118414,4.78109147932791,5.17890852067209,100,2.83,0.166396751133785,2.50386236777778,3.15613763222222
opaque,0,0.08,0.98,greedy_acceptance,bestStructuralLineageDepth,100,4.98,0.101483939118414,4.78109147932791,5.17890852067209,100,2.83,0.166396751133785,2.50386236777778,3.15613763222222
opaque,0,0.08,0.98,greedy_acceptance,finalMeanComponentAccuracy,100,0.967733333333334,0.00553123565772013,0.956892111444202,0.978574555222465,100,0.498733333333333,0.0238404620734225,0.452006027669425,0.545460638997241
opaque,0,0.08,0.98,greedy_acceptance,finalExactTargetFraction,100,0.726333333333333,0.043350928828608,0.641365512829262,0.811301153837405,100,0.636333333333333,0.047,0.544213333333333,0.728453333333333
opaque,0,0.15,0.45,baseline,finalMean,100,0.001100013944,8.03348347272981e-05,0.000942557667934496,0.0012574702200655,NaN,NaN,NaN,NaN,NaN
opaque,0,0.15,0.45,baseline,lossRate,100,0.0869620253164557,0.0021488881367334,0.0827502045684583,0.0911738460644532,NaN,NaN,NaN,NaN,NaN
opaque,0,0.15,0.45,baseline,bestFunctionalLineageDepth,100,2.85,0.114922020113948,2.62475284057666,3.07524715942334,NaN,NaN,NaN,NaN,NaN
opaque,0,0.15,0.45,baseline,bestStructuralLineageDepth,100,2.85,0.114922020113948,2.62475284057666,3.07524715942334,NaN,NaN,NaN,NaN,NaN
opaque,0,0.15,0.45,baseline,finalMeanComponentAccuracy,100,0.011,0.000803332006090246,0.00942546926806312,0.0125745307319369,NaN,NaN,NaN,NaN,NaN
opaque,0,0.15,0.45,baseline,finalExactTargetFraction,100,0,0,0,0,NaN,NaN,NaN,NaN,NaN
opaque,0,0.15,0.45,random_demonstrator,finalMean,100,0.00106668058066667,7.92800962403954e-05,0.000911291592035492,0.00122206956929784,100,-3.33333633333333e-05,1.29749940801762e-05,-5.87643517304787e-05,-7.90237493618799e-06
opaque,0,0.15,0.45,random_demonstrator,lossRate,100,0.0872151898734177,0.00213559108847404,0.0830294313400086,0.0914009484068269,100,0.000253164556962025,0.000951687060066948,-0.00161214208076919,0.00211847119469324
opaque,0,0.15,0.45,random_demonstrator,bestFunctionalLineageDepth,100,2.65,0.109521456778795,2.43533794471356,2.86466205528644,100,-0.2,0.055048188256318,-0.307894448982383,-0.0921055510176168
opaque,0,0.15,0.45,random_demonstrator,bestStructuralLineageDepth,100,2.65,0.109521456778795,2.43533794471356,2.86466205528644,100,-0.2,0.055048188256318,-0.307894448982383,-0.0921055510176168
opaque,0,0.15,0.45,random_demonstrator,finalMeanComponentAccuracy,100,0.0106666666666667,0.000792784520014084,0.00911280900743906,0.0122205243258943,100,-0.000333333333333333,0.00012974982402692,-0.000587642988426097,-7.90236782405697e-05
opaque,0,0.15,0.45,random_demonstrator,finalExactTargetFraction,100,0,0,0,0,100,0,0,0,0
opaque,0,0.15,0.45,random_copy_error,finalMean,100,0.0243441496376667,0.000427396561413951,0.0235064523772953,0.025181846898038,100,0.0232441356936667,0.000435212190867838,0.0223911197995657,0.0240971515877676
opaque,0,0.15,0.45,random_copy_error,lossRate,100,0.129367088607595,0.0030563523751704,0.123376637952261,0.135357539262929,100,0.0424050632911392,0.00370197016256076,0.0351492017725201,0.0496609248097583
opaque,0,0.15,0.45,random_copy_error,bestFunctionalLineageDepth,100,12.71,0.2341091000091,12.2511461639822,13.1688538360178,100,9.86,0.25663714903074,9.35699118789975,10.3630088121003
opaque,0,0.15,0.45,random_copy_error,bestStructuralLineageDepth,100,12.71,0.2341091000091,12.2511461639822,13.1688538360178,100,9.86,0.25663714903074,9.35699118789975,10.3630088121003
opaque,0,0.15,0.45,random_copy_error,finalMeanComponentAccuracy,100,0.233966666666667,0.00339164319269832,0.227319046008978,0.240614287324355,100,0.222966666666667,0.00345010775869057,0.216204455459633,0.2297288778737
opaque,0,0.15,0.45,random_copy_error,finalExactTargetFraction,100,0,0,0,0,100,0,0,0,0
opaque,0,0.15,0.45,greedy_acceptance,finalMean,100,0.0474866014436666,0.000543490198016688,0.0464213606555539,0.0485518422317793,100,0.0463865874996667,0.000542878335974102,0.0453225459611575,0.0474506290381759
opaque,0,0.15,0.45,greedy_acceptance,lossRate,100,0,0,0,0,100,-0.0869620253164557,0.0021488881367334,-0.0911738460644532,-0.0827502045684583
opaque,0,0.15,0.45,greedy_acceptance,bestFunctionalLineageDepth,100,2.34,0.105619863451699,2.13298506763467,2.54701493236533,100,-0.51,0.147364044516163,-0.798833527251679,-0.221166472748321
opaque,0,0.15,0.45,greedy_acceptance,bestStructuralLineageDepth,100,2.34,0.105619863451699,2.13298506763467,2.54701493236533,100,-0.51,0.147364044516163,-0.798833527251679,-0.221166472748321
opaque,0,0.15,0.45,greedy_acceptance,finalMeanComponentAccuracy,100,0.445166666666667,0.00330641487854231,0.438686093504724,0.45164723982861,100,0.434166666666667,0.00333278615037481,0.427634405811932,0.440698927521401
opaque,0,0.15,0.45,greedy_acceptance,finalExactTargetFraction,100,0,0,0,0,100,0,0,0,0
opaque,0,0.15,0.65,baseline,finalMean,100,0.00175335700933333,0.000130325239387872,0.00149791954013311,0.00200879447853356,NaN,NaN,NaN,NaN,NaN
opaque,0,0.15,0.65,baseline,lossRate,100,0.0913924050632912,0.00234292089028269,0.0868002801183371,0.0959845300082453,NaN,NaN,NaN,NaN,NaN
opaque,0,0.15,0.65,baseline,bestFunctionalLineageDepth,100,3.03,0.12748935388312,2.78012086638909,3.27987913361091,NaN,NaN,NaN,NaN,NaN
opaque,0,0.15,0.65,baseline,bestStructuralLineageDepth,100,3.03,0.12748935388312,2.78012086638909,3.27987913361091,NaN,NaN,NaN,NaN,NaN
opaque,0,0.15,0.65,baseline,finalMeanComponentAccuracy,100,0.0175333333333333,0.00130321195194593,0.0149790379075193,0.0200876287591474,NaN,NaN,NaN,NaN,NaN
opaque,0,0.15,0.65,baseline,finalExactTargetFraction,100,0,0,0,0,NaN,NaN,NaN,NaN,NaN
opaque,0,0.15,0.65,random_demonstrator,finalMean,100,0.00158001971,0.000119637843454802,0.00134552953682859,0.00181450988317141,100,-0.000173337299333333,3.7748934083104e-05,-0.000247325210136217,-9.93493885304496e-05
opaque,0,0.15,0.65,random_demonstrator,lossRate,100,0.0916455696202532,0.00246767405111918,0.0868089284800596,0.0964822107604468,100,0.000253164556962025,0.000934525770323634,-0.0015785059528723,0.00208483506679635
opaque,0,0.15,0.65,random_demonstrator,bestFunctionalLineageDepth,100,2.85,0.130558241966773,2.59410584574512,3.10589415425488,100,-0.18,0.0903192989209712,-0.357025825885104,-0.00297417411489637
opaque,0,0.15,0.65,random_demonstrator,bestStructuralLineageDepth,100,2.85,0.130558241966773,2.59410584574512,3.10589415425488,100,-0.18,0.0903192989209712,-0.357025825885104,-0.00297417411489637
opaque,0,0.15,0.65,random_demonstrator,finalMeanComponentAccuracy,100,0.0158,0.00119634685239933,0.0134551601692973,0.0181448398307027,100,-0.00173333333333333,0.00037748057233662,-0.00247319525511311,-0.000993471411553557
opaque,0,0.15,0.65,random_demonstrator,finalExactTargetFraction,100,0,0,0,0,100,0,0,0,0
opaque,0,0.15,0.65,random_copy_error,finalMean,100,0.0451795014856667,0.00447866973989744,0.0364013087954677,0.0539576941758656,100,0.0434261444763333,0.00448961489159797,0.0346264992888013,0.0522257896638654
opaque,0,0.15,0.65,random_copy_error,lossRate,100,0.101518987341772,0.00436266219231288,0.0929681694448389,0.110069805238705,100,0.010126582278481,0.00507924860439129,0.000171255013874081,0.0200819095430879
opaque,0,0.15,0.65,random_copy_error,bestFunctionalLineageDepth,100,10.57,0.295164737430172,9.99147711463686,11.1485228853631,100,7.54,0.305974185218626,6.94029059697149,8.13970940302851
opaque,0,0.15,0.65,random_copy_error,bestStructuralLineageDepth,100,10.57,0.295164737430172,9.99147711463686,11.1485228853631,100,7.54,0.305974185218626,6.94029059697149,8.13970940302851
opaque,0,0.15,0.65,random_copy_error,finalMeanComponentAccuracy,100,0.314566666666667,0.0117485491140427,0.291539510403143,0.33759382293019,100,0.297033333333333,0.0118571647919035,0.273793290341202,0.320273376325464
opaque,0,0.15,0.65,random_copy_error,finalExactTargetFraction,100,0.00166666666666667,0.000870388279778489,-3.9294361699172e-05,0.00337262769503251,100,0.00166666666666667,0.000870388279778489,-3.9294361699172e-05,0.00337262769503251
opaque,0,0.15,0.65,greedy_acceptance,finalMean,100,0.0750991743983333,0.00147916291991645,0.0722000150752971,0.0779983337213695,100,0.073345817389,0.00147656390370206,0.0704517521377439,0.076239882640256
opaque,0,0.15,0.65,greedy_acceptance,lossRate,100,0,0,0,0,100,-0.0913924050632912,0.00234292089028269,-0.0959845300082453,-0.0868002801183371
opaque,0,0.15,0.65,greedy_acceptance,bestFunctionalLineageDepth,100,3.13,0.0895048105473171,2.95457057132726,3.30542942867274,100,0.1,0.147367471706519,-0.188840244544777,0.388840244544778
opaque,0,0.15,0.65,greedy_acceptance,bestStructuralLineageDepth,100,3.13,0.0895048105473171,2.95457057132726,3.30542942867274,100,0.1,0.147367471706519,-0.188840244544777,0.388840244544778
opaque,0,0.15,0.65,greedy_acceptance,finalMeanComponentAccuracy,100,0.581633333333333,0.00442229201508298,0.572965640983771,0.590301025682896,100,0.5641,0.00450435753604997,0.555271459229342,0.572928540770658
opaque,0,0.15,0.65,greedy_acceptance,finalExactTargetFraction,100,0,0,0,0,100,0,0,0,0
opaque,0,0.15,0.8,baseline,finalMean,100,0.0218481957886666,0.0126581996231171,-0.0029618754726429,0.0466582670499762,NaN,NaN,NaN,NaN,NaN
opaque,0,0.15,0.8,baseline,lossRate,100,0.0831645569620253,0.00250758932463587,0.078249681885739,0.0880794320383116,NaN,NaN,NaN,NaN,NaN
opaque,0,0.15,0.8,baseline,bestFunctionalLineageDepth,100,2.9,0.103961919990354,2.69623463681891,3.10376536318109,NaN,NaN,NaN,NaN,NaN
opaque,0,0.15,0.8,baseline,bestStructuralLineageDepth,100,2.9,0.103961919990354,2.69623463681891,3.10376536318109,NaN,NaN,NaN,NaN,NaN
opaque,0,0.15,0.8,baseline,finalMeanComponentAccuracy,100,0.0574666666666666,0.0134814267213155,0.0310430702928882,0.083890263040445,NaN,NaN,NaN,NaN,NaN
opaque,0,0.15,0.8,baseline,finalExactTargetFraction,100,0.0166666666666667,0.0117350090630744,-0.00633395109695914,0.0396672844302925,NaN,NaN,NaN,NaN,NaN
opaque,0,0.15,0.8,random_demonstrator,finalMean,100,0.00732812739033333,0.00337823867092246,0.000706779595325305,0.0139494751853414,100,-0.0145200683983333,0.00994946179853494,-0.0340210135234618,0.00498087672679516
opaque,0,0.15,0.8,random_demonstrator,lossRate,100,0.0846835443037975,0.00247798259240945,0.0798266984226749,0.08954039018492,100,0.00151898734177215,0.00151898734177215,-0.00145822784810127,0.00449620253164557
opaque,0,0.15,0.8,random_demonstrator,bestFunctionalLineageDepth,100,2.89,0.115378166097929,2.66385879444806,3.11614120555194,100,-0.01,0.0745288229783986,-0.156076493037661,0.136076493037661
opaque,0,0.15,0.8,random_demonstrator,bestStructuralLineageDepth,100,2.89,0.115378166097929,2.66385879444806,3.11614120555194,100,-0.01,0.0745288229783986,-0.156076493037661,0.136076493037661
opaque,0,0.15,0.8,random_demonstrator,finalMeanComponentAccuracy,100,0.0450333333333333,0.00973769274174637,0.0259474555595104,0.0641192111071562,100,-0.0124333333333333,0.00468990247075407,-0.0216255421760113,-0.00324112449065536
opaque,0,0.15,0.8,random_demonstrator,finalExactTargetFraction,100,0,0,0,0,100,-0.0166666666666667,0.0117350090630744,-0.0396672844302925,0.00633395109695914
opaque,0,0.15,0.8,random_copy_error,finalMean,100,0.350865147146333,0.0366312386416178,0.279067919408762,0.422662374883904,100,0.329016951357667,0.0359806909690763,0.258494797058277,0.399539105657056
opaque,0,0.15,0.8,random_copy_error,lossRate,100,0.0675949367088608,0.00412718545539441,0.0595056532162877,0.0756842202014338,100,-0.0155696202531646,0.00432867723092457,-0.0240538276257767,-0.00708541288055241
opaque,0,0.15,0.8,random_copy_error,bestFunctionalLineageDepth,100,9.29,0.227100743007916,8.84488254370448,9.73511745629551,100,6.39,0.253020141331065,5.89408052299111,6.88591947700889
opaque,0,0.15,0.8,random_copy_error,bestStructuralLineageDepth,100,9.29,0.227100743007916,8.84488254370448,9.73511745629551,100,6.39,0.253020141331065,5.89408052299111,6.88591947700889
opaque,0,0.15,0.8,random_copy_error,finalMeanComponentAccuracy,100,0.638633333333333,0.0282050013076658,0.583351530770308,0.693915135896359,100,0.581166666666667,0.0291662049025496,0.52400090505767,0.638332428275664
opaque,0,0.15,0.8,random_copy_error,finalExactTargetFraction,100,0.242666666666667,0.0359450884366147,0.172214293330902,0.313119040002432,100,0.226,0.0349236139356378,0.15754971668615,0.29445028331385
opaque,0,0.15,0.8,greedy_acceptance,finalMean,100,0.256548652204,0.0171000673911626,0.223032520117321,0.290064784290679,100,0.234700456415333,0.0142853359541792,0.206701197945142,0.262699714885524
opaque,0,0.15,0.8,greedy_acceptance,lossRate,100,0,0,0,0,100,-0.0831645569620253,0.00250758932463587,-0.0880794320383116,-0.078249681885739
opaque,0,0.15,0.8,greedy_acceptance,bestFunctionalLineageDepth,100,4.33,0.113755896728056,4.10703844241301,4.55296155758699,100,1.43,0.147884065976349,1.14014723068636,1.71985276931364
opaque,0,0.15,0.8,greedy_acceptance,bestStructuralLineageDepth,100,4.33,0.113755896728056,4.10703844241301,4.55296155758699,100,1.43,0.147884065976349,1.14014723068636,1.71985276931364
opaque,0,0.15,0.8,greedy_acceptance,finalMeanComponentAccuracy,100,0.7798,0.00808273992059735,0.763957829755629,0.795642170244371,100,0.722333333333333,0.0128725514708331,0.6971031324505,0.747563534216166
opaque,0,0.15,0.8,greedy_acceptance,finalExactTargetFraction,100,0.0353333333333333,0.0151891922117305,0.00556251659834163,0.065104150068325,100,0.0186666666666667,0.00906789454945552,0.000893593349733851,0.0364397399835995
opaque,0,0.15,0.92,baseline,finalMean,100,0.0294140306433333,0.00992876969943655,0.0099536420324377,0.048874419254229,NaN,NaN,NaN,NaN,NaN
opaque,0,0.15,0.92,baseline,lossRate,100,0.0617721518987343,0.00230601780568876,0.0572523569995843,0.0662919467978842,NaN,NaN,NaN,NaN,NaN
opaque,0,0.15,0.92,baseline,bestFunctionalLineageDepth,100,3.04,0.128644840353179,2.78785611290777,3.29214388709223,NaN,NaN,NaN,NaN,NaN
opaque,0,0.15,0.92,baseline,bestStructuralLineageDepth,100,3.04,0.128644840353179,2.78785611290777,3.29214388709223,NaN,NaN,NaN,NaN,NaN
opaque,0,0.15,0.92,baseline,finalMeanComponentAccuracy,100,0.193533333333333,0.0123333624533281,0.16935994292481,0.217706723741856,NaN,NaN,NaN,NaN,NaN
opaque,0,0.15,0.92,baseline,finalExactTargetFraction,100,0.01,0.01,-0.0096,0.0296,NaN,NaN,NaN,NaN,NaN
opaque,0,0.15,0.92,random_demonstrator,finalMean,100,0.0187537165943333,0.00468244117209071,0.00957613189703553,0.0279313012916311,100,-0.010660314049,0.0053764663821596,-0.0211981881580328,-0.000122439939967191
opaque,0,0.15,0.92,random_demonstrator,lossRate,100,0.0684810126582279,0.00265091144298357,0.0632852262299801,0.0736767990864757,100,0.00670886075949367,0.00223599740474184,0.00232630584619967,0.0110914156727877
opaque,0,0.15,0.92,random_demonstrator,bestFunctionalLineageDepth,100,2.93,0.126535019307349,2.6819913621576,3.1780086378424,100,-0.11,0.119675487140108,-0.344563954794612,0.124563954794612
opaque,0,0.15,0.92,random_demonstrator,bestStructuralLineageDepth,100,2.93,0.126535019307349,2.6819913621576,3.1780086378424,100,-0.11,0.119675487140108,-0.344563954794612,0.124563954794612
opaque,0,0.15,0.92,random_demonstrator,finalMeanComponentAccuracy,100,0.147233333333333,0.00992520343870408,0.127779934593473,0.166686732073193,100,-0.0463,0.00827581428817947,-0.0625205960048318,-0.0300794039951682
opaque,0,0.15,0.92,random_demonstrator,finalExactTargetFraction,100,0,0,0,0,100,-0.01,0.01,-0.0296,0.0096
opaque,0,0.15,0.92,random_copy_error,finalMean,100,0.803019579779667,0.0331326456072549,0.738079594389447,0.867959565169886,100,0.773605549136333,0.0337250816134844,0.707504389173904,0.839706709098763
opaque,0,0.15,0.92,random_copy_error,lossRate,100,0.0355696202531646,0.00249101132435886,0.0306872380574212,0.0404520024489079,100,-0.0262025316455696,0.00280608742221662,-0.0317024629931142,-0.020702600298025
opaque,0,0.15,0.92,random_copy_error,bestFunctionalLineageDepth,100,7.41,0.199035553394743,7.0198903153463,7.8001096846537,100,4.37,0.21017308884043,3.95806074587276,4.78193925412724
opaque,0,0.15,0.92,random_copy_error,bestStructuralLineageDepth,100,7.41,0.199035553394743,7.0198903153463,7.8001096846537,100,4.37,0.21017308884043,3.95806074587276,4.78193925412724
opaque,0,0.15,0.92,random_copy_error,finalMeanComponentAccuracy,100,0.920366666666667,0.0169271824640972,0.887189389037036,0.953543944296297,100,0.726833333333333,0.0183541892391427,0.690859122424613,0.762807544242053
opaque,0,0.15,0.92,random_copy_error,finalExactTargetFraction,100,0.733666666666667,0.0418095060048325,0.651720034897195,0.815613298436138,100,0.723666666666667,0.0423583531143907,0.640644294562461,0.806689038770872
opaque,0,0.15,0.92,greedy_acceptance,finalMean,100,0.86537971905,0.0219187726002604,0.822418924753489,0.90834051334651,100,0.835965688406667,0.0233591700710927,0.790181715067325,0.881749661746009
opaque,0,0.15,0.92,greedy_acceptance,lossRate,100,0,0,0,0,100,-0.0617721518987343,0.00230601780568876,-0.0662919467978842,-0.0572523569995843
opaque,0,0.15,0.92,greedy_acceptance,bestFunctionalLineageDepth,100,5.28,0.0932900332459492,5.09715153483794,5.46284846516206,100,2.24,0.141507040193209,1.96264620122131,2.51735379877869
opaque,0,0.15,0.92,greedy_acceptance,bestStructuralLineageDepth,100,5.28,0.0932900332459492,5.09715153483794,5.46284846516206,100,2.24,0.141507040193209,1.96264620122131,2.51735379877869
opaque,0,0.15,0.92,greedy_acceptance,finalMeanComponentAccuracy,100,0.9732,0.00450810966478407,0.964364105057023,0.982035894942977,100,0.779666666666667,0.012615126402118,0.754941018918515,0.804392314414818
opaque,0,0.15,0.92,greedy_acceptance,finalExactTargetFraction,100,0.751666666666667,0.0398577014344325,0.673545571855179,0.829787761478154,100,0.741666666666667,0.0404779941878054,0.662329798058568,0.821003535274765
opaque,0,0.15,0.98,baseline,finalMean,100,0.266913498539333,0.0382602849050637,0.191923340125408,0.341903656953258,NaN,NaN,NaN,NaN,NaN
opaque,0,0.15,0.98,baseline,lossRate,100,0.0389873417721519,0.00277374561483302,0.0335508003670792,0.0444238831772246,NaN,NaN,NaN,NaN,NaN
opaque,0,0.15,0.98,baseline,bestFunctionalLineageDepth,100,3.76,0.148473716342134,3.46899151596942,4.05100848403058,NaN,NaN,NaN,NaN,NaN
opaque,0,0.15,0.98,baseline,bestStructuralLineageDepth,100,3.76,0.148473716342134,3.46899151596942,4.05100848403058,NaN,NaN,NaN,NaN,NaN
opaque,0,0.15,0.98,baseline,finalMeanComponentAccuracy,100,0.554333333333333,0.0282592416078599,0.498945219781928,0.609721446884739,NaN,NaN,NaN,NaN,NaN
opaque,0,0.15,0.98,baseline,finalExactTargetFraction,100,0.202666666666667,0.0398979618842119,0.124466661373611,0.280866671959722,NaN,NaN,NaN,NaN,NaN
opaque,0,0.15,0.98,random_demonstrator,finalMean,100,0.110152376522667,0.0238611097859801,0.0633846013421456,0.156920151703188,100,-0.156761122016667,0.0310331327493714,-0.217586062205435,-0.0959361818278986
opaque,0,0.15,0.98,random_demonstrator,lossRate,100,0.0478481012658228,0.00245755277896959,0.0430312978190424,0.0526649047126032,100,0.00886075949367088,0.00207099117555705,0.00480161678957906,0.0129199021977627
opaque,0,0.15,0.98,random_demonstrator,bestFunctionalLineageDepth,100,3.02,0.135572113577232,2.75427865738862,3.28572134261138,100,-0.74,0.138257555002074,-1.01098480780407,-0.469015192195935
opaque,0,0.15,0.98,random_demonstrator,bestStructuralLineageDepth,100,3.02,0.135572113577232,2.75427865738862,3.28572134261138,100,-0.74,0.138257555002074,-1.01098480780407,-0.469015192195935
opaque,0,0.15,0.98,random_demonstrator,finalMeanComponentAccuracy,100,0.390866666666667,0.0227895076966352,0.346199231581262,0.435534101752072,100,-0.163466666666667,0.0206101606140932,-0.203862581470289,-0.123070751863044
opaque,0,0.15,0.98,random_demonstrator,finalExactTargetFraction,100,0.0603333333333333,0.0238621885082664,0.0135634438571312,0.107103222809535,100,-0.142333333333333,0.0344879327942037,-0.209929681609973,-0.0747369850566941
opaque,0,0.15,0.98,random_copy_error,finalMean,100,0.612820138666667,0.0438501423560528,0.526873859648803,0.69876641768453,100,0.345906640127333,0.0413328176149832,0.264894317601966,0.426918962652701
opaque,0,0.15,0.98,random_copy_error,lossRate,100,0.0339240506329114,0.00282118724369449,0.0283945236352702,0.0394535776305526,100,-0.00506329113924051,0.00278143720602736,-0.0105149080630541,0.000388325784573116
opaque,0,0.15,0.98,random_copy_error,bestFunctionalLineageDepth,100,5.48,0.141763781329963,5.20214298859327,5.75785701140673,100,1.72,0.183721352470352,1.35990614915811,2.08009385084189
opaque,0,0.15,0.98,random_copy_error,bestStructuralLineageDepth,100,5.48,0.141763781329963,5.20214298859327,5.75785701140673,100,1.72,0.183721352470352,1.35990614915811,2.08009385084189
opaque,0,0.15,0.98,random_copy_error,finalMeanComponentAccuracy,100,0.811066666666667,0.0247089854474162,0.762637055189731,0.859496278143603,100,0.256733333333333,0.0253047410861401,0.207136040804499,0.306330625862168
opaque,0,0.15,0.98,random_copy_error,finalExactTargetFraction,100,0.551666666666667,0.0492420098402661,0.455152327379745,0.648181005953588,100,0.349,0.0467710592838348,0.257328723803684,0.440671276196316
opaque,0,0.15,0.98,greedy_acceptance,finalMean,100,0.965858138614667,0.0124507659553624,0.941454637342157,0.990261639887177,100,0.698944640075333,0.0387692628217821,0.62295688494464,0.774932395206026
opaque,0,0.15,0.98,greedy_acceptance,lossRate,100,0,0,0,0,100,-0.0389873417721519,0.00277374561483302,-0.0444238831772246,-0.0335508003670792
opaque,0,0.15,0.98,greedy_acceptance,bestFunctionalLineageDepth,100,5.31,0.0950225916784684,5.1237557203102,5.4962442796898,100,1.55,0.167799182526512,1.22111360224804,1.87888639775196
opaque,0,0.15,0.98,greedy_acceptance,bestStructuralLineageDepth,100,5.31,0.0950225916784684,5.1237557203102,5.4962442796898,100,1.55,0.167799182526512,1.22111360224804,1.87888639775196
opaque,0,0.15,0.98,greedy_acceptance,finalMeanComponentAccuracy,100,0.993466666666667,0.00238255915000128,0.988796850732664,0.998136482600669,100,0.439133333333333,0.0280209004886983,0.384212368375485,0.494054298291182
opaque,0,0.15,0.98,greedy_acceptance,finalExactTargetFraction,100,0.934666666666667,0.0238255915000127,0.887968507326642,0.981364826006692,100,0.732,0.0434972811565673,0.646745328933128,0.817254671066872
opaque,0.6,0,0.45,baseline,finalMean,100,0.000366672330666667,0.000107572795715867,0.000155829651063567,0.000577515010269767,NaN,NaN,NaN,NaN,NaN
opaque,0.6,0,0.45,baseline,lossRate,100,0.0525316455696203,0.00119850401227219,0.0501825777055668,0.0548807134336738,NaN,NaN,NaN,NaN,NaN
opaque,0.6,0,0.45,baseline,bestFunctionalLineageDepth,100,0,0,0,0,NaN,NaN,NaN,NaN,NaN
opaque,0.6,0,0.45,baseline,bestStructuralLineageDepth,100,0,0,0,0,NaN,NaN,NaN,NaN,NaN
opaque,0.6,0,0.45,baseline,finalMeanComponentAccuracy,100,0.00366666666666667,0.00107569829589597,0.00155829800671057,0.00577503532662276,NaN,NaN,NaN,NaN,NaN
opaque,0.6,0,0.45,baseline,finalExactTargetFraction,100,0,0,0,0,NaN,NaN,NaN,NaN,NaN
opaque,0.6,0,0.45,random_demonstrator,finalMean,100,0.00012000468,6.02158108121773e-05,1.98169080813257e-06,0.000238027669191867,100,-0.000246667650666667,8.94732475777147e-05,-0.000422035215918987,-7.13000854143459e-05
opaque,0.6,0,0.45,random_demonstrator,lossRate,100,0.0525316455696203,0.00121193304779283,0.0501562567959464,0.0549070343432943,100,6.93889390390723e-20,0.000719664865335394,-0.00141054313605737,0.00141054313605737
opaque,0.6,0,0.45,random_demonstrator,bestFunctionalLineageDepth,100,0,0,0,0,100,0,0,0,0
opaque,0.6,0,0.45,random_demonstrator,bestStructuralLineageDepth,100,0,0,0,0,100,0,0,0,0
opaque,0.6,0,0.45,random_demonstrator,finalMeanComponentAccuracy,100,0.0012,0.000602128659473142,1.98278274326409e-05,0.00238017217256736,100,-0.00246666666666667,0.000894703206186552,-0.00422028495079231,-0.000713048382541024
opaque,0.6,0,0.45,random_demonstrator,finalExactTargetFraction,100,0,0,0,0,100,0,0,0,0
opaque,0.6,0,0.45,random_copy_error,finalMean,100,0.343124728239333,0.0357068268741805,0.273139347565939,0.413110108912727,100,0.342758055908667,0.0356880333136384,0.272809510613935,0.412706601203398
opaque,0.6,0,0.45,random_copy_error,lossRate,100,0.0670886075949367,0.00425569362401565,0.0587474480918661,0.0754297670980074,100,0.0145569620253165,0.00451720499631874,0.00570324023253173,0.0234106838181012
opaque,0.6,0,0.45,random_copy_error,bestFunctionalLineageDepth,100,9.16,0.252950268598075,8.66421747354777,9.65578252645223,100,9.16,0.252950268598075,8.66421747354777,9.65578252645223
opaque,0.6,0,0.45,random_copy_error,bestStructuralLineageDepth,100,9.16,0.252950268598075,8.66421747354777,9.65578252645223,100,9.16,0.252950268598075,8.66421747354777,9.65578252645223
opaque,0.6,0,0.45,random_copy_error,finalMeanComponentAccuracy,100,0.631533333333333,0.0286635116892,0.575352850422501,0.687713816244165,100,0.627866666666666,0.0285307056910241,0.571946483512259,0.683786849821074
opaque,0.6,0,0.45,random_copy_error,finalExactTargetFraction,100,0.228666666666667,0.034979615676946,0.160106619939852,0.297226713393481,100,0.228666666666667,0.034979615676946,0.160106619939852,0.297226713393481
opaque,0.6,0,0.45,greedy_acceptance,finalMean,100,0.05291540834,0.0013289613041686,0.0503106441838296,0.0555201724961705,100,0.0525487360093334,0.00128887829734749,0.0500225345465323,0.0550749374721345
opaque,0.6,0,0.45,greedy_acceptance,lossRate,100,0,0,0,0,100,-0.0525316455696203,0.00119850401227219,-0.0548807134336738,-0.0501825777055668
opaque,0.6,0,0.45,greedy_acceptance,bestFunctionalLineageDepth,100,0,0,0,0,100,0,0,0,0
opaque,0.6,0,0.45,greedy_acceptance,bestStructuralLineageDepth,100,0,0,0,0,100,0,0,0,0
opaque,0.6,0,0.45,greedy_acceptance,finalMeanComponentAccuracy,100,0.482,0.00716049769727825,0.467965424513335,0.496034575486665,100,0.478333333333333,0.00695237930511883,0.464706669895301,0.491959996771366
opaque,0.6,0,0.45,greedy_acceptance,finalExactTargetFraction,100,0,0,0,0,100,0,0,0,0
opaque,0.6,0,0.65,baseline,finalMean,100,0.003350313917,0.000371679002304244,0.00262182307248368,0.00407880476151632,NaN,NaN,NaN,NaN,NaN
opaque,0.6,0,0.65,baseline,lossRate,100,0.0440506329113924,0.00110146347504028,0.0418917645003135,0.0462095013224714,NaN,NaN,NaN,NaN,NaN
opaque,0.6,0,0.65,baseline,bestFunctionalLineageDepth,100,0,0,0,0,NaN,NaN,NaN,NaN,NaN
opaque,0.6,0,0.65,baseline,bestStructuralLineageDepth,100,0,0,0,0,NaN,NaN,NaN,NaN,NaN
opaque,0.6,0,0.65,baseline,finalMeanComponentAccuracy,100,0.0335,0.00371588485080834,0.0262168656924157,0.0407831343075844,NaN,NaN,NaN,NaN,NaN
opaque,0.6,0,0.65,baseline,finalExactTargetFraction,100,0,0,0,0,NaN,NaN,NaN,NaN,NaN
opaque,0.6,0,0.65,random_demonstrator,finalMean,100,0.00211714621366667,0.000295477385462966,0.00153801053815925,0.00269628188917408,100,-0.00123316770333333,0.000272427220132924,-0.00176712505479386,-0.000699210351872803
opaque,0.6,0,0.65,random_demonstrator,lossRate,100,0.0443037974683545,0.00120019085900744,0.0419514233846999,0.046656171552009,100,0.000253164556962026,0.000951687060066948,-0.00161214208076919,0.00211847119469324
opaque,0.6,0,0.65,random_demonstrator,bestFunctionalLineageDepth,100,0,0,0,0,100,0,0,0,0
opaque,0.6,0,0.65,random_demonstrator,bestStructuralLineageDepth,100,0,0,0,0,100,0,0,0,0
opaque,0.6,0,0.65,random_demonstrator,finalMeanComponentAccuracy,100,0.0211666666666667,0.00295357836196905,0.0153776530772073,0.026955680256126,100,-0.0123333333333333,0.00272351031162146,-0.0176714135441114,-0.00699525312255528
opaque,0.6,0,0.65,random_demonstrator,finalExactTargetFraction,100,0,0,0,0,100,0,0,0,0
opaque,0.6,0,0.65,random_copy_error,finalMean,100,0.601612587711,0.0416107513368927,0.52005551509069,0.68316966033131,100,0.598262273794,0.0415816352845314,0.516762268636318,0.679762278951682
opaque,0.6,0,0.65,random_copy_error,lossRate,100,0.0484810126582279,0.00345164935424042,0.0417157799239166,0.0552462453925391,100,0.00443037974683544,0.00372376587730614,-0.0028682013726846,0.0117289608663555
opaque,0.6,0,0.65,random_copy_error,bestFunctionalLineageDepth,100,8.22,0.21861825036794,7.79150822927884,8.64849177072116,100,8.22,0.21861825036794,7.79150822927884,8.64849177072116
opaque,0.6,0,0.65,random_copy_error,bestStructuralLineageDepth,100,8.22,0.21861825036794,7.79150822927884,8.64849177072116,100,8.22,0.21861825036794,7.79150822927884,8.64849177072116
opaque,0.6,0,0.65,random_copy_error,finalMeanComponentAccuracy,100,0.7839,0.0281760958855028,0.728674852064415,0.839125147935586,100,0.7504,0.0281846676087459,0.695158051486858,0.805641948513142
opaque,0.6,0,0.65,random_copy_error,finalExactTargetFraction,100,0.521666666666667,0.0450423793460034,0.4333836031485,0.609949730184833,100,0.521666666666667,0.0450423793460034,0.4333836031485,0.609949730184833
opaque,0.6,0,0.65,greedy_acceptance,finalMean,100,0.0515382683600001,0.00150663596005426,0.0485852618782937,0.0544912748417064,100,0.048187954443,0.00144098682573282,0.0453636202645637,0.0510122886214363
opaque,0.6,0,0.65,greedy_acceptance,lossRate,100,0,0,0,0,100,-0.0440506329113924,0.00110146347504028,-0.0462095013224714,-0.0418917645003135
opaque,0.6,0,0.65,greedy_acceptance,bestFunctionalLineageDepth,100,0,0,0,0,100,0,0,0,0
opaque,0.6,0,0.65,greedy_acceptance,bestStructuralLineageDepth,100,0,0,0,0,100,0,0,0,0
opaque,0.6,0,0.65,greedy_acceptance,finalMeanComponentAccuracy,100,0.47,0.00797724035217465,0.454364608909738,0.485635391090262,100,0.4365,0.00790322711793514,0.421009674848847,0.451990325151153
opaque,0.6,0,0.65,greedy_acceptance,finalExactTargetFraction,100,0,0,0,0,100,0,0,0,0
opaque,0.6,0,0.8,baseline,finalMean,100,0.0113723599693333,0.00066900512210923,0.0100611099299992,0.0126836100086674,NaN,NaN,NaN,NaN,NaN
opaque,0.6,0,0.8,baseline,lossRate,100,0.0307594936708861,0.00121032943075199,0.0283872479866122,0.03313173935516,NaN,NaN,NaN,NaN,NaN
opaque,0.6,0,0.8,baseline,bestFunctionalLineageDepth,100,0,0,0,0,NaN,NaN,NaN,NaN,NaN
opaque,0.6,0,0.8,baseline,bestStructuralLineageDepth,100,0,0,0,0,NaN,NaN,NaN,NaN,NaN
opaque,0.6,0,0.8,baseline,finalMeanComponentAccuracy,100,0.113533333333333,0.00663896940063602,0.100520953308087,0.12654571335858,NaN,NaN,NaN,NaN,NaN
opaque,0.6,0,0.8,baseline,finalExactTargetFraction,100,0,0,0,0,NaN,NaN,NaN,NaN,NaN
opaque,0.6,0,0.8,random_demonstrator,finalMean,100,0.00767228318266667,0.000507453279189548,0.00667767475545515,0.00866689160987818,100,-0.00370007678666667,0.000545404845732252,-0.00476907028430188,-0.00263108328903145
opaque,0.6,0,0.8,random_demonstrator,lossRate,100,0.0348101265822785,0.00118492279180234,0.0324876779103459,0.0371325752542111,100,0.00405063291139241,0.000999790383284689,0.00209104376015442,0.0060102220626304
opaque,0.6,0,0.8,random_demonstrator,bestFunctionalLineageDepth,100,0,0,0,0,100,0,0,0,0
opaque,0.6,0,0.8,random_demonstrator,bestStructuralLineageDepth,100,0,0,0,0,100,0,0,0,0
opaque,0.6,0,0.8,random_demonstrator,finalMeanComponentAccuracy,100,0.0766666666666667,0.00505769185632935,0.0667535906282611,0.0865797427050722,100,-0.0368666666666667,0.00541681714372699,-0.0474836282683716,-0.0262497050649618
opaque,0.6,0,0.8,random_demonstrator,finalExactTargetFraction,100,0,0,0,0,100,0,0,0,0
opaque,0.6,0,0.8,random_copy_error,finalMean,100,0.72114250211,0.0409346339445796,0.640910619578624,0.801374384641376,100,0.709770142140667,0.0408754485663775,0.629654262950567,0.789886021330767
opaque,0.6,0,0.8,random_copy_error,lossRate,100,0.0327848101265823,0.0029568451529012,0.0269893936268959,0.0385802266262686,100,0.0020253164556962,0.00322707708324298,-0.00429975462746004,0.00835038753885245
opaque,0.6,0,0.8,random_copy_error,bestFunctionalLineageDepth,100,7,0.169967317119759,6.66686405844527,7.33313594155473,100,7,0.169967317119759,6.66686405844527,7.33313594155473
opaque,0.6,0,0.8,random_copy_error,bestStructuralLineageDepth,100,7,0.169967317119759,6.66686405844527,7.33313594155473,100,7,0.169967317119759,6.66686405844527,7.33313594155473
opaque,0.6,0,0.8,random_copy_error,finalMeanComponentAccuracy,100,0.8558,0.0238769582611033,0.809001161808238,0.902598838191762,100,0.742266666666667,0.0239916689618191,0.695242995501501,0.789290337831832
opaque,0.6,0,0.8,random_copy_error,finalExactTargetFraction,100,0.675,0.0459697236038622,0.58489934173643,0.76510065826357,100,0.675,0.0459697236038622,0.58489934173643,0.76510065826357
opaque,0.6,0,0.8,greedy_acceptance,finalMean,100,0.05125096263,0.00124460020586175,0.048811546226511,0.0536903790334891,100,0.0398786026606666,0.00116780993144351,0.0375896951950374,0.0421675101262959
opaque,0.6,0,0.8,greedy_acceptance,lossRate,100,0,0,0,0,100,-0.0307594936708861,0.00121032943075199,-0.03313173935516,-0.0283872479866122
opaque,0.6,0,0.8,greedy_acceptance,bestFunctionalLineageDepth,100,0,0,0,0,100,0,0,0,0
opaque,0.6,0,0.8,greedy_acceptance,bestStructuralLineageDepth,100,0,0,0,0,100,0,0,0,0
opaque,0.6,0,0.8,greedy_acceptance,finalMeanComponentAccuracy,100,0.471,0.00782317200386264,0.455666582872429,0.486333417127571,100,0.357466666666667,0.00836312788187378,0.341074936018194,0.373858397315139
opaque,0.6,0,0.8,greedy_acceptance,finalExactTargetFraction,100,0,0,0,0,100,0,0,0,0
opaque,0.6,0,0.92,baseline,finalMean,100,0.031100351766,0.00153160109351841,0.0280984136227039,0.0341022899092961,NaN,NaN,NaN,NaN,NaN
opaque,0.6,0,0.92,baseline,lossRate,100,0.0124050632911392,0.00107919739598369,0.0102898363950112,0.0145202901872673,NaN,NaN,NaN,NaN,NaN
opaque,0.6,0,0.92,baseline,bestFunctionalLineageDepth,100,0,0,0,0,NaN,NaN,NaN,NaN,NaN
opaque,0.6,0,0.92,baseline,bestStructuralLineageDepth,100,0,0,0,0,NaN,NaN,NaN,NaN,NaN
opaque,0.6,0,0.92,baseline,finalMeanComponentAccuracy,100,0.2964,0.0118181773288431,0.273236372435468,0.319563627564533,NaN,NaN,NaN,NaN,NaN
opaque,0.6,0,0.92,baseline,finalExactTargetFraction,100,0,0,0,0,NaN,NaN,NaN,NaN,NaN
opaque,0.6,0,0.92,random_demonstrator,finalMean,100,0.025002225488,0.00142175051428503,0.0222155944800013,0.0277888564959986,100,-0.006098126278,0.00106362096749622,-0.00818282337429259,-0.00401342918170741
opaque,0.6,0,0.92,random_demonstrator,lossRate,100,0.0173417721518987,0.00116119158165431,0.0150658366518563,0.0196177076519412,100,0.0049367088607595,0.000983715666888638,0.00300862615365777,0.00686479156786123
opaque,0.6,0,0.92,random_demonstrator,bestFunctionalLineageDepth,100,0,0,0,0,100,0,0,0,0
opaque,0.6,0,0.92,random_demonstrator,bestStructuralLineageDepth,100,0,0,0,0,100,0,0,0,0
opaque,0.6,0,0.92,random_demonstrator,finalMeanComponentAccuracy,100,0.242,0.0117081034222607,0.219052117292369,0.264947882707631,100,-0.0544,0.00931261288243488,-0.0726527212495723,-0.0361472787504276
opaque,0.6,0,0.92,random_demonstrator,finalExactTargetFraction,100,0,0,0,0,100,0,0,0,0
opaque,0.6,0,0.92,random_copy_error,finalMean,100,0.543794989832667,0.0437252273273303,0.458093544271099,0.629496435394234,100,0.512694638066667,0.0430650652846619,0.428287110108729,0.597102166024604
opaque,0.6,0,0.92,random_copy_error,lossRate,100,0.0306329113924051,0.00285710123846772,0.0250329929650083,0.0362328298198018,100,0.0182278481012658,0.00270664798186663,0.0129228180568072,0.0235328781457244
opaque,0.6,0,0.92,random_copy_error,bestFunctionalLineageDepth,100,4.88,0.140187464676858,4.60523256923336,5.15476743076664,100,4.88,0.140187464676858,4.60523256923336,5.15476743076664
opaque,0.6,0,0.92,random_copy_error,bestStructuralLineageDepth,100,4.88,0.140187464676858,4.60523256923336,5.15476743076664,100,4.88,0.140187464676858,4.60523256923336,5.15476743076664
opaque,0.6,0,0.92,random_copy_error,finalMeanComponentAccuracy,100,0.782066666666666,0.0246137743958789,0.733823668850744,0.830309664482589,100,0.485666666666667,0.0217878506904751,0.442962479313335,0.528370854019998
opaque,0.6,0,0.92,random_copy_error,finalExactTargetFraction,100,0.463333333333333,0.0490046838046361,0.367284153076247,0.55938251359042,100,0.463333333333333,0.0490046838046361,0.367284153076247,0.55938251359042
opaque,0.6,0,0.92,greedy_acceptance,finalMean,100,0.05443770581,0.00171352864634926,0.0510791896631555,0.0577962219568446,100,0.023337354044,0.00143834716210031,0.0205181936062834,0.0261565144817166
opaque,0.6,0,0.92,greedy_acceptance,lossRate,100,0,0,0,0,100,-0.0124050632911392,0.00107919739598369,-0.0145202901872673,-0.0102898363950112
opaque,0.6,0,0.92,greedy_acceptance,bestFunctionalLineageDepth,100,0,0,0,0,100,0,0,0,0
opaque,0.6,0,0.92,greedy_acceptance,bestStructuralLineageDepth,100,0,0,0,0,100,0,0,0,0
opaque,0.6,0,0.92,greedy_acceptance,finalMeanComponentAccuracy,100,0.485,0.00833333333333333,0.468666666666667,0.501333333333333,100,0.1886,0.00975642526207732,0.169477406486329,0.207722593513672
opaque,0.6,0,0.92,greedy_acceptance,finalExactTargetFraction,100,0,0,0,0,100,0,0,0,0
opaque,0.6,0,0.98,baseline,finalMean,100,0.0436424842913333,0.00163371180149335,0.0404404091604064,0.0468445594222603,NaN,NaN,NaN,NaN,NaN
opaque,0.6,0,0.98,baseline,lossRate,100,0.00481012658227848,0.0007586407860905,0.0033231906415411,0.00629706252301586,NaN,NaN,NaN,NaN,NaN
opaque,0.6,0,0.98,baseline,bestFunctionalLineageDepth,100,0,0,0,0,NaN,NaN,NaN,NaN,NaN
opaque,0.6,0,0.98,baseline,bestStructuralLineageDepth,100,0,0,0,0,NaN,NaN,NaN,NaN,NaN
opaque,0.6,0,0.98,baseline,finalMeanComponentAccuracy,100,0.404933333333333,0.0113302114931875,0.382726118806686,0.427140547859981,NaN,NaN,NaN,NaN,NaN
opaque,0.6,0,0.98,baseline,finalExactTargetFraction,100,0,0,0,0,NaN,NaN,NaN,NaN,NaN
opaque,0.6,0,0.98,random_demonstrator,finalMean,100,0.039031237525,0.00168900181104286,0.035720793975356,0.042341681074644,100,-0.00461124676633333,0.000953292707189994,-0.00647970047242571,-0.00274279306024094
opaque,0.6,0,0.98,random_demonstrator,lossRate,100,0.00822784810126582,0.000923988451894584,0.00641683073555244,0.0100388654669792,100,0.00341772151898734,0.000693436403708255,0.00205858616771916,0.00477685687025552
opaque,0.6,0,0.98,random_demonstrator,bestFunctionalLineageDepth,100,0,0,0,0,100,0,0,0,0
opaque,0.6,0,0.98,random_demonstrator,bestStructuralLineageDepth,100,0,0,0,0,100,0,0,0,0
opaque,0.6,0,0.98,random_demonstrator,finalMeanComponentAccuracy,100,0.3661,0.012370546733556,0.34185372840223,0.39034627159777,100,-0.0388333333333333,0.00775036656024615,-0.0540240517914158,-0.0236426148752509
opaque,0.6,0,0.98,random_demonstrator,finalExactTargetFraction,100,0,0,0,0,100,0,0,0,0
opaque,0.6,0,0.98,random_copy_error,finalMean,100,0.218910424898667,0.0287953134780594,0.16247161048167,0.275349239315663,100,0.175267940607333,0.027746886690615,0.120884042693728,0.229651838520939
opaque,0.6,0,0.98,random_copy_error,lossRate,100,0.0232911392405063,0.00205703333111386,0.0192593539115232,0.0273229245694895,100,0.0184810126582278,0.00179393700556817,0.0149648961273142,0.0219971291891415
opaque,0.6,0,0.98,random_copy_error,bestFunctionalLineageDepth,100,2.58,0.121588808629077,2.34168593508701,2.81831406491299,100,2.58,0.121588808629077,2.34168593508701,2.81831406491299
opaque,0.6,0,0.98,random_copy_error,bestStructuralLineageDepth,100,2.58,0.121588808629077,2.34168593508701,2.81831406491299,100,2.58,0.121588808629077,2.34168593508701,2.81831406491299
opaque,0.6,0,0.98,random_copy_error,finalMeanComponentAccuracy,100,0.618266666666666,0.022342074775521,0.574476200106645,0.662057133226687,100,0.213333333333333,0.0161587244887824,0.18166223333532,0.245004433331347
opaque,0.6,0,0.98,random_copy_error,finalExactTargetFraction,100,0.0943333333333333,0.028737189113749,0.0380084426703854,0.150658223996281,100,0.0943333333333333,0.028737189113749,0.0380084426703854,0.150658223996281
opaque,0.6,0,0.98,greedy_acceptance,finalMean,100,0.05555368162,0.00145302048470767,0.052705761469973,0.0584016017700271,100,0.0119111973286667,0.00123962199922579,0.0094815382101841,0.0143408564471492
opaque,0.6,0,0.98,greedy_acceptance,lossRate,100,0,0,0,0,100,-0.00481012658227848,0.0007586407860905,-0.00629706252301586,-0.0033231906415411
opaque,0.6,0,0.98,greedy_acceptance,bestFunctionalLineageDepth,100,0,0,0,0,100,0,0,0,0
opaque,0.6,0,0.98,greedy_acceptance,bestStructuralLineageDepth,100,0,0,0,0,100,0,0,0,0
opaque,0.6,0,0.98,greedy_acceptance,finalMeanComponentAccuracy,100,0.496,0.00790345788023485,0.48050922255474,0.51149077744526,100,0.0910666666666667,0.00931321545131694,0.0728127643820854,0.109320568951248
opaque,0.6,0,0.98,greedy_acceptance,finalExactTargetFraction,100,0,0,0,0,100,0,0,0,0
opaque,0.6,0.03,0.45,baseline,finalMean,100,0.001280014106,0.00014140150558742,0.00100286715504866,0.00155716105695134,NaN,NaN,NaN,NaN,NaN
opaque,0.6,0.03,0.45,baseline,lossRate,100,0.0683544303797469,0.00196265420874047,0.0645076281306156,0.0722012326288782,NaN,NaN,NaN,NaN,NaN
opaque,0.6,0.03,0.45,baseline,bestFunctionalLineageDepth,100,0.97,0.0758187631690524,0.821395224188657,1.11860477581134,NaN,NaN,NaN,NaN,NaN
opaque,0.6,0.03,0.45,baseline,bestStructuralLineageDepth,100,0.97,0.0758187631690524,0.821395224188657,1.11860477581134,NaN,NaN,NaN,NaN,NaN
opaque,0.6,0.03,0.45,baseline,finalMeanComponentAccuracy,100,0.0128,0.00141399133402748,0.0100285769853061,0.0155714230146939,NaN,NaN,NaN,NaN,NaN
opaque,0.6,0.03,0.45,baseline,finalExactTargetFraction,100,0,0,0,0,NaN,NaN,NaN,NaN,NaN
opaque,0.6,0.03,0.45,random_demonstrator,finalMean,100,0.000893340233333333,0.000100825978139493,0.000695721316179927,0.00109095915048674,100,-0.000386673872666667,9.61359417156265e-05,-0.000575100318429295,-0.000198247426904039
opaque,0.6,0.03,0.45,random_demonstrator,lossRate,100,0.0703797468354431,0.0019487509342281,0.066560195004356,0.0741992986665302,100,0.0020253164556962,0.00101329733061153,3.92536876976015e-05,0.0040113792236948
opaque,0.6,0.03,0.45,random_demonstrator,bestFunctionalLineageDepth,100,0.95,0.0743660072230789,0.804242625842765,1.09575737415723,100,-0.02,0.0317184584439504,-0.0821681785501427,0.0421681785501428
opaque,0.6,0.03,0.45,random_demonstrator,bestStructuralLineageDepth,100,0.95,0.0743660072230789,0.804242625842765,1.09575737415723,100,-0.02,0.0317184584439504,-0.0821681785501427,0.0421681785501428
opaque,0.6,0.03,0.45,random_demonstrator,finalMeanComponentAccuracy,100,0.00893333333333333,0.00100824880687539,0.00695716567185756,0.0109095009948091,100,-0.00386666666666667,0.000961340254111459,-0.00575089356472513,-0.00198243976860821
opaque,0.6,0.03,0.45,random_demonstrator,finalExactTargetFraction,100,0,0,0,0,100,0,0,0,0
opaque,0.6,0.03,0.45,random_copy_error,finalMean,100,0.350216895578667,0.0361517174669892,0.279359529343368,0.421074261813965,100,0.348936881472667,0.0361543075975146,0.278074438581538,0.419799324363795
opaque,0.6,0.03,0.45,random_copy_error,lossRate,100,0.0670886075949367,0.00431986291273062,0.0586216762859847,0.0755555389038887,100,-0.00126582278481013,0.00482933465918126,-0.0107313187168054,0.00819967314718515
opaque,0.6,0.03,0.45,random_copy_error,bestFunctionalLineageDepth,100,9.2,0.235273320530687,8.73886429175985,9.66113570824015,100,8.23,0.251803595099535,7.73646495360491,8.72353504639509
opaque,0.6,0.03,0.45,random_copy_error,bestStructuralLineageDepth,100,9.2,0.235273320530687,8.73886429175985,9.66113570824015,100,8.23,0.251803595099535,7.73646495360491,8.72353504639509
opaque,0.6,0.03,0.45,random_copy_error,finalMeanComponentAccuracy,100,0.635666666666667,0.028395495287765,0.580011495902647,0.691321837430686,100,0.622866666666667,0.0284465363814079,0.567111455359107,0.678621877974226
opaque,0.6,0.03,0.45,random_copy_error,finalExactTargetFraction,100,0.241666666666667,0.0354397577725417,0.172204741432485,0.311128591900848,100,0.241666666666667,0.0354397577725417,0.172204741432485,0.311128591900848
opaque,0.6,0.03,0.45,greedy_acceptance,finalMean,100,0.090614974646,0.00284103512640729,0.0850465457982417,0.0961834034937583,100,0.0893349605399999,0.00282962433445659,0.083788896844465,0.0948810242355348
opaque,0.6,0.03,0.45,greedy_acceptance,lossRate,100,0,0,0,0,100,-0.0683544303797469,0.00196265420874047,-0.0722012326288782,-0.0645076281306156
opaque,0.6,0.03,0.45,greedy_acceptance,bestFunctionalLineageDepth,100,1.85,0.0833333333333333,1.68666666666667,2.01333333333333,100,0.88,0.118304520606609,0.648123139611046,1.11187686038895
opaque,0.6,0.03,0.45,greedy_acceptance,bestStructuralLineageDepth,100,1.85,0.0833333333333333,1.68666666666667,2.01333333333333,100,0.88,0.118304520606609,0.648123139611046,1.11187686038895
opaque,0.6,0.03,0.45,greedy_acceptance,finalMeanComponentAccuracy,100,0.6224,0.00642614608730252,0.609804753668887,0.634995246331113,100,0.6096,0.00640799164343687,0.597040336378864,0.622159663621136
opaque,0.6,0.03,0.45,greedy_acceptance,finalExactTargetFraction,100,0,0,0,0,100,0,0,0,0
opaque,0.6,0.03,0.65,baseline,finalMean,100,0.00441424722333333,0.00039466353238361,0.00364070669986146,0.00518778774680521,NaN,NaN,NaN,NaN,NaN
opaque,0.6,0.03,0.65,baseline,lossRate,100,0.0548101265822785,0.00175411390934536,0.0513720633199616,0.0582481898445954,NaN,NaN,NaN,NaN,NaN
opaque,0.6,0.03,0.65,baseline,bestFunctionalLineageDepth,100,0.92,0.08,0.7632,1.0768,NaN,NaN,NaN,NaN,NaN
opaque,0.6,0.03,0.65,baseline,bestStructuralLineageDepth,100,0.92,0.08,0.7632,1.0768,NaN,NaN,NaN,NaN,NaN
opaque,0.6,0.03,0.65,baseline,finalMeanComponentAccuracy,100,0.0441333333333334,0.0039449409276387,0.0364012491151615,0.0518654175515052,NaN,NaN,NaN,NaN,NaN
opaque,0.6,0.03,0.65,baseline,finalExactTargetFraction,100,0,0,0,0,NaN,NaN,NaN,NaN,NaN
opaque,0.6,0.03,0.65,random_demonstrator,finalMean,100,0.00300719564466667,0.00034108485834461,0.00233866932231123,0.0036757219670221,100,-0.00140705157866667,0.000357617625093159,-0.00210798212384926,-0.000706121033484076
opaque,0.6,0.03,0.65,random_demonstrator,lossRate,100,0.0569620253164557,0.00189126091839218,0.0532551539164071,0.0606688967165044,100,0.00215189873417722,0.00140582391513399,-0.000603516139485412,0.00490731360783984
opaque,0.6,0.03,0.65,random_demonstrator,bestFunctionalLineageDepth,100,0.87,0.0774009631135756,0.718294112297392,1.02170588770261,100,-0.05,0.0729950876996721,-0.193070371891357,0.0930703718913574
opaque,0.6,0.03,0.65,random_demonstrator,bestStructuralLineageDepth,100,0.87,0.0774009631135756,0.718294112297392,1.02170588770261,100,-0.05,0.0729950876996721,-0.193070371891357,0.0930703718913574
opaque,0.6,0.03,0.65,random_demonstrator,finalMeanComponentAccuracy,100,0.0300666666666667,0.00340890100481168,0.0233852206972358,0.0367481126360976,100,-0.0140666666666667,0.00357337077220449,-0.0210704733801875,-0.00706285995314587
opaque,0.6,0.03,0.65,random_demonstrator,finalExactTargetFraction,100,0,0,0,0,100,0,0,0,0
opaque,0.6,0.03,0.65,random_copy_error,finalMean,100,0.650356828407667,0.0386730995277888,0.5745575533332,0.726156103482133,100,0.645942581184333,0.0385716308877679,0.570342184644308,0.721542977724358
opaque,0.6,0.03,0.65,random_copy_error,lossRate,100,0.0468354430379747,0.00343964799229647,0.0400937329730736,0.0535771531028758,100,-0.0079746835443038,0.0035787275649126,-0.0149889895715325,-0.000960377517075108
opaque,0.6,0.03,0.65,random_copy_error,bestFunctionalLineageDepth,100,8.28,0.222056503865775,7.84476925242308,8.71523074757692,100,7.36,0.238480035375558,6.89257913066391,7.82742086933609
opaque,0.6,0.03,0.65,random_copy_error,bestStructuralLineageDepth,100,8.28,0.222056503865775,7.84476925242308,8.71523074757692,100,7.36,0.238480035375558,6.89257913066391,7.82742086933609
opaque,0.6,0.03,0.65,random_copy_error,finalMeanComponentAccuracy,100,0.842166666666667,0.0228891034117632,0.797304023979611,0.887029309353723,100,0.798033333333333,0.0222766553030904,0.754371088939276,0.84169557772739
opaque,0.6,0.03,0.65,random_copy_error,finalExactTargetFraction,100,0.550333333333333,0.0448529083722567,0.46242163292371,0.638245033742956,100,0.550333333333333,0.0448529083722567,0.46242163292371,0.638245033742956
opaque,0.6,0.03,0.65,greedy_acceptance,finalMean,100,0.136879781282,0.00813425055721536,0.120936650189858,0.152822912374142,100,0.132465534058667,0.00807878706315413,0.116631111414885,0.148299956702449
opaque,0.6,0.03,0.65,greedy_acceptance,lossRate,100,0,0,0,0,100,-0.0548101265822785,0.00175411390934536,-0.0582481898445954,-0.0513720633199616
opaque,0.6,0.03,0.65,greedy_acceptance,bestFunctionalLineageDepth,100,2.33,0.100559043412918,2.13290427491068,2.52709572508932,100,1.41,0.118998344780951,1.17676324422934,1.64323675577066
opaque,0.6,0.03,0.65,greedy_acceptance,bestStructuralLineageDepth,100,2.33,0.100559043412918,2.13290427491068,2.52709572508932,100,1.41,0.118998344780951,1.17676324422934,1.64323675577066
opaque,0.6,0.03,0.65,greedy_acceptance,finalMeanComponentAccuracy,100,0.6824,0.00940175497622634,0.663972560246596,0.700827439753404,100,0.638266666666667,0.00934817002564046,0.619944253416411,0.656589079916922
opaque,0.6,0.03,0.65,greedy_acceptance,finalExactTargetFraction,100,0,0,0,0,100,0,0,0,0
opaque,0.6,0.03,0.8,baseline,finalMean,100,0.014970249448,0.000816621905556896,0.0133696705131085,0.0165708283828915,NaN,NaN,NaN,NaN,NaN
opaque,0.6,0.03,0.8,baseline,lossRate,100,0.039367088607595,0.0019452179876745,0.0355544613517529,0.043179715863437,NaN,NaN,NaN,NaN,NaN
opaque,0.6,0.03,0.8,baseline,bestFunctionalLineageDepth,100,0.9,0.0797724035217466,0.743646089097377,1.05635391090262,NaN,NaN,NaN,NaN,NaN
opaque,0.6,0.03,0.8,baseline,bestStructuralLineageDepth,100,0.9,0.0797724035217466,0.743646089097377,1.05635391090262,NaN,NaN,NaN,NaN,NaN
opaque,0.6,0.03,0.8,baseline,finalMeanComponentAccuracy,100,0.1492,0.00809457564558853,0.133334631734647,0.165065368265354,NaN,NaN,NaN,NaN,NaN
opaque,0.6,0.03,0.8,baseline,finalExactTargetFraction,100,0,0,0,0,NaN,NaN,NaN,NaN,NaN
opaque,0.6,0.03,0.8,random_demonstrator,finalMean,100,0.0102697694266667,0.000709745459569173,0.00887866832591109,0.0116608705274222,100,-0.00470048002133333,0.000677832542506271,-0.00602903180464562,-0.00337192823802104
opaque,0.6,0.03,0.8,random_demonstrator,lossRate,100,0.0448101265822785,0.00189911772113936,0.0410878558488454,0.0485323973157116,100,0.00544303797468354,0.00163174188897641,0.00224482387228978,0.0086412520770773
opaque,0.6,0.03,0.8,random_demonstrator,bestFunctionalLineageDepth,100,0.9,0.0810287391340663,0.74118367129723,1.05881632870277,100,0,0.0710669054518701,-0.139291134685665,0.139291134685665
opaque,0.6,0.03,0.8,random_demonstrator,bestStructuralLineageDepth,100,0.9,0.0810287391340663,0.74118367129723,1.05881632870277,100,0,0.0710669054518701,-0.139291134685665,0.139291134685665
opaque,0.6,0.03,0.8,random_demonstrator,finalMeanComponentAccuracy,100,0.102466666666667,0.0070419012074183,0.0886645403001268,0.116268793033207,100,-0.0467333333333333,0.00671346871425859,-0.0598917320132802,-0.0335749346533865
opaque,0.6,0.03,0.8,random_demonstrator,finalExactTargetFraction,100,0,0,0,0,100,0,0,0,0
opaque,0.6,0.03,0.8,random_copy_error,finalMean,100,0.715769369814333,0.0412522278974723,0.634915003135287,0.796623736493379,100,0.700799120366333,0.041073183610174,0.620295680490392,0.781302560242275
opaque,0.6,0.03,0.8,random_copy_error,lossRate,100,0.0360759493670886,0.00283546472857797,0.0305184384990758,0.0416334602351015,100,-0.00329113924050633,0.00340236740125137,-0.00995977934695902,0.00337750086594636
opaque,0.6,0.03,0.8,random_copy_error,bestFunctionalLineageDepth,100,6.91,0.174711884038386,6.56756470728476,7.25243529271524,100,6.01,0.182847842025366,5.65161822963028,6.36838177036972
opaque,0.6,0.03,0.8,random_copy_error,bestStructuralLineageDepth,100,6.91,0.174711884038386,6.56756470728476,7.25243529271524,100,6.01,0.182847842025366,5.65161822963028,6.36838177036972
opaque,0.6,0.03,0.8,random_copy_error,finalMeanComponentAccuracy,100,0.846033333333334,0.0254445853729942,0.796161946002265,0.895904720664402,100,0.696833333333333,0.0247956123250141,0.648233933176306,0.745432733490361
opaque,0.6,0.03,0.8,random_copy_error,finalExactTargetFraction,100,0.671666666666667,0.0458719610717718,0.581757622965994,0.76157571036734,100,0.671666666666667,0.0458719610717718,0.581757622965994,0.76157571036734
opaque,0.6,0.03,0.8,greedy_acceptance,finalMean,100,0.230586063794667,0.019255042236394,0.192846181011334,0.268325946577999,100,0.215615814346667,0.0192070718553619,0.177969953510157,0.253261675183176
opaque,0.6,0.03,0.8,greedy_acceptance,lossRate,100,0,0,0,0,100,-0.039367088607595,0.0019452179876745,-0.043179715863437,-0.0355544613517529
opaque,0.6,0.03,0.8,greedy_acceptance,bestFunctionalLineageDepth,100,3.14,0.105428418916113,2.93336029892442,3.34663970107558,100,2.24,0.122367223445404,2.00016024204701,2.47983975795299
opaque,0.6,0.03,0.8,greedy_acceptance,bestStructuralLineageDepth,100,3.14,0.105428418916113,2.93336029892442,3.34663970107558,100,2.24,0.122367223445404,2.00016024204701,2.47983975795299
opaque,0.6,0.03,0.8,greedy_acceptance,finalMeanComponentAccuracy,100,0.753866666666666,0.0102825099670919,0.733712947131166,0.774020386202166,100,0.604666666666667,0.0124224191813229,0.580318725071274,0.629014608262059
opaque,0.6,0.03,0.8,greedy_acceptance,finalExactTargetFraction,100,0.0433333333333333,0.0193235781728093,0.00545912011462706,0.0812075465520396,100,0.0433333333333333,0.0193235781728093,0.00545912011462706,0.0812075465520396
opaque,0.6,0.03,0.92,baseline,finalMean,100,0.0408654061336667,0.00436493560626475,0.0323101323453878,0.0494206799219456,NaN,NaN,NaN,NaN,NaN
opaque,0.6,0.03,0.92,baseline,lossRate,100,0.0269620253164557,0.00204863667849987,0.022946697426596,0.0309773532063155,NaN,NaN,NaN,NaN,NaN
opaque,0.6,0.03,0.92,baseline,bestFunctionalLineageDepth,100,0.95,0.088048425610713,0.777425085803003,1.122574914197,NaN,NaN,NaN,NaN,NaN
opaque,0.6,0.03,0.92,baseline,bestStructuralLineageDepth,100,0.95,0.088048425610713,0.777425085803003,1.122574914197,NaN,NaN,NaN,NaN,NaN
opaque,0.6,0.03,0.92,baseline,finalMeanComponentAccuracy,100,0.321766666666667,0.0156713908630501,0.291050740575088,0.352482592758245,NaN,NaN,NaN,NaN,NaN
opaque,0.6,0.03,0.92,baseline,finalExactTargetFraction,100,0,0,0,0,NaN,NaN,NaN,NaN,NaN
opaque,0.6,0.03,0.92,random_demonstrator,finalMean,100,0.0317920350233333,0.00321113195444617,0.0254982163926188,0.0380858536540478,100,-0.00907337111033333,0.00240626077694976,-0.0137896422331549,-0.00435709998751181
opaque,0.6,0.03,0.92,random_demonstrator,lossRate,100,0.0315189873417722,0.00196673196351514,0.0276641926932825,0.0353737819902619,100,0.00455696202531646,0.00176757953986156,0.0010925061271878,0.00802141792344511
opaque,0.6,0.03,0.92,random_demonstrator,bestFunctionalLineageDepth,100,0.86,0.0829019135649309,0.697512249412735,1.02248775058726,100,-0.09,0.0726065917924617,-0.232308919913225,0.0523089199132249
opaque,0.6,0.03,0.92,random_demonstrator,bestStructuralLineageDepth,100,0.86,0.0829019135649309,0.697512249412735,1.02248775058726,100,-0.09,0.0726065917924617,-0.232308919913225,0.0523089199132249
opaque,0.6,0.03,0.92,random_demonstrator,finalMeanComponentAccuracy,100,0.271133333333333,0.013643301041158,0.244392463292664,0.297874203374003,100,-0.0506333333333333,0.00892275052840455,-0.0681219243690063,-0.0331447422976604
opaque,0.6,0.03,0.92,random_demonstrator,finalExactTargetFraction,100,0,0,0,0,100,0,0,0,0
opaque,0.6,0.03,0.92,random_copy_error,finalMean,100,0.553015108070333,0.0439377357126066,0.466897146073624,0.639133070067042,100,0.512149701936667,0.0426360133412699,0.428583115787778,0.595716288085556
opaque,0.6,0.03,0.92,random_copy_error,lossRate,100,0.0287341772151899,0.00250500624411753,0.0238243649767195,0.0336439894536602,100,0.00177215189873418,0.00282199029804684,-0.00375894908543762,0.00730325288290598
opaque,0.6,0.03,0.92,random_copy_error,bestFunctionalLineageDepth,100,5.32,0.13624102231566,5.05296759626131,5.58703240373869,100,4.37,0.147473675103338,4.08095159679746,4.65904840320254
opaque,0.6,0.03,0.92,random_copy_error,bestStructuralLineageDepth,100,5.32,0.13624102231566,5.05296759626131,5.58703240373869,100,4.37,0.147473675103338,4.08095159679746,4.65904840320254
opaque,0.6,0.03,0.92,random_copy_error,finalMeanComponentAccuracy,100,0.794633333333333,0.0231751199363207,0.749210098258145,0.840056568408522,100,0.472866666666667,0.0228983514813003,0.427985897763318,0.517747435570015
opaque,0.6,0.03,0.92,random_copy_error,finalExactTargetFraction,100,0.481333333333333,0.0494670133488174,0.384377987169651,0.578288679497015,100,0.481333333333333,0.0494670133488174,0.384377987169651,0.578288679497015
opaque,0.6,0.03,0.92,greedy_acceptance,finalMean,100,0.352949193079667,0.0250746898155002,0.303802801041286,0.402095585118047,100,0.312083786946,0.0245621966551139,0.263941881501977,0.360225692390023
opaque,0.6,0.03,0.92,greedy_acceptance,lossRate,100,0,0,0,0,100,-0.0269620253164557,0.00204863667849987,-0.0309773532063155,-0.022946697426596
opaque,0.6,0.03,0.92,greedy_acceptance,bestFunctionalLineageDepth,100,3.54,0.103884162372901,3.33638704174911,3.74361295825089,100,2.59,0.120684077096552,2.35345920889076,2.82654079110924
opaque,0.6,0.03,0.92,greedy_acceptance,bestStructuralLineageDepth,100,3.54,0.103884162372901,3.33638704174911,3.74361295825089,100,2.59,0.120684077096552,2.35345920889076,2.82654079110924
opaque,0.6,0.03,0.92,greedy_acceptance,finalMeanComponentAccuracy,100,0.825166666666666,0.0092092978683412,0.807116442844717,0.843216890488615,100,0.5034,0.0163710469564771,0.471312747965305,0.535487252034695
opaque,0.6,0.03,0.92,greedy_acceptance,finalExactTargetFraction,100,0.103,0.0298785232297852,0.044438094469621,0.161561905530379,100,0.103,0.0298785232297852,0.044438094469621,0.161561905530379
opaque,0.6,0.03,0.98,baseline,finalMean,100,0.119840350931,0.0212851890368151,0.0781213804188424,0.161559321443158,NaN,NaN,NaN,NaN,NaN
opaque,0.6,0.03,0.98,baseline,lossRate,100,0.0243037974683544,0.00190982567877788,0.0205605391379498,0.0280470557987591,NaN,NaN,NaN,NaN,NaN
opaque,0.6,0.03,0.98,baseline,bestFunctionalLineageDepth,100,1.39,0.113613735120719,1.16731707916339,1.61268292083661,NaN,NaN,NaN,NaN,NaN
opaque,0.6,0.03,0.98,baseline,bestStructuralLineageDepth,100,1.39,0.113613735120719,1.16731707916339,1.61268292083661,NaN,NaN,NaN,NaN,NaN
opaque,0.6,0.03,0.98,baseline,finalMeanComponentAccuracy,100,0.4793,0.0208022216179528,0.438527645628813,0.520072354371188,NaN,NaN,NaN,NaN,NaN
opaque,0.6,0.03,0.98,baseline,finalExactTargetFraction,100,0.041,0.019699510325658,0.00238895976171026,0.0796110402382897,NaN,NaN,NaN,NaN,NaN
opaque,0.6,0.03,0.98,random_demonstrator,finalMean,100,0.071240862122,0.0130162902684368,0.045728933195864,0.0967527910481361,100,-0.048599488809,0.0201142987963454,-0.088023514449837,-0.00917546316816298
opaque,0.6,0.03,0.98,random_demonstrator,lossRate,100,0.0286075949367089,0.00216363743945741,0.0243668655553723,0.0328483243180454,100,0.00430379746835443,0.00179213169464939,0.000791219346841622,0.00781637558986724
opaque,0.6,0.03,0.98,random_demonstrator,bestFunctionalLineageDepth,100,1.07,0.0997522182736057,0.874485652183733,1.26551434781627,100,-0.32,0.0952190457139048,-0.506629329599253,-0.133370670400747
opaque,0.6,0.03,0.98,random_demonstrator,bestStructuralLineageDepth,100,1.07,0.0997522182736057,0.874485652183733,1.26551434781627,100,-0.32,0.0952190457139048,-0.506629329599253,-0.133370670400747
opaque,0.6,0.03,0.98,random_demonstrator,finalMeanComponentAccuracy,100,0.4076,0.018109845652016,0.372104702522049,0.443095297477951,100,-0.0717,0.0152970214892377,-0.101682162118906,-0.0417178378810941
opaque,0.6,0.03,0.98,random_demonstrator,finalExactTargetFraction,100,0.0103333333333333,0.0100021883127529,-0.00927095575966239,0.0299376224263291,100,-0.0306666666666667,0.0222710574513201,-0.074317939271254,0.0129846059379207
opaque,0.6,0.03,0.98,random_copy_error,finalMean,100,0.268233967844,0.035927271433893,0.19781651583357,0.33865141985443,100,0.148393616913,0.0255054794182371,0.0984028772532552,0.198384356572745
opaque,0.6,0.03,0.98,random_copy_error,lossRate,100,0.029367088607595,0.00244633131956637,0.0245722792212449,0.034161897993945,100,0.00506329113924051,0.00194609142983749,0.00124895193675903,0.00887763034172198
opaque,0.6,0.03,0.98,random_copy_error,bestFunctionalLineageDepth,100,3.02,0.126315302143309,2.77242200779911,3.26757799220089,100,1.63,0.1228080542221,1.38929621372468,1.87070378627532
opaque,0.6,0.03,0.98,random_copy_error,bestStructuralLineageDepth,100,3.02,0.126315302143309,2.77242200779911,3.26757799220089,100,1.63,0.1228080542221,1.38929621372468,1.87070378627532
opaque,0.6,0.03,0.98,random_copy_error,finalMeanComponentAccuracy,100,0.6248,0.0241690789461323,0.57742860526558,0.672171394734419,100,0.1455,0.0146104965880679,0.116863426687387,0.174136573312613
opaque,0.6,0.03,0.98,random_copy_error,finalExactTargetFraction,100,0.179,0.0384043552290774,0.103727463751008,0.254272536248992,100,0.138,0.0343939675758943,0.0705878235512471,0.205412176448753
opaque,0.6,0.03,0.98,greedy_acceptance,finalMean,100,0.402106515844667,0.0285473267229405,0.346153755467703,0.45805927622163,100,0.282266164913667,0.0270383184427413,0.229271060765894,0.33526126906144
opaque,0.6,0.03,0.98,greedy_acceptance,lossRate,100,0,0,0,0,100,-0.0243037974683544,0.00190982567877788,-0.0280470557987591,-0.0205605391379498
opaque,0.6,0.03,0.98,greedy_acceptance,bestFunctionalLineageDepth,100,3.64,0.110572431583386,3.42327803409656,3.85672196590344,100,2.25,0.162912258717397,1.9306919729139,2.5693080270861
opaque,0.6,0.03,0.98,greedy_acceptance,bestStructuralLineageDepth,100,3.64,0.110572431583386,3.42327803409656,3.85672196590344,100,2.25,0.162912258717397,1.9306919729139,2.5693080270861
opaque,0.6,0.03,0.98,greedy_acceptance,finalMeanComponentAccuracy,100,0.837466666666666,0.0107036522082342,0.816487508338527,0.858445824994805,100,0.358166666666667,0.0191852786225511,0.320563520566466,0.395769812766867
opaque,0.6,0.03,0.98,greedy_acceptance,finalExactTargetFraction,100,0.149666666666667,0.0356327917424738,0.079826394851418,0.219506938481915,100,0.108666666666667,0.0312033984738641,0.0475080056578931,0.16982532767544
opaque,0.6,0.08,0.45,baseline,finalMean,100,0.002180033204,0.000166261434944065,0.00185416079150963,0.00250590561649037,NaN,NaN,NaN,NaN,NaN
opaque,0.6,0.08,0.45,baseline,lossRate,100,0.0786075949367089,0.00227787714511287,0.0741429557322877,0.0830722341411301,NaN,NaN,NaN,NaN,NaN
opaque,0.6,0.08,0.45,baseline,bestFunctionalLineageDepth,100,2.05,0.10286305498481,1.84838841222977,2.25161158777023,NaN,NaN,NaN,NaN,NaN
opaque,0.6,0.08,0.45,baseline,bestStructuralLineageDepth,100,2.05,0.10286305498481,1.84838841222977,2.25161158777023,NaN,NaN,NaN,NaN,NaN
opaque,0.6,0.08,0.45,baseline,finalMeanComponentAccuracy,100,0.0218,0.00166256734925141,0.0185413679954672,0.0250586320045328,NaN,NaN,NaN,NaN,NaN
opaque,0.6,0.08,0.45,baseline,finalExactTargetFraction,100,0,0,0,0,NaN,NaN,NaN,NaN,NaN
opaque,0.6,0.08,0.45,random_demonstrator,finalMean,100,0.00178335551233333,0.000150003069363476,0.00148934949638092,0.00207736152828575,100,-0.000396677691666667,9.01072584511217e-05,-0.000573287918230865,-0.000220067465102468
opaque,0.6,0.08,0.45,random_demonstrator,lossRate,100,0.0775949367088608,0.00222293019980215,0.0732379935172486,0.081951879900473,100,-0.0010126582278481,0.00175065042630487,-0.00444393306340564,0.00241861660770944
opaque,0.6,0.08,0.45,random_demonstrator,bestFunctionalLineageDepth,100,1.97,0.0999545351192686,1.77408911116623,2.16591088883377,100,-0.08,0.0580490910324784,-0.193776218423658,0.0337762184236576
opaque,0.6,0.08,0.45,random_demonstrator,bestStructuralLineageDepth,100,1.97,0.0999545351192686,1.77408911116623,2.16591088883377,100,-0.08,0.0580490910324784,-0.193776218423658,0.0337762184236576
opaque,0.6,0.08,0.45,random_demonstrator,finalMeanComponentAccuracy,100,0.0178333333333333,0.0015,0.0148933333333333,0.0207733333333333,100,-0.00396666666666667,0.000901046903266152,-0.00573271859706832,-0.00220061473626501
opaque,0.6,0.08,0.45,random_demonstrator,finalExactTargetFraction,100,0,0,0,0,100,0,0,0,0
opaque,0.6,0.08,0.45,random_copy_error,finalMean,100,0.271755751780334,0.0355546179946984,0.202068700510725,0.341442803049942,100,0.269575718576333,0.0355529072693825,0.199892020328344,0.339259416824323
opaque,0.6,0.08,0.45,random_copy_error,lossRate,100,0.08,0.00438818565400844,0.0713991561181434,0.0886008438818565,100,0.00139240506329114,0.00507891401300479,-0.00856226640219824,0.0113470765287805
opaque,0.6,0.08,0.45,random_copy_error,bestFunctionalLineageDepth,100,9.59,0.237450686002017,9.12459665543605,10.055403344564,100,7.54,0.253229643851688,7.04366989805069,8.03633010194931
opaque,0.6,0.08,0.45,random_copy_error,bestStructuralLineageDepth,100,9.59,0.237450686002017,9.12459665543605,10.055403344564,100,7.54,0.253229643851688,7.04366989805069,8.03633010194931
opaque,0.6,0.08,0.45,random_copy_error,finalMeanComponentAccuracy,100,0.541633333333333,0.029192864424947,0.484415319060437,0.598851347606229,100,0.519833333333333,0.0291949742380977,0.462611183826662,0.577055482840005
opaque,0.6,0.08,0.45,random_copy_error,finalExactTargetFraction,100,0.192333333333333,0.0340226866939773,0.125648867413138,0.259017799253529,100,0.192333333333333,0.0340226866939773,0.125648867413138,0.259017799253529
opaque,0.6,0.08,0.45,greedy_acceptance,finalMean,100,0.137464221842,0.00674915178031543,0.124235884352582,0.150692559331418,100,0.135284188638,0.0067465806316634,0.12206089059994,0.14850748667606
opaque,0.6,0.08,0.45,greedy_acceptance,lossRate,100,0,0,0,0,100,-0.0786075949367089,0.00227787714511287,-0.0830722341411301,-0.0741429557322877
opaque,0.6,0.08,0.45,greedy_acceptance,bestFunctionalLineageDepth,100,3.15,0.101876336206147,2.95032238103595,3.34967761896405,100,1.1,0.14106377954312,0.823514992095485,1.37648500790452
opaque,0.6,0.08,0.45,greedy_acceptance,bestStructuralLineageDepth,100,3.15,0.101876336206147,2.95032238103595,3.34967761896405,100,1.1,0.14106377954312,0.823514992095485,1.37648500790452
opaque,0.6,0.08,0.45,greedy_acceptance,finalMeanComponentAccuracy,100,0.6926,0.00688849461237297,0.679098550559749,0.706101449440251,100,0.6708,0.00701979244499575,0.657041206807808,0.684558793192191
opaque,0.6,0.08,0.45,greedy_acceptance,finalExactTargetFraction,100,0,0,0,0,100,0,0,0,0
opaque,0.6,0.08,0.65,baseline,finalMean,100,0.00621995093133333,0.000484205509436329,0.00527090813283813,0.00716899372982854,NaN,NaN,NaN,NaN,NaN
opaque,0.6,0.08,0.65,baseline,lossRate,100,0.0632911392405064,0.00211353698718157,0.0591486067456305,0.0674336717353823,NaN,NaN,NaN,NaN,NaN
opaque,0.6,0.08,0.65,baseline,bestFunctionalLineageDepth,100,1.91,0.0922173541370625,1.72925398589136,2.09074601410864,NaN,NaN,NaN,NaN,NaN
opaque,0.6,0.08,0.65,baseline,bestStructuralLineageDepth,100,1.91,0.0922173541370625,1.72925398589136,2.09074601410864,NaN,NaN,NaN,NaN,NaN
opaque,0.6,0.08,0.65,baseline,finalMeanComponentAccuracy,100,0.0621333333333333,0.00482104440301087,0.052684086303432,0.0715825803632346,NaN,NaN,NaN,NaN,NaN
opaque,0.6,0.08,0.65,baseline,finalExactTargetFraction,100,0,0,0,0,NaN,NaN,NaN,NaN,NaN
opaque,0.6,0.08,0.65,random_demonstrator,finalMean,100,0.00431747329166667,0.00030644327456691,0.00371684447351552,0.00491810210981781,100,-0.00190247763966667,0.000343782952113635,-0.00257629222580939,-0.00122866305352394
opaque,0.6,0.08,0.65,random_demonstrator,lossRate,100,0.0679746835443039,0.00206437688668876,0.0639285048463939,0.0720208622422138,100,0.00468354430379747,0.00193487322889552,0.000891192775162255,0.00847589583243269
opaque,0.6,0.08,0.65,random_demonstrator,bestFunctionalLineageDepth,100,1.88,0.0956424317312914,1.69254083380667,2.06745916619333,100,-0.03,0.0846323003505533,-0.195879308687084,0.135879308687084
opaque,0.6,0.08,0.65,random_demonstrator,bestStructuralLineageDepth,100,1.88,0.0956424317312914,1.69254083380667,2.06745916619333,100,-0.03,0.0846323003505533,-0.195879308687084,0.135879308687084
opaque,0.6,0.08,0.65,random_demonstrator,finalMeanComponentAccuracy,100,0.0431666666666667,0.00306289293500657,0.0371633965140538,0.0491699368192795,100,-0.0189666666666667,0.00341341349600734,-0.025656957118841,-0.0122763762144923
opaque,0.6,0.08,0.65,random_demonstrator,finalExactTargetFraction,100,0,0,0,0,100,0,0,0,0
opaque,0.6,0.08,0.65,random_copy_error,finalMean,100,0.634437668251,0.0402206413760617,0.555605211153919,0.713270125348081,100,0.628217717319667,0.0402080075483013,0.549410022524996,0.707025412114337
opaque,0.6,0.08,0.65,random_copy_error,lossRate,100,0.0462025316455696,0.00365798915191,0.039032872907826,0.0533721903833132,100,-0.0170886075949367,0.0040406114044017,-0.025008205947564,-0.00916900924230938
opaque,0.6,0.08,0.65,random_copy_error,bestFunctionalLineageDepth,100,8.07,0.21754135796267,7.64361893839317,8.49638106160683,100,6.16,0.233860875502742,5.70163268401463,6.61836731598537
opaque,0.6,0.08,0.65,random_copy_error,bestStructuralLineageDepth,100,8.07,0.21754135796267,7.64361893839317,8.49638106160683,100,6.16,0.233860875502742,5.70163268401463,6.61836731598537
opaque,0.6,0.08,0.65,random_copy_error,finalMeanComponentAccuracy,100,0.8239,0.0249708271989311,0.774957178690095,0.872842821309905,100,0.761766666666667,0.0253754503257935,0.712030784028111,0.811502549305222
opaque,0.6,0.08,0.65,random_copy_error,finalExactTargetFraction,100,0.544333333333333,0.0465560377015124,0.453083499438369,0.635583167228298,100,0.544333333333333,0.0465560377015124,0.453083499438369,0.635583167228298
opaque,0.6,0.08,0.65,greedy_acceptance,finalMean,100,0.293610399627333,0.0195621381391556,0.255268608874588,0.331952190380078,100,0.287390448696,0.0195619113024264,0.249049102543244,0.325731794848756
opaque,0.6,0.08,0.65,greedy_acceptance,lossRate,100,0,0,0,0,100,-0.0632911392405064,0.00211353698718157,-0.0674336717353823,-0.0591486067456305
opaque,0.6,0.08,0.65,greedy_acceptance,bestFunctionalLineageDepth,100,3.85,0.0988571053224161,3.65624007356806,4.04375992643194,100,1.94,0.131671461362642,1.68192393572922,2.19807606427078
opaque,0.6,0.08,0.65,greedy_acceptance,bestStructuralLineageDepth,100,3.85,0.0988571053224161,3.65624007356806,4.04375992643194,100,1.94,0.131671461362642,1.68192393572922,2.19807606427078
opaque,0.6,0.08,0.65,greedy_acceptance,finalMeanComponentAccuracy,100,0.801933333333333,0.00807890103759841,0.78609868729964,0.817767979367026,100,0.7398,0.00912831831643678,0.721908496099784,0.757691503900216
opaque,0.6,0.08,0.65,greedy_acceptance,finalExactTargetFraction,100,0.0556666666666667,0.019814260982222,0.0168307151415116,0.0945026181918218,100,0.0556666666666667,0.019814260982222,0.0168307151415116,0.0945026181918218
opaque,0.6,0.08,0.8,baseline,finalMean,100,0.024908238504,0.00987496697473947,0.00555330323351064,0.0442631737744893,NaN,NaN,NaN,NaN,NaN
opaque,0.6,0.08,0.8,baseline,lossRate,100,0.0518987341772152,0.002229074066094,0.047529749007671,0.0562677193467594,NaN,NaN,NaN,NaN,NaN
opaque,0.6,0.08,0.8,baseline,bestFunctionalLineageDepth,100,1.88,0.10943380453844,1.66550974310466,2.09449025689534,NaN,NaN,NaN,NaN,NaN
opaque,0.6,0.08,0.8,baseline,bestStructuralLineageDepth,100,1.88,0.10943380453844,1.66550974310466,2.09449025689534,NaN,NaN,NaN,NaN,NaN
opaque,0.6,0.08,0.8,baseline,finalMeanComponentAccuracy,100,0.1584,0.010984989247908,0.1368694210741,0.1799305789259,NaN,NaN,NaN,NaN,NaN
opaque,0.6,0.08,0.8,baseline,finalExactTargetFraction,100,0.01,0.01,-0.0096,0.0296,NaN,NaN,NaN,NaN,NaN
opaque,0.6,0.08,0.8,random_demonstrator,finalMean,100,0.011439582408,0.000695003203497646,0.0100773761291446,0.0128017886868554,100,-0.013468656096,0.00988314716609936,-0.0328396245415547,0.00590231234955475
opaque,0.6,0.08,0.8,random_demonstrator,lossRate,100,0.0579746835443039,0.00197236101159716,0.0541088559615734,0.0618405111270343,100,0.00607594936708861,0.00199114504829214,0.00217330507243602,0.0099785936617412
opaque,0.6,0.08,0.8,random_demonstrator,bestFunctionalLineageDepth,100,1.77,0.109963262919573,1.55447200467764,1.98552799532236,100,-0.11,0.10039819709436,-0.306780466304946,0.0867804663049459
opaque,0.6,0.08,0.8,random_demonstrator,bestStructuralLineageDepth,100,1.77,0.109963262919573,1.55447200467764,1.98552799532236,100,-0.11,0.10039819709436,-0.306780466304946,0.0867804663049459
opaque,0.6,0.08,0.8,random_demonstrator,finalMeanComponentAccuracy,100,0.114,0.00683540660015555,0.100602603063695,0.127397396936305,100,-0.0444,0.0102812175516052,-0.0645511864011461,-0.0242488135988538
opaque,0.6,0.08,0.8,random_demonstrator,finalExactTargetFraction,100,0,0,0,0,100,-0.01,0.01,-0.0296,0.0096
opaque,0.6,0.08,0.8,random_copy_error,finalMean,100,0.737645563896,0.0381090845372295,0.66295175820303,0.81233936958897,100,0.712737325392,0.0385836780205516,0.637113316471719,0.788361334312282
opaque,0.6,0.08,0.8,random_copy_error,lossRate,100,0.0379746835443038,0.00275806336973495,0.0325688793396233,0.0433804877489843,100,-0.0139240506329114,0.0030186273932565,-0.0198405603236941,-0.00800754094212865
opaque,0.6,0.08,0.8,random_copy_error,bestFunctionalLineageDepth,100,7.27,0.193769101371877,6.89021256131112,7.64978743868888,100,5.39,0.202457128520803,4.99318402809923,5.78681597190077
opaque,0.6,0.08,0.8,random_copy_error,bestStructuralLineageDepth,100,7.27,0.193769101371877,6.89021256131112,7.64978743868888,100,5.39,0.202457128520803,4.99318402809923,5.78681597190077
opaque,0.6,0.08,0.8,random_copy_error,finalMeanComponentAccuracy,100,0.8796,0.0210901693047237,0.838263268162742,0.920936731837258,100,0.7212,0.0224758016776932,0.677147428711722,0.765252571288279
opaque,0.6,0.08,0.8,random_copy_error,finalExactTargetFraction,100,0.671333333333333,0.0447866121570643,0.583551573505487,0.759115093161179,100,0.661333333333333,0.0451601962142547,0.572819348753394,0.749847317913273
opaque,0.6,0.08,0.8,greedy_acceptance,finalMean,100,0.556027340858334,0.0290212916835745,0.499145609158528,0.61290907255814,100,0.531119102354333,0.029022796534729,0.474234421146264,0.588003783562402
opaque,0.6,0.08,0.8,greedy_acceptance,lossRate,100,0,0,0,0,100,-0.0518987341772152,0.002229074066094,-0.0562677193467594,-0.047529749007671
opaque,0.6,0.08,0.8,greedy_acceptance,bestFunctionalLineageDepth,100,4.56,0.114873667983396,4.33484761075254,4.78515238924746,100,2.68,0.129396423225043,2.42638301047892,2.93361698952108
opaque,0.6,0.08,0.8,greedy_acceptance,bestStructuralLineageDepth,100,4.56,0.114873667983396,4.33484761075254,4.78515238924746,100,2.68,0.129396423225043,2.42638301047892,2.93361698952108
opaque,0.6,0.08,0.8,greedy_acceptance,finalMeanComponentAccuracy,100,0.897233333333334,0.00814019346940945,0.881278554133291,0.913188112533376,100,0.738833333333333,0.0120302998498838,0.715253945627561,0.762412721039105
opaque,0.6,0.08,0.8,greedy_acceptance,finalExactTargetFraction,100,0.28,0.0432905771972848,0.195150468693322,0.364849531306678,100,0.27,0.0427623611207278,0.186185772203374,0.353814227796627
opaque,0.6,0.08,0.92,baseline,finalMean,100,0.120857700623667,0.0254010130495207,0.0710717150466061,0.170643686200727,NaN,NaN,NaN,NaN,NaN
opaque,0.6,0.08,0.92,baseline,lossRate,100,0.0363291139240507,0.00264822369651532,0.0311385954788806,0.0415196323692207,NaN,NaN,NaN,NaN,NaN
opaque,0.6,0.08,0.92,baseline,bestFunctionalLineageDepth,100,1.88,0.114838490010444,1.65491655957953,2.10508344042047,NaN,NaN,NaN,NaN,NaN
opaque,0.6,0.08,0.92,baseline,bestStructuralLineageDepth,100,1.88,0.114838490010444,1.65491655957953,2.10508344042047,NaN,NaN,NaN,NaN,NaN
opaque,0.6,0.08,0.92,baseline,finalMeanComponentAccuracy,100,0.397766666666667,0.0236139002511858,0.351483422174343,0.444049911158991,NaN,NaN,NaN,NaN,NaN
opaque,0.6,0.08,0.92,baseline,finalExactTargetFraction,100,0.0686666666666667,0.0251720009063569,0.0193295448902072,0.118003788443126,NaN,NaN,NaN,NaN,NaN
opaque,0.6,0.08,0.92,random_demonstrator,finalMean,100,0.054381227842,0.0130767361041201,0.0287508250779246,0.0800116306060754,100,-0.0664764727816666,0.0214285451368572,-0.108476421249907,-0.0244765243134266
opaque,0.6,0.08,0.92,random_demonstrator,lossRate,100,0.0449367088607595,0.00238261653425764,0.0402667804536146,0.0496066372679045,100,0.00860759493670886,0.00218047765842615,0.00433385872619361,0.0128813311472241
opaque,0.6,0.08,0.92,random_demonstrator,bestFunctionalLineageDepth,100,1.72,0.0888535283202052,1.5458470844924,1.8941529155076,100,-0.16,0.116098182064957,-0.387552436847315,0.0675524368473154
opaque,0.6,0.08,0.92,random_demonstrator,bestStructuralLineageDepth,100,1.72,0.0888535283202052,1.5458470844924,1.8941529155076,100,-0.16,0.116098182064957,-0.387552436847315,0.0675524368473154
opaque,0.6,0.08,0.92,random_demonstrator,finalMeanComponentAccuracy,100,0.2884,0.0182829414584365,0.252565434741465,0.324234565258535,100,-0.109366666666667,0.0180742138248723,-0.144792125763416,-0.0739412075699169
opaque,0.6,0.08,0.92,random_demonstrator,finalExactTargetFraction,100,0.0103333333333333,0.0100021883127529,-0.00927095575966239,0.0299376224263291,100,-0.0583333333333333,0.0232218355774685,-0.103848131065172,-0.0128185356014952
opaque,0.6,0.08,0.92,random_copy_error,finalMean,100,0.611686829743333,0.04230041475708,0.528778016819456,0.69459564266721,100,0.490829129119667,0.0443605860002325,0.403882380559211,0.577775877680122
opaque,0.6,0.08,0.92,random_copy_error,lossRate,100,0.0346835443037975,0.00290451871706981,0.0289906876183407,0.0403764009892543,100,-0.00164556962025317,0.00331092280558935,-0.00813497831920829,0.00484383907870195
opaque,0.6,0.08,0.92,random_copy_error,bestFunctionalLineageDepth,100,5.7,0.169073530115919,5.3686158809728,6.0313841190272,100,3.82,0.197652894404981,3.43260032696624,4.20739967303376
opaque,0.6,0.08,0.92,random_copy_error,bestStructuralLineageDepth,100,5.7,0.169073530115919,5.3686158809728,6.0313841190272,100,3.82,0.197652894404981,3.43260032696624,4.20739967303376
opaque,0.6,0.08,0.92,random_copy_error,finalMeanComponentAccuracy,100,0.819733333333333,0.0236446134269043,0.773389891016601,0.866076775650066,100,0.421966666666667,0.0268340326570938,0.369371962658763,0.47456137067457
opaque,0.6,0.08,0.92,random_copy_error,finalExactTargetFraction,100,0.528666666666667,0.0487486970673965,0.433119220414569,0.624214112918764,100,0.46,0.0522877302434016,0.357516048722933,0.562483951277067
opaque,0.6,0.08,0.92,greedy_acceptance,finalMean,100,0.841670940234,0.0244388150452454,0.793770862745319,0.889571017722681,100,0.720813239610333,0.0319020411726772,0.658285238911886,0.78334124030878
opaque,0.6,0.08,0.92,greedy_acceptance,lossRate,100,0,0,0,0,100,-0.0363291139240507,0.00264822369651532,-0.0415196323692207,-0.0311385954788806
opaque,0.6,0.08,0.92,greedy_acceptance,bestFunctionalLineageDepth,100,4.92,0.100181653192407,4.72364395974288,5.11635604025712,100,3.04,0.163249824044331,2.72003034487311,3.35996965512689
opaque,0.6,0.08,0.92,greedy_acceptance,bestStructuralLineageDepth,100,4.92,0.100181653192407,4.72364395974288,5.11635604025712,100,3.04,0.163249824044331,2.72003034487311,3.35996965512689
opaque,0.6,0.08,0.92,greedy_acceptance,finalMeanComponentAccuracy,100,0.9678,0.00517726619920385,0.957652558249561,0.97794744175044,100,0.570033333333333,0.0234574617985233,0.524056708208228,0.616009958458439
opaque,0.6,0.08,0.92,greedy_acceptance,finalExactTargetFraction,100,0.714,0.0433687500955295,0.628997249812762,0.799002750187238,100,0.645333333333333,0.0460188806223856,0.555136327313458,0.735530339353209
opaque,0.6,0.08,0.98,baseline,finalMean,100,0.211651716381,0.0311271095719992,0.150642581619882,0.272660851142118,NaN,NaN,NaN,NaN,NaN
opaque,0.6,0.08,0.98,baseline,lossRate,100,0.0308860759493671,0.00229927011659129,0.0263795065208482,0.035392645377886,NaN,NaN,NaN,NaN,NaN
opaque,0.6,0.08,0.98,baseline,bestFunctionalLineageDepth,100,2.8,0.131809473763221,2.54165343142409,3.05834656857591,NaN,NaN,NaN,NaN,NaN
opaque,0.6,0.08,0.98,baseline,bestStructuralLineageDepth,100,2.8,0.131809473763221,2.54165343142409,3.05834656857591,NaN,NaN,NaN,NaN,NaN
opaque,0.6,0.08,0.98,baseline,finalMeanComponentAccuracy,100,0.5829,0.0234893607265091,0.536860852976042,0.628939147023958,NaN,NaN,NaN,NaN,NaN
opaque,0.6,0.08,0.98,baseline,finalExactTargetFraction,100,0.120666666666667,0.0325489530313088,0.0568707187253015,0.184462614608032,NaN,NaN,NaN,NaN,NaN
opaque,0.6,0.08,0.98,random_demonstrator,finalMean,100,0.0907340244093334,0.0153316120161128,0.0606840648577523,0.120783983960914,100,-0.120917691971667,0.0247134783982225,-0.169356109632183,-0.0724792743111506
opaque,0.6,0.08,0.98,random_demonstrator,lossRate,100,0.0381012658227848,0.00232847314167606,0.0335374584650998,0.0426650731804699,100,0.00721518987341772,0.00180145463457681,0.00368433878964717,0.0107460409571883
opaque,0.6,0.08,0.98,random_demonstrator,bestFunctionalLineageDepth,100,2.26,0.0991071249821234,2.06575003503504,2.45424996496496,100,-0.54,0.105810961605873,-0.747389484747512,-0.332610515252488
opaque,0.6,0.08,0.98,random_demonstrator,bestStructuralLineageDepth,100,2.26,0.0991071249821234,2.06575003503504,2.45424996496496,100,-0.54,0.105810961605873,-0.747389484747512,-0.332610515252488
opaque,0.6,0.08,0.98,random_demonstrator,finalMeanComponentAccuracy,100,0.465933333333333,0.019213233140772,0.42827539637742,0.503591270289247,100,-0.116966666666667,0.0141423812439872,-0.144685733904882,-0.0892475994284518
opaque,0.6,0.08,0.98,random_demonstrator,finalExactTargetFraction,100,0.022,0.0141835015835906,-0.00579966310383757,0.0497996631038376,100,-0.0986666666666667,0.0294922234799488,-0.156471424687366,-0.0408619086459669
opaque,0.6,0.08,0.98,random_copy_error,finalMean,100,0.402614605508667,0.0395134686310746,0.325168206991761,0.480061004025573,100,0.190962889127667,0.0320231377861175,0.128197539066876,0.253728239188457
opaque,0.6,0.08,0.98,random_copy_error,lossRate,100,0.0307594936708861,0.00272414184515488,0.0254201756543825,0.0360988116873897,100,-0.000126582278481013,0.00207875261753547,-0.00420093740885053,0.00394777285188851
opaque,0.6,0.08,0.98,random_copy_error,bestFunctionalLineageDepth,100,4.01,0.131421905220238,3.75241306576833,4.26758693423167,100,1.21,0.139475931090405,0.936627175062807,1.48337282493719
opaque,0.6,0.08,0.98,random_copy_error,bestStructuralLineageDepth,100,4.01,0.131421905220238,3.75241306576833,4.26758693423167,100,1.21,0.139475931090405,0.936627175062807,1.48337282493719
opaque,0.6,0.08,0.98,random_copy_error,finalMeanComponentAccuracy,100,0.724466666666667,0.0242024393312892,0.67702988557734,0.771903447755994,100,0.141566666666667,0.0188103211513834,0.104698437209955,0.178434896123378
opaque,0.6,0.08,0.98,random_copy_error,finalExactTargetFraction,100,0.277333333333333,0.0442035898009504,0.190694297323471,0.363972369343196,100,0.156666666666667,0.0382134709267473,0.081768263650242,0.231565069683091
opaque,0.6,0.08,0.98,greedy_acceptance,finalMean,100,0.875543934533666,0.0216110038738078,0.833186366941003,0.91790150212633,100,0.663892218152667,0.0355357726597099,0.594242103739635,0.733542332565698
opaque,0.6,0.08,0.98,greedy_acceptance,lossRate,100,0,0,0,0,100,-0.0308860759493671,0.00229927011659129,-0.035392645377886,-0.0263795065208482
opaque,0.6,0.08,0.98,greedy_acceptance,bestFunctionalLineageDepth,100,4.97,0.0904031375159473,4.79280985046874,5.14719014953126,100,2.17,0.165178201902788,1.84625072427053,2.49374927572947
opaque,0.6,0.08,0.98,greedy_acceptance,bestStructuralLineageDepth,100,4.97,0.0904031375159473,4.79280985046874,5.14719014953126,100,2.17,0.165178201902788,1.84625072427053,2.49374927572947
opaque,0.6,0.08,0.98,greedy_acceptance,finalMeanComponentAccuracy,100,0.976166666666667,0.00413882957045149,0.968054560708582,0.984278772624752,100,0.393266666666666,0.0229589483837271,0.348267127834561,0.438266205498771
opaque,0.6,0.08,0.98,greedy_acceptance,finalExactTargetFraction,100,0.762,0.041324914967631,0.681003166663443,0.842996833336557,100,0.641333333333333,0.050902340421454,0.541564746107283,0.741101920559383
opaque,0.6,0.15,0.45,baseline,finalMean,100,0.003871272501,0.000246362186390278,0.00338840261567506,0.00435414238632495,NaN,NaN,NaN,NaN,NaN
opaque,0.6,0.15,0.45,baseline,lossRate,100,0.0864556962025317,0.00201999524723585,0.0824965055179494,0.0904148868871139,NaN,NaN,NaN,NaN,NaN
opaque,0.6,0.15,0.45,baseline,bestFunctionalLineageDepth,100,3.28,0.114662438258894,3.05526162101257,3.50473837898743,NaN,NaN,NaN,NaN,NaN
opaque,0.6,0.15,0.45,baseline,bestStructuralLineageDepth,100,3.28,0.114662438258894,3.05526162101257,3.50473837898743,NaN,NaN,NaN,NaN,NaN
opaque,0.6,0.15,0.45,baseline,finalMeanComponentAccuracy,100,0.0387,0.00245858855606037,0.0338811664301217,0.0435188335698783,NaN,NaN,NaN,NaN,NaN
opaque,0.6,0.15,0.45,baseline,finalExactTargetFraction,100,0,0,0,0,NaN,NaN,NaN,NaN,NaN
opaque,0.6,0.15,0.45,random_demonstrator,finalMean,100,0.003220250068,0.000197858620693555,0.00283244717144063,0.00360805296455937,100,-0.000651022433,0.00011743863206541,-0.000881202151848204,-0.000420842714151796
opaque,0.6,0.15,0.45,random_demonstrator,lossRate,100,0.089620253164557,0.00230180281805668,0.0851087196411659,0.0941317866879481,100,0.00316455696202532,0.00182040184344722,-0.000403430651131244,0.00673254457518187
opaque,0.6,0.15,0.45,random_demonstrator,bestFunctionalLineageDepth,100,3.1,0.122680499878771,2.85954622023761,3.34045377976239,100,-0.18,0.098862214084742,-0.373769939606094,0.0137699396060943
opaque,0.6,0.15,0.45,random_demonstrator,bestStructuralLineageDepth,100,3.1,0.122680499878771,2.85954622023761,3.34045377976239,100,-0.18,0.098862214084742,-0.373769939606094,0.0137699396060943
opaque,0.6,0.15,0.45,random_demonstrator,finalMeanComponentAccuracy,100,0.0322,0.00197811823196148,0.0283228882653555,0.0360771117346445,100,-0.0065,0.00116954910877873,-0.00879231625320631,-0.0042076837467937
opaque,0.6,0.15,0.45,random_demonstrator,finalExactTargetFraction,100,0,0,0,0,100,0,0,0,0
opaque,0.6,0.15,0.45,random_copy_error,finalMean,100,0.353353844212,0.0343731576842164,0.285982455150936,0.420725233273064,100,0.349482571711,0.0343365735585373,0.282182887536267,0.416782255885733
opaque,0.6,0.15,0.45,random_copy_error,lossRate,100,0.069493670886076,0.00444176300777713,0.0607878153908328,0.0781995263813191,100,-0.0169620253164557,0.00463688455532416,-0.026050319044891,-0.00787373158802035
opaque,0.6,0.15,0.45,random_copy_error,bestFunctionalLineageDepth,100,9.26,0.231211128319088,8.80682618849459,9.71317381150541,100,5.98,0.264758323187336,5.46107368655282,6.49892631344718
opaque,0.6,0.15,0.45,random_copy_error,bestStructuralLineageDepth,100,9.26,0.231211128319088,8.80682618849459,9.71317381150541,100,5.98,0.264758323187336,5.46107368655282,6.49892631344718
opaque,0.6,0.15,0.45,random_copy_error,finalMeanComponentAccuracy,100,0.6364,0.0294160022721396,0.578744635546606,0.694055364453394,100,0.5977,0.0293229127113345,0.540227091085784,0.655172908914216
opaque,0.6,0.15,0.45,random_copy_error,finalExactTargetFraction,100,0.225666666666667,0.0323138891168193,0.162331443997701,0.289001889335633,100,0.225666666666667,0.0323138891168193,0.162331443997701,0.289001889335633
opaque,0.6,0.15,0.45,greedy_acceptance,finalMean,100,0.174044150754333,0.00865663091556411,0.157077154159828,0.191011147348839,100,0.170172878253333,0.0086098809501219,0.153297511591094,0.187048244915572
opaque,0.6,0.15,0.45,greedy_acceptance,lossRate,100,0,0,0,0,100,-0.0864556962025317,0.00201999524723585,-0.0904148868871139,-0.0824965055179494
opaque,0.6,0.15,0.45,greedy_acceptance,bestFunctionalLineageDepth,100,4.02,0.102474436329311,3.81915010479455,4.22084989520545,100,0.74,0.136788563524555,0.471894415491873,1.00810558450813
opaque,0.6,0.15,0.45,greedy_acceptance,bestStructuralLineageDepth,100,4.02,0.102474436329311,3.81915010479455,4.22084989520545,100,0.74,0.136788563524555,0.471894415491873,1.00810558450813
opaque,0.6,0.15,0.45,greedy_acceptance,finalMeanComponentAccuracy,100,0.733833333333333,0.00581290313640064,0.722440043185988,0.745226623480679,100,0.695133333333334,0.00594048674066777,0.683489979321625,0.706776687345042
opaque,0.6,0.15,0.45,greedy_acceptance,finalExactTargetFraction,100,0.006,0.0042211588240887,-0.00227347129521384,0.0142734712952138,100,0.006,0.0042211588240887,-0.00227347129521384,0.0142734712952138
opaque,0.6,0.15,0.65,baseline,finalMean,100,0.00812038943533333,0.000477089802403289,0.00718529342262289,0.00905548544804378,NaN,NaN,NaN,NaN,NaN
opaque,0.6,0.15,0.65,baseline,lossRate,100,0.0755696202531646,0.00220685409903162,0.0712441862190626,0.0798950542872666,NaN,NaN,NaN,NaN,NaN
opaque,0.6,0.15,0.65,baseline,bestFunctionalLineageDepth,100,3.07,0.132767739783702,2.80977523002394,3.33022476997606,NaN,NaN,NaN,NaN,NaN
opaque,0.6,0.15,0.65,baseline,bestStructuralLineageDepth,100,3.07,0.132767739783702,2.80977523002394,3.33022476997606,NaN,NaN,NaN,NaN,NaN
opaque,0.6,0.15,0.65,baseline,finalMeanComponentAccuracy,100,0.0811333333333334,0.0047560511400414,0.0718114730988522,0.0904551935678145,NaN,NaN,NaN,NaN,NaN
opaque,0.6,0.15,0.65,baseline,finalExactTargetFraction,100,0,0,0,0,NaN,NaN,NaN,NaN,NaN
opaque,0.6,0.15,0.65,random_demonstrator,finalMean,100,0.005851515909,0.00031743128093718,0.00522935059836313,0.00647368121963687,100,-0.00226887352633333,0.00032963550452959,-0.00291495911521133,-0.00162278793745534
opaque,0.6,0.15,0.65,random_demonstrator,lossRate,100,0.0810126582278481,0.00226865716649348,0.0765660901815209,0.0854592262741753,100,0.00544303797468354,0.00212312570318715,0.00128171159643673,0.00960436435293035
opaque,0.6,0.15,0.65,random_demonstrator,bestFunctionalLineageDepth,100,3.08,0.128456257539328,2.82822573522292,3.33177426477708,100,0.01,0.121850214392404,-0.228826420209111,0.248826420209111
opaque,0.6,0.15,0.65,random_demonstrator,bestStructuralLineageDepth,100,3.08,0.128456257539328,2.82822573522292,3.33177426477708,100,0.01,0.121850214392404,-0.228826420209111,0.248826420209111
opaque,0.6,0.15,0.65,random_demonstrator,finalMeanComponentAccuracy,100,0.0585,0.00317233234078007,0.0522822286120711,0.0647177713879289,100,-0.0226333333333333,0.0032845914457064,-0.0290711325669179,-0.0161955340997488
opaque,0.6,0.15,0.65,random_demonstrator,finalExactTargetFraction,100,0,0,0,0,100,0,0,0,0
opaque,0.6,0.15,0.65,random_copy_error,finalMean,100,0.713353386962,0.0373503296188892,0.640146740908977,0.786560033015023,100,0.705232997526667,0.0373244406865049,0.632077093781117,0.778388901272216
opaque,0.6,0.15,0.65,random_copy_error,lossRate,100,0.04,0.00325205715289437,0.033625967980327,0.046374032019673,100,-0.0355696202531646,0.00394461944858458,-0.0433010743723903,-0.0278381661339388
opaque,0.6,0.15,0.65,random_copy_error,bestFunctionalLineageDepth,100,8.48,0.244321364790166,8.00113012501128,8.95886987498873,100,5.41,0.266702649087524,4.88726280778845,5.93273719221155
opaque,0.6,0.15,0.65,random_copy_error,bestStructuralLineageDepth,100,8.48,0.244321364790166,8.00113012501128,8.95886987498873,100,5.41,0.266702649087524,4.88726280778845,5.93273719221155
opaque,0.6,0.15,0.65,random_copy_error,finalMeanComponentAccuracy,100,0.8594,0.0233756893102539,0.813583648951903,0.905216351048098,100,0.778266666666667,0.0235970417975159,0.732016464743535,0.824516868589798
opaque,0.6,0.15,0.65,random_copy_error,finalExactTargetFraction,100,0.640333333333333,0.0412713094976925,0.559441566717856,0.72122509994881,100,0.640333333333333,0.0412713094976925,0.559441566717856,0.72122509994881
opaque,0.6,0.15,0.65,greedy_acceptance,finalMean,100,0.518407049161,0.0254415862978559,0.468541540017202,0.568272558304798,100,0.510286659725667,0.0255131454205451,0.460280894701398,0.560292424749935
opaque,0.6,0.15,0.65,greedy_acceptance,lossRate,100,0,0,0,0,100,-0.0755696202531646,0.00220685409903162,-0.0798950542872666,-0.0712441862190626
opaque,0.6,0.15,0.65,greedy_acceptance,bestFunctionalLineageDepth,100,4.75,0.105767994624407,4.54269473053616,4.95730526946384,100,1.68,0.164458093891619,1.35766213597243,2.00233786402757
opaque,0.6,0.15,0.65,greedy_acceptance,bestStructuralLineageDepth,100,4.75,0.105767994624407,4.54269473053616,4.95730526946384,100,1.68,0.164458093891619,1.35766213597243,2.00233786402757
opaque,0.6,0.15,0.65,greedy_acceptance,finalMeanComponentAccuracy,100,0.8893,0.00713620808054242,0.875313032162137,0.903286967837863,100,0.808166666666667,0.00903073378178572,0.790466428454367,0.825866904878967
opaque,0.6,0.15,0.65,greedy_acceptance,finalExactTargetFraction,100,0.226,0.0359247873747874,0.155587416745417,0.296412583254583,100,0.226,0.0359247873747874,0.155587416745417,0.296412583254583
opaque,0.6,0.15,0.8,baseline,finalMean,100,0.0643605737213333,0.0197157185912087,0.0257177652825643,0.103003382160102,NaN,NaN,NaN,NaN,NaN
opaque,0.6,0.15,0.8,baseline,lossRate,100,0.0579746835443038,0.00248766294902678,0.0530988641642113,0.0628505029243963,NaN,NaN,NaN,NaN,NaN
opaque,0.6,0.15,0.8,baseline,bestFunctionalLineageDepth,100,3.09,0.142201308437061,2.81128543546336,3.36871456453664,NaN,NaN,NaN,NaN,NaN
opaque,0.6,0.15,0.8,baseline,bestStructuralLineageDepth,100,3.09,0.142201308437061,2.81128543546336,3.36871456453664,NaN,NaN,NaN,NaN,NaN
opaque,0.6,0.15,0.8,baseline,finalMeanComponentAccuracy,100,0.233933333333333,0.0197225070401969,0.195277219534547,0.272589447132119,NaN,NaN,NaN,NaN,NaN
opaque,0.6,0.15,0.8,baseline,finalExactTargetFraction,100,0.0406666666666667,0.0195377559029666,0.00237266509685213,0.0789606682364812,NaN,NaN,NaN,NaN,NaN
opaque,0.6,0.15,0.8,random_demonstrator,finalMean,100,0.0157196821946667,0.00234722776613158,0.0111191157730488,0.0203202486162846,100,-0.0486408915266667,0.0185326061002511,-0.0849647994831588,-0.0123169835701745
opaque,0.6,0.15,0.8,random_demonstrator,lossRate,100,0.0637974683544304,0.00228939408713089,0.0593102559436539,0.068284680765207,100,0.00582278481012658,0.00266506873606169,0.000599250087445665,0.0110463195328075
opaque,0.6,0.15,0.8,random_demonstrator,bestFunctionalLineageDepth,100,2.87,0.121151878969242,2.63254231722029,3.10745768277971,100,-0.22,0.126794194176104,-0.468516620585165,0.0285166205851646
opaque,0.6,0.15,0.8,random_demonstrator,bestStructuralLineageDepth,100,2.87,0.121151878969242,2.63254231722029,3.10745768277971,100,-0.22,0.126794194176104,-0.468516620585165,0.0285166205851646
opaque,0.6,0.15,0.8,random_demonstrator,finalMeanComponentAccuracy,100,0.140066666666667,0.00931274545093414,0.121813685582836,0.158319647750498,100,-0.0938666666666667,0.0169236563987656,-0.127037033208247,-0.0606963001250861
opaque,0.6,0.15,0.8,random_demonstrator,finalExactTargetFraction,100,0,0,0,0,100,-0.0406666666666667,0.0195377559029666,-0.0789606682364812,-0.00237266509685213
opaque,0.6,0.15,0.8,random_copy_error,finalMean,100,0.700086894446,0.0406009254160248,0.620509080630591,0.779664708261409,100,0.635726320724667,0.0424291668685782,0.552565153662253,0.71888748778708
opaque,0.6,0.15,0.8,random_copy_error,lossRate,100,0.0369620253164557,0.00328158498309807,0.0305301187495835,0.0433939318833279,100,-0.0210126582278481,0.00386388662679515,-0.0285858760163666,-0.0134394404393296
opaque,0.6,0.15,0.8,random_copy_error,bestFunctionalLineageDepth,100,7.14,0.199504436547211,6.74897130436747,7.53102869563253,100,4.05,0.231104069434294,3.59703602390878,4.50296397609122
opaque,0.6,0.15,0.8,random_copy_error,bestStructuralLineageDepth,100,7.14,0.199504436547211,6.74897130436747,7.53102869563253,100,4.05,0.231104069434294,3.59703602390878,4.50296397609122
opaque,0.6,0.15,0.8,random_copy_error,finalMeanComponentAccuracy,100,0.8594,0.0217544907447758,0.81676119814024,0.902038801859761,100,0.625466666666667,0.0285126439355864,0.569581884552917,0.681351448780416
opaque,0.6,0.15,0.8,random_copy_error,finalExactTargetFraction,100,0.641,0.0463477680201424,0.550158374680521,0.731841625319479,100,0.600333333333333,0.0473506749661828,0.507526010399615,0.693140656267052
opaque,0.6,0.15,0.8,greedy_acceptance,finalMean,100,0.869478213289667,0.0214065318718556,0.82752141082083,0.911435015758503,100,0.805117639568334,0.026958186604771,0.752279593822982,0.857955685313685
opaque,0.6,0.15,0.8,greedy_acceptance,lossRate,100,0,0,0,0,100,-0.0579746835443038,0.00248766294902678,-0.0628505029243963,-0.0530988641642113
opaque,0.6,0.15,0.8,greedy_acceptance,bestFunctionalLineageDepth,100,5.3,0.105887304300946,5.09246088357015,5.50753911642985,100,2.21,0.175404294892305,1.86620758201108,2.55379241798892
opaque,0.6,0.15,0.8,greedy_acceptance,bestStructuralLineageDepth,100,5.3,0.105887304300946,5.09246088357015,5.50753911642985,100,2.21,0.175404294892305,1.86620758201108,2.55379241798892
opaque,0.6,0.15,0.8,greedy_acceptance,finalMeanComponentAccuracy,100,0.973966666666667,0.0044251335526144,0.965293404903543,0.982639928429792,100,0.740033333333333,0.0194073525007576,0.701994922431848,0.778071744234818
opaque,0.6,0.15,0.8,greedy_acceptance,finalExactTargetFraction,100,0.759666666666667,0.0387234431643811,0.68376871806448,0.835564615268854,100,0.719,0.0410503372799403,0.638541338931317,0.799458661068683
opaque,0.6,0.15,0.92,baseline,finalMean,100,0.133556288001333,0.0259710560391741,0.082653018164552,0.184459557838115,NaN,NaN,NaN,NaN,NaN
opaque,0.6,0.15,0.92,baseline,lossRate,100,0.0454430379746836,0.00263867235342728,0.0402712401619661,0.0506148357874011,NaN,NaN,NaN,NaN,NaN
opaque,0.6,0.15,0.92,baseline,bestFunctionalLineageDepth,100,3.4,0.134839972492648,3.13571365391441,3.66428634608559,NaN,NaN,NaN,NaN,NaN
opaque,0.6,0.15,0.92,baseline,bestStructuralLineageDepth,100,3.4,0.134839972492648,3.13571365391441,3.66428634608559,NaN,NaN,NaN,NaN,NaN
opaque,0.6,0.15,0.92,baseline,finalMeanComponentAccuracy,100,0.436533333333333,0.0238577866594392,0.389772071480833,0.483294595185834,NaN,NaN,NaN,NaN,NaN
opaque,0.6,0.15,0.92,baseline,finalExactTargetFraction,100,0.0763333333333333,0.0255062985993251,0.0263409880786561,0.126325678588011,NaN,NaN,NaN,NaN,NaN
opaque,0.6,0.15,0.92,random_demonstrator,finalMean,100,0.0407792384346667,0.00793300797326541,0.0252305428070665,0.0563279340622669,100,-0.0927770495666667,0.0243113804177995,-0.140427355185554,-0.0451267439477797
opaque,0.6,0.15,0.92,random_demonstrator,lossRate,100,0.0550632911392405,0.00224985210541049,0.050653581012636,0.0594730012658451,100,0.00962025316455696,0.00253879568230012,0.00464421362724873,0.0145962927018652
opaque,0.6,0.15,0.92,random_demonstrator,bestFunctionalLineageDepth,100,2.93,0.127330794834287,2.6804316421248,3.1795683578752,100,-0.47,0.138136954439492,-0.740748430701404,-0.199251569298596
opaque,0.6,0.15,0.92,random_demonstrator,bestStructuralLineageDepth,100,2.93,0.127330794834287,2.6804316421248,3.1795683578752,100,-0.47,0.138136954439492,-0.740748430701404,-0.199251569298596
opaque,0.6,0.15,0.92,random_demonstrator,finalMeanComponentAccuracy,100,0.292266666666667,0.0148492522305656,0.263162132294758,0.321371201038575,100,-0.144266666666667,0.0208949636556956,-0.18522079543183,-0.103312537901503
opaque,0.6,0.15,0.92,random_demonstrator,finalExactTargetFraction,100,0.00433333333333333,0.00401050808304573,-0.0035272625094363,0.012193929176103,100,-0.072,0.0243419338151897,-0.119710190277772,-0.0242898097222282
opaque,0.6,0.15,0.92,random_copy_error,finalMean,100,0.679638877086,0.0418302205087465,0.597651644888857,0.761626109283143,100,0.546082589084666,0.0429277192925354,0.461944259271297,0.630220918898036
opaque,0.6,0.15,0.92,random_copy_error,lossRate,100,0.0378481012658228,0.00295355909900164,0.0320591254317796,0.043637077099866,100,-0.00759493670886076,0.00311624027795779,-0.013702767653658,-0.00148710576406348
opaque,0.6,0.15,0.92,random_copy_error,bestFunctionalLineageDepth,100,6.11,0.174016718110124,5.76892723250416,6.45107276749584,100,2.71,0.219869107066964,2.27905655014875,3.14094344985125
opaque,0.6,0.15,0.92,random_copy_error,bestStructuralLineageDepth,100,6.11,0.174016718110124,5.76892723250416,6.45107276749584,100,2.71,0.219869107066964,2.27905655014875,3.14094344985125
opaque,0.6,0.15,0.92,random_copy_error,finalMeanComponentAccuracy,100,0.8424,0.0237316213962831,0.795886022063285,0.888913977936715,100,0.405866666666667,0.0285106206213665,0.349985850248788,0.461747483084545
opaque,0.6,0.15,0.92,random_copy_error,finalExactTargetFraction,100,0.62,0.0476566470126607,0.526592971855185,0.713407028144815,100,0.543666666666667,0.0483897731540816,0.448822711284667,0.638510622048667
opaque,0.6,0.15,0.92,greedy_acceptance,finalMean,100,0.953704254586,0.0144071912935434,0.925466159650655,0.981942349521345,100,0.820147966584667,0.0293354137001248,0.762650555732422,0.877645377436911
opaque,0.6,0.15,0.92,greedy_acceptance,lossRate,100,0,0,0,0,100,-0.0454430379746836,0.00263867235342728,-0.0506148357874011,-0.0402712401619661
opaque,0.6,0.15,0.92,greedy_acceptance,bestFunctionalLineageDepth,100,5.17,0.103528652160558,4.96708384176531,5.37291615823469,100,1.77,0.184146954930298,1.40907196833662,2.13092803166338
opaque,0.6,0.15,0.92,greedy_acceptance,bestStructuralLineageDepth,100,5.17,0.103528652160558,4.96708384176531,5.37291615823469,100,1.77,0.184146954930298,1.40907196833662,2.13092803166338
opaque,0.6,0.15,0.92,greedy_acceptance,finalMeanComponentAccuracy,100,0.991,0.00281350758232939,0.985485525138634,0.996514474861366,100,0.554466666666667,0.0237899628931125,0.507838339396166,0.601094993937167
opaque,0.6,0.15,0.92,greedy_acceptance,finalExactTargetFraction,100,0.912666666666667,0.0271164922627814,0.859518341831615,0.965814991501718,100,0.836333333333333,0.0373177426561046,0.763190557727368,0.909476108939298
opaque,0.6,0.15,0.98,baseline,finalMean,100,0.381471097576,0.0419598367481754,0.299229817549576,0.463712377602424,NaN,NaN,NaN,NaN,NaN
opaque,0.6,0.15,0.98,baseline,lossRate,100,0.0330379746835443,0.00282127329616576,0.0275082790230594,0.0385676703440292,NaN,NaN,NaN,NaN,NaN
opaque,0.6,0.15,0.98,baseline,bestFunctionalLineageDepth,100,4.04,0.151704124578541,3.74265991582606,4.33734008417394,NaN,NaN,NaN,NaN,NaN
opaque,0.6,0.15,0.98,baseline,bestStructuralLineageDepth,100,4.04,0.151704124578541,3.74265991582606,4.33734008417394,NaN,NaN,NaN,NaN,NaN
opaque,0.6,0.15,0.98,baseline,finalMeanComponentAccuracy,100,0.6664,0.0278450369554926,0.611823727567234,0.720976272432765,NaN,NaN,NaN,NaN,NaN
opaque,0.6,0.15,0.98,baseline,finalExactTargetFraction,100,0.297666666666667,0.0452385000361626,0.208999206595788,0.386334126737545,NaN,NaN,NaN,NaN,NaN
opaque,0.6,0.15,0.98,random_demonstrator,finalMean,100,0.165931570271667,0.0286407283244375,0.109795742755769,0.222067397787564,100,-0.215539527304333,0.0333518557633835,-0.280909164600565,-0.150169890008101
opaque,0.6,0.15,0.98,random_demonstrator,lossRate,100,0.0477215189873418,0.0029719142030279,0.0418965671494071,0.0535464708252765,100,0.0146835443037975,0.00258052794846423,0.00962570952480758,0.0197413790827873
opaque,0.6,0.15,0.98,random_demonstrator,bestFunctionalLineageDepth,100,3.19,0.133102072170803,2.92911993854523,3.45088006145477,100,-0.85,0.145903662695214,-1.13597117888262,-0.564028821117381
opaque,0.6,0.15,0.98,random_demonstrator,bestStructuralLineageDepth,100,3.19,0.133102072170803,2.92911993854523,3.45088006145477,100,-0.85,0.145903662695214,-1.13597117888262,-0.564028821117381
opaque,0.6,0.15,0.98,random_demonstrator,finalMeanComponentAccuracy,100,0.481766666666667,0.0250640685217743,0.432641092363989,0.530892240969344,100,-0.184633333333333,0.0222697418691387,-0.228282027396845,-0.140984639269821
opaque,0.6,0.15,0.98,random_demonstrator,finalExactTargetFraction,100,0.0903333333333333,0.0283092391116343,0.0348472246745301,0.145819441992137,100,-0.207333333333333,0.0399314226958985,-0.285598921817295,-0.129067744849372
opaque,0.6,0.15,0.98,random_copy_error,finalMean,100,0.578304049890667,0.0449350732981905,0.490231306226213,0.66637679355512,100,0.196832952314667,0.0382530911068228,0.121856893745294,0.271809010884039
opaque,0.6,0.15,0.98,random_copy_error,lossRate,100,0.0334177215189874,0.00320594341070027,0.0271340724340148,0.0397013706039599,100,0.000379746835443038,0.00243023456711674,-0.00438351291610578,0.00514300658699185
opaque,0.6,0.15,0.98,random_copy_error,bestFunctionalLineageDepth,100,4.94,0.142005832857867,4.66166856759858,5.21833143240142,100,0.9,0.156669890360128,0.592927014894149,1.20707298510585
opaque,0.6,0.15,0.98,random_copy_error,bestStructuralLineageDepth,100,4.94,0.142005832857867,4.66166856759858,5.21833143240142,100,0.9,0.156669890360128,0.592927014894149,1.20707298510585
opaque,0.6,0.15,0.98,random_copy_error,finalMeanComponentAccuracy,100,0.780666666666667,0.026552702606565,0.7286233695578,0.832709963775534,100,0.114266666666667,0.0217211736035613,0.0716931664036865,0.156840166929647
opaque,0.6,0.15,0.98,random_copy_error,finalExactTargetFraction,100,0.518333333333333,0.0498761091368028,0.4205761594252,0.616090507241467,100,0.220666666666667,0.0434220278522991,0.13555949207616,0.305773841257173
opaque,0.6,0.15,0.98,greedy_acceptance,finalMean,100,0.999825806829667,0.000174193170333333,0.999484388215813,1.00016722544352,100,0.618354709253667,0.0419477995345678,0.536137022165914,0.70057239634142
opaque,0.6,0.15,0.98,greedy_acceptance,lossRate,100,0,0,0,0,100,-0.0330379746835443,0.00282127329616576,-0.0385676703440292,-0.0275082790230594
opaque,0.6,0.15,0.98,greedy_acceptance,bestFunctionalLineageDepth,100,5.28,0.0985552196138354,5.08683176955688,5.47316823044312,100,1.24,0.171222579460688,0.904403744257051,1.57559625574295
opaque,0.6,0.15,0.98,greedy_acceptance,bestStructuralLineageDepth,100,5.28,0.0985552196138354,5.08683176955688,5.47316823044312,100,1.24,0.171222579460688,0.904403744257051,1.57559625574295
opaque,0.6,0.15,0.98,greedy_acceptance,finalMeanComponentAccuracy,100,0.999966666666667,3.33333333333341e-05,0.999901333333333,1.000032,100,0.333566666666667,0.0278444152216345,0.278991612832263,0.38814172050107
opaque,0.6,0.15,0.98,greedy_acceptance,finalExactTargetFraction,100,0.999666666666667,0.000333333333333333,0.999013333333333,1.00032,100,0.702,0.0452175685690327,0.613373565604696,0.790626434395304
strict_sequence,0,0,0.45,baseline,finalMean,100,0,0,0,0,NaN,NaN,NaN,NaN,NaN
strict_sequence,0,0,0.45,baseline,lossRate,100,0.0187341772151899,0.00073038006814956,0.0173026322816167,0.020165722148763,NaN,NaN,NaN,NaN,NaN
strict_sequence,0,0,0.45,baseline,bestFunctionalLineageDepth,100,0,0,0,0,NaN,NaN,NaN,NaN,NaN
strict_sequence,0,0,0.45,baseline,bestStructuralLineageDepth,100,0,0,0,0,NaN,NaN,NaN,NaN,NaN
strict_sequence,0,0,0.45,baseline,finalMeanComponentAccuracy,100,0,0,0,0,NaN,NaN,NaN,NaN,NaN
strict_sequence,0,0,0.45,baseline,finalExactTargetFraction,100,0,0,0,0,NaN,NaN,NaN,NaN,NaN
strict_sequence,0,0,0.45,random_demonstrator,finalMean,100,0,0,0,0,100,0,0,0,0
strict_sequence,0,0,0.45,random_demonstrator,lossRate,100,0.0183544303797468,0.00072804959325287,0.0169274531769712,0.0197814075825225,100,-0.000379746835443038,0.000379746835443038,-0.00112405063291139,0.000364556962025316
strict_sequence,0,0,0.45,random_demonstrator,bestFunctionalLineageDepth,100,0,0,0,0,100,0,0,0,0
strict_sequence,0,0,0.45,random_demonstrator,bestStructuralLineageDepth,100,0,0,0,0,100,0,0,0,0
strict_sequence,0,0,0.45,random_demonstrator,finalMeanComponentAccuracy,100,0,0,0,0,100,0,0,0,0
strict_sequence,0,0,0.45,random_demonstrator,finalExactTargetFraction,100,0,0,0,0,100,0,0,0,0
strict_sequence,0,0,0.45,random_copy_error,finalMean,100,0.01362,0.00138275429039632,0.0109098015908232,0.0163301984091768,100,0.01362,0.00138275429039632,0.0109098015908232,0.0163301984091768
strict_sequence,0,0,0.45,random_copy_error,lossRate,100,0.0930379746835444,0.0034343503367299,0.0863066480235538,0.099769301343535,100,0.0743037974683544,0.00351023408199039,0.0674237386676533,0.0811838562690556
strict_sequence,0,0,0.45,random_copy_error,bestFunctionalLineageDepth,100,6.04,0.211736447576517,5.62499656275003,6.45500343724997,100,6.04,0.211736447576517,5.62499656275003,6.45500343724997
strict_sequence,0,0,0.45,random_copy_error,bestStructuralLineageDepth,100,11.55,0.290723583529445,10.9801817762823,12.1198182237177,100,11.55,0.290723583529445,10.9801817762823,12.1198182237177
strict_sequence,0,0,0.45,random_copy_error,finalMeanComponentAccuracy,100,0.226366666666667,0.00392439634137787,0.218674849837566,0.234058483495767,100,0.226366666666667,0.00392439634137787,0.218674849837566,0.234058483495767
strict_sequence,0,0,0.45,random_copy_error,finalExactTargetFraction,100,0,0,0,0,100,0,0,0,0
strict_sequence,0,0,0.45,greedy_acceptance,finalMean,100,0.0452266666666667,0.00341964969556884,0.0385241532633517,0.0519291800699816,100,0.0452266666666667,0.00341964969556884,0.0385241532633517,0.0519291800699816
strict_sequence,0,0,0.45,greedy_acceptance,lossRate,100,0,0,0,0,100,-0.0187341772151899,0.00073038006814956,-0.020165722148763,-0.0173026322816167
strict_sequence,0,0,0.45,greedy_acceptance,bestFunctionalLineageDepth,100,0,0,0,0,100,0,0,0,0
strict_sequence,0,0,0.45,greedy_acceptance,bestStructuralLineageDepth,100,0,0,0,0,100,0,0,0,0
strict_sequence,0,0,0.45,greedy_acceptance,finalMeanComponentAccuracy,100,0.199333333333333,0.00804016293227652,0.183574613986071,0.215092052680595,100,0.199333333333333,0.00804016293227652,0.183574613986071,0.215092052680595
strict_sequence,0,0,0.45,greedy_acceptance,finalExactTargetFraction,100,0,0,0,0,100,0,0,0,0
strict_sequence,0,0,0.65,baseline,finalMean,100,0.00092,0.000920000000000002,-0.000883200000000004,0.0027232,NaN,NaN,NaN,NaN,NaN
strict_sequence,0,0,0.65,baseline,lossRate,100,0.0188607594936709,0.000834140165753391,0.0172258447687942,0.0204956742185475,NaN,NaN,NaN,NaN,NaN
strict_sequence,0,0,0.65,baseline,bestFunctionalLineageDepth,100,0,0,0,0,NaN,NaN,NaN,NaN,NaN
strict_sequence,0,0,0.65,baseline,bestStructuralLineageDepth,100,0,0,0,0,NaN,NaN,NaN,NaN,NaN
strict_sequence,0,0,0.65,baseline,finalMeanComponentAccuracy,100,0.00306666666666667,0.00306666666666667,-0.002944,0.00907733333333333,NaN,NaN,NaN,NaN,NaN
strict_sequence,0,0,0.65,baseline,finalExactTargetFraction,100,0,0,0,0,NaN,NaN,NaN,NaN,NaN
strict_sequence,0,0,0.65,random_demonstrator,finalMean,100,0.000336666666666667,0.000336666666666667,-0.000323200000000001,0.000996533333333334,100,-0.000583333333333333,0.000583333333333334,-0.00172666666666667,0.000560000000000002
strict_sequence,0,0,0.65,random_demonstrator,lossRate,100,0.0181012658227848,0.000725377025310068,0.0166795268531771,0.0195230047923925,100,-0.000759493670886076,0.000394997028365355,-0.00153368784648217,1.47005047100204e-05
strict_sequence,0,0,0.65,random_demonstrator,bestFunctionalLineageDepth,100,0,0,0,0,100,0,0,0,0
strict_sequence,0,0,0.65,random_demonstrator,bestStructuralLineageDepth,100,0,0,0,0,100,0,0,0,0
strict_sequence,0,0,0.65,random_demonstrator,finalMeanComponentAccuracy,100,0.0012,0.0012,-0.001152,0.003552,100,-0.00186666666666667,0.00186666666666667,-0.00552533333333333,0.001792
strict_sequence,0,0,0.65,random_demonstrator,finalExactTargetFraction,100,0,0,0,0,100,0,0,0,0
strict_sequence,0,0,0.65,random_copy_error,finalMean,100,0.214943333333333,0.0134007320561547,0.18867789850327,0.241208768163397,100,0.214023333333333,0.0133213146631501,0.187913556593559,0.240133110073108
strict_sequence,0,0,0.65,random_copy_error,lossRate,100,0.0406329113924051,0.00372341815022133,0.0333350118179713,0.0479308109668389,100,0.0217721518987342,0.00380844851648829,0.0143075928064171,0.0292367109910512
strict_sequence,0,0,0.65,random_copy_error,bestFunctionalLineageDepth,100,5.44,0.170749979664876,5.10533003985684,5.77466996014316,100,5.44,0.170749979664876,5.10533003985684,5.77466996014316
strict_sequence,0,0,0.65,random_copy_error,bestStructuralLineageDepth,100,8.27,0.272976485463788,7.73496608849098,8.80503391150902,100,8.27,0.272976485463788,7.73496608849098,8.80503391150902
strict_sequence,0,0,0.65,random_copy_error,finalMeanComponentAccuracy,100,0.520933333333333,0.015613893493734,0.490330102085615,0.551536564581052,100,0.517866666666667,0.0156259245293257,0.487239854589188,0.548493478744145
strict_sequence,0,0,0.65,random_copy_error,finalExactTargetFraction,100,0.003,0.0023733934846537,-0.00165185122992125,0.00765185122992126,100,0.003,0.0023733934846537,-0.00165185122992125,0.00765185122992126
strict_sequence,0,0,0.65,greedy_acceptance,finalMean,100,0.0446,0.00457136453779107,0.0356401255059295,0.0535598744940705,100,0.04368,0.0042339388734178,0.0353814798081011,0.0519785201918989
strict_sequence,0,0,0.65,greedy_acceptance,lossRate,100,0,0,0,0,100,-0.0188607594936709,0.000834140165753391,-0.0204956742185475,-0.0172258447687942
strict_sequence,0,0,0.65,greedy_acceptance,bestFunctionalLineageDepth,100,0,0,0,0,100,0,0,0,0
strict_sequence,0,0,0.65,greedy_acceptance,bestStructuralLineageDepth,100,0,0,0,0,100,0,0,0,0
strict_sequence,0,0,0.65,greedy_acceptance,finalMeanComponentAccuracy,100,0.1906,0.00941085888061932,0.172154716593986,0.209045283406014,100,0.187533333333333,0.00887696422360485,0.170134483455068,0.204932183211599
strict_sequence,0,0,0.65,greedy_acceptance,finalExactTargetFraction,100,0,0,0,0,100,0,0,0,0
strict_sequence,0,0,0.8,baseline,finalMean,100,0.00692333333333334,0.0020308057094181,0.00294295414287386,0.0109037125237928,NaN,NaN,NaN,NaN,NaN
strict_sequence,0,0,0.8,baseline,lossRate,100,0.0158227848101266,0.000923988451894585,0.0140117674444132,0.01763380217584,NaN,NaN,NaN,NaN,NaN
strict_sequence,0,0,0.8,baseline,bestFunctionalLineageDepth,100,0,0,0,0,NaN,NaN,NaN,NaN,NaN
strict_sequence,0,0,0.8,baseline,bestStructuralLineageDepth,100,0,0,0,0,NaN,NaN,NaN,NaN,NaN
strict_sequence,0,0,0.8,baseline,finalMeanComponentAccuracy,100,0.0295333333333333,0.00760028648523778,0.0146367718222673,0.0444298948443994,NaN,NaN,NaN,NaN,NaN
strict_sequence,0,0,0.8,baseline,finalExactTargetFraction,100,0,0,0,0,NaN,NaN,NaN,NaN,NaN
strict_sequence,0,0,0.8,random_demonstrator,finalMean,100,0.00158666666666667,0.00102718514172275,-0.000426616211109917,0.00359994954444325,100,-0.00533666666666667,0.00171501911720848,-0.0086981041363953,-0.00197522919693804
strict_sequence,0,0,0.8,random_demonstrator,lossRate,100,0.0189873417721519,0.000834237175716591,0.0173522369077474,0.0206224466365564,100,0.00316455696202532,0.000888265145907895,0.00142355727604584,0.00490555664800479
strict_sequence,0,0,0.8,random_demonstrator,bestFunctionalLineageDepth,100,0,0,0,0,100,0,0,0,0
strict_sequence,0,0,0.8,random_demonstrator,bestStructuralLineageDepth,100,0,0,0,0,100,0,0,0,0
strict_sequence,0,0,0.8,random_demonstrator,finalMeanComponentAccuracy,100,0.0071,0.00368655609578405,-0.000125649947736733,0.0143256499477367,100,-0.0224333333333333,0.0064689285849387,-0.0351124333598132,-0.00975423330685349
strict_sequence,0,0,0.8,random_demonstrator,finalExactTargetFraction,100,0,0,0,0,100,0,0,0,0
strict_sequence,0,0,0.8,random_copy_error,finalMean,100,0.658126666666667,0.0246229131380289,0.60986575691613,0.706387576417204,100,0.651203333333333,0.0243029642578261,0.603569523387994,0.698837143278673
strict_sequence,0,0,0.8,random_copy_error,lossRate,100,0.0224050632911392,0.00226762247994937,0.0179605232304385,0.02684960335184,100,0.00658227848101266,0.0022577872297527,0.00215701551069736,0.011007541451328
strict_sequence,0,0,0.8,random_copy_error,bestFunctionalLineageDepth,100,5.54,0.125866692347198,5.29330128299949,5.78669871700051,100,5.54,0.125866692347198,5.29330128299949,5.78669871700051
strict_sequence,0,0,0.8,random_copy_error,bestStructuralLineageDepth,100,7.93,0.1970771268803,7.54372883131461,8.31627116868539,100,7.93,0.1970771268803,7.54372883131461,8.31627116868539
strict_sequence,0,0,0.8,random_copy_error,finalMeanComponentAccuracy,100,0.820933333333333,0.0151115626789332,0.791314670482624,0.850551996184042,100,0.7914,0.0156644944407106,0.760697590896207,0.822102409103792
strict_sequence,0,0,0.8,random_copy_error,finalExactTargetFraction,100,0.266333333333333,0.0309392620290885,0.20569237975632,0.326974286910347,100,0.266333333333333,0.0309392620290885,0.20569237975632,0.326974286910347
strict_sequence,0,0,0.8,greedy_acceptance,finalMean,100,0.0445,0.00351727339301513,0.0376061441496903,0.0513938558503096,100,0.0375766666666667,0.00271401093053964,0.032257205242809,0.0428961280905244
strict_sequence,0,0,0.8,greedy_acceptance,lossRate,100,0,0,0,0,100,-0.0158227848101266,0.000923988451894585,-0.01763380217584,-0.0140117674444132
strict_sequence,0,0,0.8,greedy_acceptance,bestFunctionalLineageDepth,100,0,0,0,0,100,0,0,0,0
strict_sequence,0,0,0.8,greedy_acceptance,bestStructuralLineageDepth,100,0,0,0,0,100,0,0,0,0
strict_sequence,0,0,0.8,greedy_acceptance,finalMeanComponentAccuracy,100,0.195033333333333,0.00809587540993552,0.17916541752986,0.210901249136807,100,0.1655,0.00720010210053558,0.15138779988295,0.17961220011705
strict_sequence,0,0,0.8,greedy_acceptance,finalExactTargetFraction,100,0,0,0,0,100,0,0,0,0
strict_sequence,0,0,0.92,baseline,finalMean,100,0.0195366666666667,0.00368185679684895,0.0123202273448427,0.0267531059884906,NaN,NaN,NaN,NaN,NaN
strict_sequence,0,0,0.92,baseline,lossRate,100,0.00873417721518987,0.000894076797485954,0.0069817866921174,0.0104865677382623,NaN,NaN,NaN,NaN,NaN
strict_sequence,0,0,0.92,baseline,bestFunctionalLineageDepth,100,0,0,0,0,NaN,NaN,NaN,NaN,NaN
strict_sequence,0,0,0.92,baseline,bestStructuralLineageDepth,100,0,0,0,0,NaN,NaN,NaN,NaN,NaN
strict_sequence,0,0,0.92,baseline,finalMeanComponentAccuracy,100,0.0924,0.0112568303245731,0.0703366125638367,0.114463387436163,NaN,NaN,NaN,NaN,NaN
strict_sequence,0,0,0.92,baseline,finalExactTargetFraction,100,0,0,0,0,NaN,NaN,NaN,NaN,NaN
strict_sequence,0,0,0.92,random_demonstrator,finalMean,100,0.01181,0.00264762670338812,0.00662065166135929,0.0169993483386407,100,-0.00772666666666667,0.00273252997966843,-0.0130824254268168,-0.00237090790651655
strict_sequence,0,0,0.92,random_demonstrator,lossRate,100,0.0116455696202532,0.0010126582278481,0.00966075949367088,0.0136303797468354,100,0.00291139240506329,0.000760239160190727,0.00142132365108947,0.00440146115903712
strict_sequence,0,0,0.92,random_demonstrator,bestFunctionalLineageDepth,100,0,0,0,0,100,0,0,0,0
strict_sequence,0,0,0.92,random_demonstrator,bestStructuralLineageDepth,100,0,0,0,0,100,0,0,0,0
strict_sequence,0,0,0.92,random_demonstrator,finalMeanComponentAccuracy,100,0.0635,0.00944549904985362,0.0449868218622869,0.0820131781377131,100,-0.0289,0.00743321254299346,-0.0434690965842672,-0.0143309034157328
strict_sequence,0,0,0.92,random_demonstrator,finalExactTargetFraction,100,0,0,0,0,100,0,0,0,0
strict_sequence,0,0,0.92,random_copy_error,finalMean,100,0.72633,0.0323551086018497,0.662913987140375,0.789746012859626,100,0.706793333333333,0.0312890584749192,0.645466778722492,0.768119887944175
strict_sequence,0,0,0.92,random_copy_error,lossRate,100,0.0160759493670886,0.00186848859286789,0.0124137117250675,0.0197381870091097,100,0.00734177215189874,0.0017917704141912,0.00382990214008398,0.0108536421637135
strict_sequence,0,0,0.92,random_copy_error,bestFunctionalLineageDepth,100,5.57,0.142314916131568,5.29106276438213,5.84893723561787,100,5.57,0.142314916131568,5.29106276438213,5.84893723561787
strict_sequence,0,0,0.92,random_copy_error,bestStructuralLineageDepth,100,7.36,0.156036773702467,7.05416792354317,7.66583207645683,100,7.36,0.156036773702467,7.05416792354317,7.66583207645683
strict_sequence,0,0,0.92,random_copy_error,finalMeanComponentAccuracy,100,0.839166666666667,0.0217168481300769,0.796601644331716,0.881731689001618,100,0.746766666666667,0.0205112793693921,0.706564559102658,0.786968774230675
strict_sequence,0,0,0.92,random_copy_error,finalExactTargetFraction,100,0.455333333333333,0.0457883188805123,0.365588228327529,0.545078438339137,100,0.455333333333333,0.0457883188805123,0.365588228327529,0.545078438339137
strict_sequence,0,0,0.92,greedy_acceptance,finalMean,100,0.0409,0.00380880160903265,0.033434748846296,0.048365251153704,100,0.0213633333333333,0.00194037435498565,0.0175601995975615,0.0251664670691052
strict_sequence,0,0,0.92,greedy_acceptance,lossRate,100,0,0,0,0,100,-0.00873417721518987,0.000894076797485954,-0.0104865677382623,-0.0069817866921174
strict_sequence,0,0,0.92,greedy_acceptance,bestFunctionalLineageDepth,100,0,0,0,0,100,0,0,0,0
strict_sequence,0,0,0.92,greedy_acceptance,bestStructuralLineageDepth,100,0,0,0,0,100,0,0,0,0
strict_sequence,0,0,0.92,greedy_acceptance,finalMeanComponentAccuracy,100,0.186966666666667,0.00818420023935144,0.170925634197538,0.203007699135795,100,0.0945666666666667,0.00763073927075102,0.0796104176959947,0.109522915637339
strict_sequence,0,0,0.92,greedy_acceptance,finalExactTargetFraction,100,0,0,0,0,100,0,0,0,0
strict_sequence,0,0,0.98,baseline,finalMean,100,0.0272866666666667,0.00381859123987356,0.0198022278365145,0.0347711054968188,NaN,NaN,NaN,NaN,NaN
strict_sequence,0,0,0.98,baseline,lossRate,100,0.00632911392405063,0.000814605315749724,0.00473248750518117,0.00792574034292009,NaN,NaN,NaN,NaN,NaN
strict_sequence,0,0,0.98,baseline,bestFunctionalLineageDepth,100,0,0,0,0,NaN,NaN,NaN,NaN,NaN
strict_sequence,0,0,0.98,baseline,bestStructuralLineageDepth,100,0,0,0,0,NaN,NaN,NaN,NaN,NaN
strict_sequence,0,0,0.98,baseline,finalMeanComponentAccuracy,100,0.223933333333333,0.0121009020079151,0.20021556539782,0.247651101268847,NaN,NaN,NaN,NaN,NaN
strict_sequence,0,0,0.98,baseline,finalExactTargetFraction,100,0,0,0,0,NaN,NaN,NaN,NaN,NaN
strict_sequence,0,0,0.98,random_demonstrator,finalMean,100,0.02125,0.00372785605602078,0.0139434021301993,0.0285565978698007,100,-0.00603666666666667,0.0014953868081364,-0.00896762481061401,-0.00310570852271933
strict_sequence,0,0,0.98,random_demonstrator,lossRate,100,0.00886075949367088,0.000872176217944156,0.00715129410650034,0.0105702248808414,100,0.00253164556962025,0.000741813563705934,0.00107769098475662,0.00398560015448388
strict_sequence,0,0,0.98,random_demonstrator,bestFunctionalLineageDepth,100,0,0,0,0,100,0,0,0,0
strict_sequence,0,0,0.98,random_demonstrator,bestStructuralLineageDepth,100,0,0,0,0,100,0,0,0,0
strict_sequence,0,0,0.98,random_demonstrator,finalMeanComponentAccuracy,100,0.192666666666667,0.0119045021616686,0.169333842429796,0.215999490903537,100,-0.0312666666666667,0.0077536103606733,-0.0464637429735863,-0.016069590359747
strict_sequence,0,0,0.98,random_demonstrator,finalExactTargetFraction,100,0,0,0,0,100,0,0,0,0
strict_sequence,0,0,0.98,random_copy_error,finalMean,100,0.28156,0.0310572408353555,0.220687807962703,0.342432192037297,100,0.254273333333333,0.0291398687397241,0.197159190603474,0.311387476063193
strict_sequence,0,0,0.98,random_copy_error,lossRate,100,0.0179746835443038,0.00198054987439561,0.0140928057904884,0.0218565612981192,100,0.0116455696202532,0.00162602857644719,0.00845855361041668,0.0148325856300897
strict_sequence,0,0,0.98,random_copy_error,bestFunctionalLineageDepth,100,2.48,0.162356385644655,2.16178148413648,2.79821851586352,100,2.48,0.162356385644655,2.16178148413648,2.79821851586352
strict_sequence,0,0,0.98,random_copy_error,bestStructuralLineageDepth,100,3.59,0.149135556261457,3.29769430972754,3.88230569027246,100,3.59,0.149135556261457,3.29769430972754,3.88230569027246
strict_sequence,0,0,0.98,random_copy_error,finalMeanComponentAccuracy,100,0.524466666666667,0.0261371338197164,0.473237884380022,0.575695448953311,100,0.300533333333333,0.0210510426655403,0.259273289708874,0.341793376957792
strict_sequence,0,0,0.98,random_copy_error,finalExactTargetFraction,100,0.0873333333333333,0.027490555464207,0.0334518446234877,0.141214822043179,100,0.0873333333333333,0.027490555464207,0.0334518446234877,0.141214822043179
strict_sequence,0,0,0.98,greedy_acceptance,finalMean,100,0.0415,0.00361918289790456,0.0344064015201071,0.0485935984798929,100,0.0142133333333333,0.00192413065769422,0.0104420372442527,0.017984629422414
strict_sequence,0,0,0.98,greedy_acceptance,lossRate,100,0,0,0,0,100,-0.00632911392405063,0.000814605315749724,-0.00792574034292009,-0.00473248750518117
strict_sequence,0,0,0.98,greedy_acceptance,bestFunctionalLineageDepth,100,0,0,0,0,100,0,0,0,0
strict_sequence,0,0,0.98,greedy_acceptance,bestStructuralLineageDepth,100,0,0,0,0,100,0,0,0,0
strict_sequence,0,0,0.98,greedy_acceptance,finalMeanComponentAccuracy,100,0.2269,0.00902064660073758,0.209219532662554,0.244580467337446,100,0.00296666666666669,0.0100615273299335,-0.016753926900003,0.0226872602333364
strict_sequence,0,0,0.98,greedy_acceptance,finalExactTargetFraction,100,0,0,0,0,100,0,0,0,0
strict_sequence,0,0.03,0.45,baseline,finalMean,100,2.66666666666667e-05,1.31297590377955e-05,9.32338952587508e-07,5.24009943807458e-05,NaN,NaN,NaN,NaN,NaN
strict_sequence,0,0.03,0.45,baseline,lossRate,100,0.029620253164557,0.00137279727930656,0.0269295704971161,0.0323109358319979,NaN,NaN,NaN,NaN,NaN
strict_sequence,0,0.03,0.45,baseline,bestFunctionalLineageDepth,100,0.19,0.0419114024647906,0.10785365116901,0.27214634883099,NaN,NaN,NaN,NaN,NaN
strict_sequence,0,0.03,0.45,baseline,bestStructuralLineageDepth,100,0.97,0.0731057073315377,0.826712813630186,1.11328718636981,NaN,NaN,NaN,NaN,NaN
strict_sequence,0,0.03,0.45,baseline,finalMeanComponentAccuracy,100,0.00193333333333333,0.000335615086029844,0.00127552776471484,0.00259113890195183,NaN,NaN,NaN,NaN,NaN
strict_sequence,0,0.03,0.45,baseline,finalExactTargetFraction,100,0,0,0,0,NaN,NaN,NaN,NaN,NaN
strict_sequence,0,0.03,0.45,random_demonstrator,finalMean,100,2.66666666666667e-05,1.31297590377955e-05,9.32338952587508e-07,5.24009943807458e-05,100,0,0,0,0
strict_sequence,0,0.03,0.45,random_demonstrator,lossRate,100,0.0283544303797469,0.00137161779865293,0.0256660594943871,0.0310428012651066,100,-0.00126582278481013,0.000458698148949037,-0.00216487115675024,-0.000366774412870014
strict_sequence,0,0.03,0.45,random_demonstrator,bestFunctionalLineageDepth,100,0.16,0.0394917201397453,0.0825962285260993,0.237403771473901,100,-0.03,0.0171446607997765,-0.063603535167562,0.00360353516756198
strict_sequence,0,0.03,0.45,random_demonstrator,bestStructuralLineageDepth,100,0.96,0.0723627226986633,0.81816906351062,1.10183093648938,100,-0.01,0.0173787284350784,-0.0440623077327537,0.0240623077327537
strict_sequence,0,0.03,0.45,random_demonstrator,finalMeanComponentAccuracy,100,0.00193333333333333,0.000335615086029844,0.00127552776471484,0.00259113890195183,100,0,0,0,0
strict_sequence,0,0.03,0.45,random_demonstrator,finalExactTargetFraction,100,0,0,0,0,100,0,0,0,0
strict_sequence,0,0.03,0.45,random_copy_error,finalMean,100,0.01448,0.00143858422733067,0.0116603749144319,0.0172996250855681,100,0.0144533333333333,0.00143769612432651,0.0116354489296534,0.0172712177370133
strict_sequence,0,0.03,0.45,random_copy_error,lossRate,100,0.0848101265822784,0.00353250268349606,0.0778864213226262,0.0917338318419307,100,0.0551898734177216,0.00389018635640964,0.0475651081591587,0.0628146386762845
strict_sequence,0,0.03,0.45,random_copy_error,bestFunctionalLineageDepth,100,5.93,0.184366236309442,5.56864217683349,6.29135782316651,100,5.74,0.180694507527221,5.38583876524665,6.09416123475335
strict_sequence,0,0.03,0.45,random_copy_error,bestStructuralLineageDepth,100,10.58,0.274204082369097,10.0425599985566,11.1174400014434,100,9.61,0.28423030923332,9.05290859390269,10.1670914060973
strict_sequence,0,0.03,0.45,random_copy_error,finalMeanComponentAccuracy,100,0.2327,0.00401699392326818,0.224826691910394,0.240573308089606,100,0.230766666666667,0.00398196128970164,0.222962022538851,0.238571310794482
strict_sequence,0,0.03,0.45,random_copy_error,finalExactTargetFraction,100,0,0,0,0,100,0,0,0,0
strict_sequence,0,0.03,0.45,greedy_acceptance,finalMean,100,0.05614,0.00328085689992041,0.049709520476156,0.062570479523844,100,0.0561133333333333,0.00327889629948264,0.0496866965863473,0.0625399700803193
strict_sequence,0,0.03,0.45,greedy_acceptance,lossRate,100,0,0,0,0,100,-0.029620253164557,0.00137279727930656,-0.0323109358319979,-0.0269295704971161
strict_sequence,0,0.03,0.45,greedy_acceptance,bestFunctionalLineageDepth,100,0.47,0.0540388935878782,0.364083768567759,0.575916231432241,100,0.28,0.0682834259731178,0.146164485092689,0.413835514907311
strict_sequence,0,0.03,0.45,greedy_acceptance,bestStructuralLineageDepth,100,1.01,0.0771918768950844,0.858703921285635,1.16129607871437,100,0.04,0.102415276638248,-0.160733942210966,0.240733942210966
strict_sequence,0,0.03,0.45,greedy_acceptance,finalMeanComponentAccuracy,100,0.228933333333333,0.00751412885406324,0.214205640779369,0.243661025887297,100,0.227,0.00748293981852865,0.212333437955684,0.241666562044316
strict_sequence,0,0.03,0.45,greedy_acceptance,finalExactTargetFraction,100,0,0,0,0,100,0,0,0,0
strict_sequence,0,0.03,0.65,baseline,finalMean,100,0.00198333333333333,0.00145592465826702,-0.000870278996870028,0.0048369456635367,NaN,NaN,NaN,NaN,NaN
strict_sequence,0,0.03,0.65,baseline,lossRate,100,0.030126582278481,0.00134372242242055,0.0274928863305367,0.0327602782264253,NaN,NaN,NaN,NaN,NaN
strict_sequence,0,0.03,0.65,baseline,bestFunctionalLineageDepth,100,0.23,0.0468287229478799,0.138215703022155,0.321784296977845,NaN,NaN,NaN,NaN,NaN
strict_sequence,0,0.03,0.65,baseline,bestStructuralLineageDepth,100,0.86,0.0710953265309714,0.720653159999296,0.999346840000704,NaN,NaN,NaN,NaN,NaN
strict_sequence,0,0.03,0.65,baseline,finalMeanComponentAccuracy,100,0.00976666666666666,0.00460157953655056,0.000747570775027559,0.0187857625583058,NaN,NaN,NaN,NaN,NaN
strict_sequence,0,0.03,0.65,baseline,finalExactTargetFraction,100,0,0,0,0,NaN,NaN,NaN,NaN,NaN
strict_sequence,0,0.03,0.65,random_demonstrator,finalMean,100,0.000983333333333333,0.00091975909352583,-0.000819394489977294,0.00278606115664396,100,-0.001,0.000711915580311641,-0.00239535453741082,0.000395354537410816
strict_sequence,0,0.03,0.65,random_demonstrator,lossRate,100,0.030126582278481,0.00129464688966382,0.0275890743747399,0.0326640901822221,100,1.73472347597681e-20,0.000539748649001545,-0.00105790735204303,0.00105790735204303
strict_sequence,0,0.03,0.65,random_demonstrator,bestFunctionalLineageDepth,100,0.21,0.0456048021572069,0.120614587771875,0.299385412228125,100,-0.02,0.014070529413629,-0.0475782376507128,0.00757823765071276
strict_sequence,0,0.03,0.65,random_demonstrator,bestStructuralLineageDepth,100,0.86,0.0725021769091498,0.717895733258066,1.00210426674193,100,0,0.014213381090374,-0.0278582269371331,0.0278582269371331
strict_sequence,0,0.03,0.65,random_demonstrator,finalMeanComponentAccuracy,100,0.00626666666666667,0.00297700879562826,0.000431729427235274,0.0121016039060981,100,-0.0035,0.00278579650680534,-0.00896016115333848,0.00196016115333847
strict_sequence,0,0.03,0.65,random_demonstrator,finalExactTargetFraction,100,0,0,0,0,100,0,0,0,0
strict_sequence,0,0.03,0.65,random_copy_error,finalMean,100,0.19322,0.0138791620242748,0.166016842432421,0.220423157567579,100,0.191236666666667,0.0136536287444039,0.164475554327635,0.217997779005698
strict_sequence,0,0.03,0.65,random_copy_error,lossRate,100,0.0369620253164557,0.00323188823326177,0.0306275243792626,0.0432965262536488,100,0.00683544303797468,0.00337754063478422,0.000215463393797613,0.0134554226821518
strict_sequence,0,0.03,0.65,random_copy_error,bestFunctionalLineageDepth,100,5.33,0.146373674290333,5.04310759839095,5.61689240160905,100,5.1,0.158592292219752,4.78915910724929,5.41084089275071
strict_sequence,0,0.03,0.65,random_copy_error,bestStructuralLineageDepth,100,8.37,0.268800177368869,7.84315165235702,8.89684834764298,100,7.51,0.275422540394892,6.97017182082601,8.04982817917399
strict_sequence,0,0.03,0.65,random_copy_error,finalMeanComponentAccuracy,100,0.495333333333333,0.0165448070321367,0.462905511550345,0.527761155116321,100,0.485566666666667,0.016620883581921,0.452989734846101,0.518143598487232
strict_sequence,0,0.03,0.65,random_copy_error,finalExactTargetFraction,100,0.00233333333333333,0.0014413330903858,-0.000491679523822832,0.0051583461904895,100,0.00233333333333333,0.0014413330903858,-0.000491679523822832,0.0051583461904895
strict_sequence,0,0.03,0.65,greedy_acceptance,finalMean,100,0.07696,0.00414050718819967,0.0688446059111286,0.0850753940888713,100,0.0749766666666667,0.0036300320312222,0.0678618038854711,0.0820915294478622
strict_sequence,0,0.03,0.65,greedy_acceptance,lossRate,100,0,0,0,0,100,-0.030126582278481,0.00134372242242055,-0.0327602782264253,-0.0274928863305367
strict_sequence,0,0.03,0.65,greedy_acceptance,bestFunctionalLineageDepth,100,0.8,0.0666666666666667,0.669333333333333,0.930666666666667,100,0.57,0.0768771813355628,0.419320724582297,0.720679275417703
strict_sequence,0,0.03,0.65,greedy_acceptance,bestStructuralLineageDepth,100,1.22,0.0847813587286662,1.05382853689181,1.38617146310819,100,0.36,0.104948279710253,0.154301371767905,0.565698628232095
strict_sequence,0,0.03,0.65,greedy_acceptance,finalMeanComponentAccuracy,100,0.2693,0.00724515318464084,0.255099499758104,0.283500500241896,100,0.259533333333333,0.00665993262588814,0.246479865386593,0.272586801280074
strict_sequence,0,0.03,0.65,greedy_acceptance,finalExactTargetFraction,100,0,0,0,0,100,0,0,0,0
strict_sequence,0,0.03,0.8,baseline,finalMean,100,0.0155766666666667,0.00478717388260205,0.00619380585676666,0.0249595274765667,NaN,NaN,NaN,NaN,NaN
strict_sequence,0,0.03,0.8,baseline,lossRate,100,0.0222784810126582,0.00145186924338272,0.0194328172956281,0.0251241447296884,NaN,NaN,NaN,NaN,NaN
strict_sequence,0,0.03,0.8,baseline,bestFunctionalLineageDepth,100,0.26,0.0463190516467527,0.169214658772365,0.350785341227635,NaN,NaN,NaN,NaN,NaN
strict_sequence,0,0.03,0.8,baseline,bestStructuralLineageDepth,100,0.96,0.0751026233922893,0.812798858151113,1.10720114184889,NaN,NaN,NaN,NaN,NaN
strict_sequence,0,0.03,0.8,baseline,finalMeanComponentAccuracy,100,0.0535666666666666,0.0118170922833695,0.0304051657912625,0.0767281675420708,NaN,NaN,NaN,NaN,NaN
strict_sequence,0,0.03,0.8,baseline,finalExactTargetFraction,100,0,0,0,0,NaN,NaN,NaN,NaN,NaN
strict_sequence,0,0.03,0.8,random_demonstrator,finalMean,100,0.00885,0.00363194263379448,0.00173139243776282,0.0159686075622372,100,-0.00672666666666667,0.00265872715383949,-0.0119377718881921,-0.00151556144514127
strict_sequence,0,0.03,0.8,random_demonstrator,lossRate,100,0.0251898734177215,0.00137603563813549,0.022492843566976,0.0278869032684671,100,0.00291139240506329,0.00116397588389314,0.000629999672632736,0.00519278513749385
strict_sequence,0,0.03,0.8,random_demonstrator,bestFunctionalLineageDepth,100,0.18,0.038612291966537,0.104319907745588,0.255680092254412,100,-0.08,0.0338743966363203,-0.146393817407188,-0.0136061825928123
strict_sequence,0,0.03,0.8,random_demonstrator,bestStructuralLineageDepth,100,0.88,0.076910022202256,0.729256356483578,1.03074364351642,100,-0.08,0.0464497121366296,-0.171041435787794,0.011041435787794
strict_sequence,0,0.03,0.8,random_demonstrator,finalMeanComponentAccuracy,100,0.0314333333333333,0.00913009293939171,0.0135383511721256,0.0493283154945411,100,-0.0221333333333333,0.00665597121853399,-0.03517903692166,-0.00908762974500672
strict_sequence,0,0.03,0.8,random_demonstrator,finalExactTargetFraction,100,0,0,0,0,100,0,0,0,0
strict_sequence,0,0.03,0.8,random_copy_error,finalMean,100,0.676866666666667,0.0237549352188189,0.630306993637782,0.723426339695552,100,0.66129,0.0225605665205552,0.617071289619712,0.705508710380288
strict_sequence,0,0.03,0.8,random_copy_error,lossRate,100,0.0163291139240506,0.00206938846788869,0.0122731125269888,0.0203851153211125,100,-0.0059493670886076,0.00234205722976843,-0.0105397992589537,-0.00135893491826148
strict_sequence,0,0.03,0.8,random_copy_error,bestFunctionalLineageDepth,100,5.96,0.145588322320025,5.67464688825275,6.24535311174725,100,5.7,0.143899516007076,5.41795694862613,5.98204305137387
strict_sequence,0,0.03,0.8,random_copy_error,bestStructuralLineageDepth,100,8.21,0.222608502655549,7.77368733479513,8.64631266520488,100,7.25,0.222644800232808,6.8136161915437,7.6863838084563
strict_sequence,0,0.03,0.8,random_copy_error,finalMeanComponentAccuracy,100,0.831333333333333,0.0145819407704529,0.802752729423246,0.859913937243421,100,0.777766666666667,0.0152609221986226,0.747855259157366,0.807678074175967
strict_sequence,0,0.03,0.8,random_copy_error,finalExactTargetFraction,100,0.283,0.034261472309994,0.215847514272412,0.350152485727588,100,0.283,0.034261472309994,0.215847514272412,0.350152485727588
strict_sequence,0,0.03,0.8,greedy_acceptance,finalMean,100,0.10857,0.00809452475296919,0.0927047314841803,0.12443526851582,100,0.0929933333333333,0.00644063276338723,0.0803696931170944,0.105616973549572
strict_sequence,0,0.03,0.8,greedy_acceptance,lossRate,100,0,0,0,0,100,-0.0222784810126582,0.00145186924338272,-0.0251241447296884,-0.0194328172956281
strict_sequence,0,0.03,0.8,greedy_acceptance,bestFunctionalLineageDepth,100,1.01,0.0958692291139816,0.822096310936596,1.1979036890634,100,0.75,0.0967919772950572,0.560287724501688,0.939712275498312
strict_sequence,0,0.03,0.8,greedy_acceptance,bestStructuralLineageDepth,100,1.56,0.0967345634071698,1.37040025572195,1.74959974427805,100,0.6,0.115470053837925,0.373678694477667,0.826321305522333
strict_sequence,0,0.03,0.8,greedy_acceptance,finalMeanComponentAccuracy,100,0.311466666666667,0.0115259254931491,0.288875852700094,0.334057480633239,100,0.2579,0.0116525316006791,0.235061038062669,0.280738961937331
strict_sequence,0,0.03,0.8,greedy_acceptance,finalExactTargetFraction,100,0,0,0,0,100,0,0,0,0
strict_sequence,0,0.03,0.92,baseline,finalMean,100,0.03647,0.00607727657527536,0.0245585379124603,0.0483814620875397,NaN,NaN,NaN,NaN,NaN
strict_sequence,0,0.03,0.92,baseline,lossRate,100,0.0132911392405063,0.00128957387602718,0.0107635744434931,0.0158187040375196,NaN,NaN,NaN,NaN,NaN
strict_sequence,0,0.03,0.92,baseline,bestFunctionalLineageDepth,100,0.38,0.0582228390745332,0.265883235413915,0.494116764586085,NaN,NaN,NaN,NaN,NaN
strict_sequence,0,0.03,0.92,baseline,bestStructuralLineageDepth,100,0.9,0.0797724035217466,0.743646089097377,1.05635391090262,NaN,NaN,NaN,NaN,NaN
strict_sequence,0,0.03,0.92,baseline,finalMeanComponentAccuracy,100,0.140266666666667,0.0149765757992659,0.110912578100106,0.169620755233228,NaN,NaN,NaN,NaN,NaN
strict_sequence,0,0.03,0.92,baseline,finalExactTargetFraction,100,0,0,0,0,NaN,NaN,NaN,NaN,NaN
strict_sequence,0,0.03,0.92,random_demonstrator,finalMean,100,0.0214466666666667,0.00447881462793231,0.0126681899959193,0.030225143337414,100,-0.0150233333333333,0.00444533136352484,-0.023736182805842,-0.00631048386082464
strict_sequence,0,0.03,0.92,random_demonstrator,lossRate,100,0.0168354430379747,0.00135899282586889,0.0141718170992716,0.0194990689766777,100,0.00354430379746836,0.00111024488009976,0.00136822383247282,0.00572038376246389
strict_sequence,0,0.03,0.92,random_demonstrator,bestFunctionalLineageDepth,100,0.28,0.0494004457510662,0.18317512632791,0.37682487367209,100,-0.1,0.0389249472080761,-0.176292896527829,-0.0237071034721708
strict_sequence,0,0.03,0.92,random_demonstrator,bestStructuralLineageDepth,100,0.8,0.0816496580927726,0.639966670138166,0.960033329861834,100,-0.1,0.0559581373109679,-0.209677949129497,0.00967794912949702
strict_sequence,0,0.03,0.92,random_demonstrator,finalMeanComponentAccuracy,100,0.0966333333333333,0.0123114734840735,0.0725028453045492,0.120763821362117,100,-0.0436333333333333,0.00984676022195558,-0.0629329833683663,-0.0243336832983004
strict_sequence,0,0.03,0.92,random_demonstrator,finalExactTargetFraction,100,0,0,0,0,100,0,0,0,0
strict_sequence,0,0.03,0.92,random_copy_error,finalMean,100,0.745436666666667,0.0321179335295525,0.682485516948744,0.80838781638459,100,0.708966666666667,0.0307729469643538,0.648651690616534,0.769281642716801
strict_sequence,0,0.03,0.92,random_copy_error,lossRate,100,0.0189873417721519,0.00196677310982651,0.0151324664768919,0.0228422170674119,100,0.00569620253164557,0.00191570644033078,0.00194141790859724,0.00945098715469389
strict_sequence,0,0.03,0.92,random_copy_error,bestFunctionalLineageDepth,100,5.38,0.153596611915495,5.07895064064563,5.68104935935437,100,5,0.163299316185545,4.67993334027633,5.32006665972367
strict_sequence,0,0.03,0.92,random_copy_error,bestStructuralLineageDepth,100,7.11,0.139185944953962,6.83719554789023,7.38280445210977,100,6.21,0.153277328375528,5.90957643638397,6.51042356361603
strict_sequence,0,0.03,0.92,random_copy_error,finalMeanComponentAccuracy,100,0.852633333333333,0.0203867926151053,0.812675219807727,0.89259144685894,100,0.712366666666667,0.0209523158587034,0.671300127583608,0.753433205749725
strict_sequence,0,0.03,0.92,random_copy_error,finalExactTargetFraction,100,0.528666666666667,0.0465559533263304,0.437416998147059,0.619916335186274,100,0.528666666666667,0.0465559533263304,0.437416998147059,0.619916335186274
strict_sequence,0,0.03,0.92,greedy_acceptance,finalMean,100,0.12606,0.00833945550198481,0.10971466721611,0.14240533278389,100,0.08959,0.00845326208294012,0.0730216063174374,0.106158393682563
strict_sequence,0,0.03,0.92,greedy_acceptance,lossRate,100,0,0,0,0,100,-0.0132911392405063,0.00128957387602718,-0.0158187040375196,-0.0107635744434931
strict_sequence,0,0.03,0.92,greedy_acceptance,bestFunctionalLineageDepth,100,1.3,0.103961919990354,1.09623463681891,1.50376536318109,100,0.92,0.11252833537659,0.699444462661884,1.14055553733812
strict_sequence,0,0.03,0.92,greedy_acceptance,bestStructuralLineageDepth,100,1.86,0.11978094484297,1.62522934810778,2.09477065189222,100,0.96,0.127064765161136,0.710953060284174,1.20904693971583
strict_sequence,0,0.03,0.92,greedy_acceptance,finalMeanComponentAccuracy,100,0.338866666666667,0.0127458291851163,0.313884841463839,0.363848491869495,100,0.1986,0.016081804065395,0.167079664031826,0.230120335968174
strict_sequence,0,0.03,0.92,greedy_acceptance,finalExactTargetFraction,100,0,0,0,0,100,0,0,0,0
strict_sequence,0,0.03,0.98,baseline,finalMean,100,0.0570233333333333,0.00930762000920162,0.0387803981152982,0.0752662685513685,NaN,NaN,NaN,NaN,NaN
strict_sequence,0,0.03,0.98,baseline,lossRate,100,0.00911392405063291,0.0010347919932471,0.0070857317438686,0.0111421163573972,NaN,NaN,NaN,NaN,NaN
strict_sequence,0,0.03,0.98,baseline,bestFunctionalLineageDepth,100,0.41,0.0697687377532142,0.2732532740037,0.5467467259963,NaN,NaN,NaN,NaN,NaN
strict_sequence,0,0.03,0.98,baseline,bestStructuralLineageDepth,100,0.89,0.0919980236941879,0.709683873559392,1.07031612644061,NaN,NaN,NaN,NaN,NaN
strict_sequence,0,0.03,0.98,baseline,finalMeanComponentAccuracy,100,0.256466666666667,0.0158733638922887,0.225354873437781,0.287578459895552,NaN,NaN,NaN,NaN,NaN
strict_sequence,0,0.03,0.98,baseline,finalExactTargetFraction,100,0,0,0,0,NaN,NaN,NaN,NaN,NaN
strict_sequence,0,0.03,0.98,random_demonstrator,finalMean,100,0.04281,0.0075565674530357,0.02799912779205,0.05762087220795,100,-0.0142133333333333,0.00684421244523507,-0.0276279897259941,-0.000798676940672606
strict_sequence,0,0.03,0.98,random_demonstrator,lossRate,100,0.0107594936708861,0.00117118409211907,0.00846397285033271,0.0130550144914394,100,0.00164556962025316,0.000817679121909804,4.29185413099479e-05,0.00324822069919638
strict_sequence,0,0.03,0.98,random_demonstrator,bestFunctionalLineageDepth,100,0.34,0.0589812502307969,0.224396749547638,0.455603250452362,100,-0.07,0.0536637492148841,-0.175180948461173,0.0351809484611728
strict_sequence,0,0.03,0.98,random_demonstrator,bestStructuralLineageDepth,100,0.84,0.0837504711278773,0.675849076589361,1.00415092341064,100,-0.05,0.0672324476737387,-0.181775597440528,0.0817755974405279
strict_sequence,0,0.03,0.98,random_demonstrator,finalMeanComponentAccuracy,100,0.2207,0.0148425552992552,0.19160859161346,0.24979140838654,100,-0.0357666666666667,0.0104025438268524,-0.0561556525672973,-0.015377680766036
strict_sequence,0,0.03,0.98,random_demonstrator,finalExactTargetFraction,100,0,0,0,0,100,0,0,0,0
strict_sequence,0,0.03,0.98,random_copy_error,finalMean,100,0.316546666666667,0.0322665120624061,0.253304303024351,0.379789030308983,100,0.259523333333333,0.0294856438483842,0.2017314713905,0.317315195276166
strict_sequence,0,0.03,0.98,random_copy_error,lossRate,100,0.0162025316455696,0.00163990448328026,0.0129883188583403,0.0194167444327989,100,0.00708860759493671,0.00149795782599519,0.00415261025598613,0.0100246049338873
strict_sequence,0,0.03,0.98,random_copy_error,bestFunctionalLineageDepth,100,2.9,0.163608302869007,2.57932772637675,3.22067227362325,100,2.49,0.15795089378818,2.18041624817517,2.79958375182483
strict_sequence,0,0.03,0.98,random_copy_error,bestStructuralLineageDepth,100,4.23,0.176300363532859,3.8844512874756,4.5755487125244,100,3.34,0.180470764861506,2.98627730087145,3.69372269912855
strict_sequence,0,0.03,0.98,random_copy_error,finalMeanComponentAccuracy,100,0.561766666666667,0.0259505467268201,0.510903595082099,0.612629738251234,100,0.3053,0.021311915542901,0.263528645535914,0.347071354464086
strict_sequence,0,0.03,0.98,random_copy_error,finalExactTargetFraction,100,0.108333333333333,0.0302825267334937,0.0489795809356858,0.167687085730981,100,0.108333333333333,0.0302825267334937,0.0489795809356858,0.167687085730981
strict_sequence,0,0.03,0.98,greedy_acceptance,finalMean,100,0.157163333333333,0.0132431635329006,0.131206732808848,0.183119933857818,100,0.10014,0.0132872183842433,0.0740970519668832,0.126182948033117
strict_sequence,0,0.03,0.98,greedy_acceptance,lossRate,100,0,0,0,0,100,-0.00911392405063291,0.0010347919932471,-0.0111421163573972,-0.0070857317438686
strict_sequence,0,0.03,0.98,greedy_acceptance,bestFunctionalLineageDepth,100,1.68,0.121339327191279,1.44217491870509,1.91782508129491,100,1.27,0.133979494888229,1.00740019001907,1.53259980998093
strict_sequence,0,0.03,0.98,greedy_acceptance,bestStructuralLineageDepth,100,2.27,0.139880901722382,1.99583343262413,2.54416656737587,100,1.38,0.15027247978861,1.08546593961432,1.67453406038568
strict_sequence,0,0.03,0.98,greedy_acceptance,finalMeanComponentAccuracy,100,0.409466666666667,0.0157924757261897,0.378513414243335,0.440419919089999,100,0.153,0.0181632143879424,0.117400099799633,0.188599900200367
strict_sequence,0,0.03,0.98,greedy_acceptance,finalExactTargetFraction,100,0,0,0,0,100,0,0,0,0
strict_sequence,0,0.08,0.45,baseline,finalMean,100,3e-05,1.06941984754608e-05,9.03937098809689e-06,5.09606290119031e-05,NaN,NaN,NaN,NaN,NaN
strict_sequence,0,0.08,0.45,baseline,lossRate,100,0.0465822784810127,0.00156723445310634,0.0435104989529243,0.0496540580091011,NaN,NaN,NaN,NaN,NaN
strict_sequence,0,0.08,0.45,baseline,bestFunctionalLineageDepth,100,0.3,0.0502518907629606,0.201506294104597,0.398493705895403,NaN,NaN,NaN,NaN,NaN
strict_sequence,0,0.08,0.45,baseline,bestStructuralLineageDepth,100,1.8,0.0921132372943677,1.61945805490304,1.98054194509696,NaN,NaN,NaN,NaN,NaN
strict_sequence,0,0.08,0.45,baseline,finalMeanComponentAccuracy,100,0.0044,0.000441607104807922,0.00353445007457647,0.00526554992542353,NaN,NaN,NaN,NaN,NaN
strict_sequence,0,0.08,0.45,baseline,finalExactTargetFraction,100,0,0,0,0,NaN,NaN,NaN,NaN,NaN
strict_sequence,0,0.08,0.45,random_demonstrator,finalMean,100,3e-05,1.06941984754608e-05,9.03937098809689e-06,5.09606290119031e-05,100,0,0,0,0
strict_sequence,0,0.08,0.45,random_demonstrator,lossRate,100,0.0460759493670886,0.00155312615132824,0.0430318221104853,0.049120076623692,100,-0.000506329113924051,0.00039907347306912,-0.00128851312113952,0.000275854893291424
strict_sequence,0,0.08,0.45,random_demonstrator,bestFunctionalLineageDepth,100,0.29,0.0498381217928443,0.192317281286025,0.387682718713975,100,-0.01,0.01,-0.0296,0.00959999999999999
strict_sequence,0,0.08,0.45,random_demonstrator,bestStructuralLineageDepth,100,1.8,0.0942809041582064,1.61520942784992,1.98479057215008,100,0,0.014213381090374,-0.0278582269371331,0.0278582269371331
strict_sequence,0,0.08,0.45,random_demonstrator,finalMeanComponentAccuracy,100,0.0044,0.000441607104807922,0.00353445007457647,0.00526554992542353,100,0,0,0,0
strict_sequence,0,0.08,0.45,random_demonstrator,finalExactTargetFraction,100,0,0,0,0,100,0,0,0,0
strict_sequence,0,0.08,0.45,random_copy_error,finalMean,100,0.0153566666666667,0.00173963020310254,0.0119469914685857,0.0187663418647476,100,0.0153266666666667,0.00173760791233655,0.011920955158487,0.0187323781748463
strict_sequence,0,0.08,0.45,random_copy_error,lossRate,100,0.0921518987341773,0.00369192284459533,0.0849157299587704,0.0993880675095841,100,0.0455696202531646,0.00407898275045905,0.0375748140622648,0.0535644264440643
strict_sequence,0,0.08,0.45,random_copy_error,bestFunctionalLineageDepth,100,5.94,0.188465359998043,5.57060789440384,6.30939210559616,100,5.64,0.19567030609387,5.25648620005602,6.02351379994398
strict_sequence,0,0.08,0.45,random_copy_error,bestStructuralLineageDepth,100,11.68,0.341677383423946,11.0103123284891,12.3496876715109,100,9.88,0.356265704952431,9.18171921829324,10.5782807817068
strict_sequence,0,0.08,0.45,random_copy_error,finalMeanComponentAccuracy,100,0.230366666666667,0.0043396470450798,0.22186095845831,0.238872374875023,100,0.225966666666667,0.00425803393295383,0.217620920158077,0.234312413175256
strict_sequence,0,0.08,0.45,random_copy_error,finalExactTargetFraction,100,0,0,0,0,100,0,0,0,0
strict_sequence,0,0.08,0.45,greedy_acceptance,finalMean,100,0.0661433333333333,0.00332808764008211,0.0596202815587724,0.0726663851078943,100,0.0661133333333333,0.00332756140002428,0.0595913129892857,0.0726353536773809
strict_sequence,0,0.08,0.45,greedy_acceptance,lossRate,100,0,0,0,0,100,-0.0465822784810127,0.00156723445310634,-0.0496540580091011,-0.0435104989529243
strict_sequence,0,0.08,0.45,greedy_acceptance,bestFunctionalLineageDepth,100,0.91,0.0766666666666666,0.759733333333333,1.06026666666667,100,0.61,0.0952349566582407,0.423339484949848,0.796660515050152
strict_sequence,0,0.08,0.45,greedy_acceptance,bestStructuralLineageDepth,100,1.68,0.102375817851718,1.47934339701063,1.88065660298937,100,-0.12,0.118304520606609,-0.351876860388954,0.111876860388954
strict_sequence,0,0.08,0.45,greedy_acceptance,finalMeanComponentAccuracy,100,0.254966666666667,0.00680553927023407,0.241627809697008,0.268305523636325,100,0.250566666666667,0.00679259103209467,0.237253188243761,0.263880145089572
strict_sequence,0,0.08,0.45,greedy_acceptance,finalExactTargetFraction,100,0,0,0,0,100,0,0,0,0
strict_sequence,0,0.08,0.65,baseline,finalMean,100,0.00336,0.0023406699473589,-0.00122771309682345,0.00794771309682345,NaN,NaN,NaN,NaN,NaN
strict_sequence,0,0.08,0.65,baseline,lossRate,100,0.039873417721519,0.00154114806865833,0.0368527675069487,0.0428940679360893,NaN,NaN,NaN,NaN,NaN
strict_sequence,0,0.08,0.65,baseline,bestFunctionalLineageDepth,100,0.41,0.0552222323842033,0.301764424526962,0.518235575473038,NaN,NaN,NaN,NaN,NaN
strict_sequence,0,0.08,0.65,baseline,bestStructuralLineageDepth,100,1.64,0.0858939915115008,1.47164777663746,1.80835222336254,NaN,NaN,NaN,NaN,NaN
strict_sequence,0,0.08,0.65,baseline,finalMeanComponentAccuracy,100,0.0134333333333333,0.00574474922505851,0.00217362485221866,0.024693041814448,NaN,NaN,NaN,NaN,NaN
strict_sequence,0,0.08,0.65,baseline,finalExactTargetFraction,100,0,0,0,0,NaN,NaN,NaN,NaN,NaN
strict_sequence,0,0.08,0.65,random_demonstrator,finalMean,100,0.00189,0.0013578640303904,-0.000771413499565182,0.00455141349956518,100,-0.00147,0.00102720672096077,-0.00348332517308311,0.000543325173083113
strict_sequence,0,0.08,0.65,random_demonstrator,lossRate,100,0.039873417721519,0.00155161438973386,0.0368322535176406,0.0429145819253974,100,1.56125112837913e-19,0.000440702926470121,-0.000863777735881437,0.000863777735881438
strict_sequence,0,0.08,0.65,random_demonstrator,bestFunctionalLineageDepth,100,0.38,0.0527620922996651,0.276586299092656,0.483413700907344,100,-0.03,0.0222701503353614,-0.0736494946573083,0.0136494946573083
strict_sequence,0,0.08,0.65,random_demonstrator,bestStructuralLineageDepth,100,1.61,0.0863338598322545,1.44078563472878,1.77921436527122,100,-0.03,0.0264193072956086,-0.0817818422993929,0.0217818422993929
strict_sequence,0,0.08,0.65,random_demonstrator,finalMeanComponentAccuracy,100,0.0101,0.00374868626445524,0.00275257492166773,0.0174474250783323,100,-0.00333333333333333,0.00243478348007318,-0.00810550895427676,0.0014388422876101
strict_sequence,0,0.08,0.65,random_demonstrator,finalExactTargetFraction,100,0,0,0,0,100,0,0,0,0
strict_sequence,0,0.08,0.65,random_copy_error,finalMean,100,0.199603333333333,0.0137016794623793,0.17274804158707,0.226458625079597,100,0.196243333333333,0.0134840903509504,0.169814516245471,0.222672150421196
strict_sequence,0,0.08,0.65,random_copy_error,lossRate,100,0.0381012658227848,0.00311361633768388,0.0319985778009244,0.0442039538446452,100,-0.00177215189873418,0.00325852060359626,-0.00815885228178284,0.00461454848431449
strict_sequence,0,0.08,0.65,random_copy_error,bestFunctionalLineageDepth,100,5.22,0.143252267420841,4.93922555585515,5.50077444414485,100,4.81,0.15871644240881,4.49891577287873,5.12108422712127
strict_sequence,0,0.08,0.65,random_copy_error,bestStructuralLineageDepth,100,8.19,0.21774556554183,7.76321869153801,8.61678130846199,100,6.55,0.225798247302428,6.10743543528724,6.99256456471276
strict_sequence,0,0.08,0.65,random_copy_error,finalMeanComponentAccuracy,100,0.5065,0.0159603447273528,0.475217724334388,0.537782275665611,100,0.493066666666666,0.0160919551740724,0.461526434525485,0.524606898807848
strict_sequence,0,0.08,0.65,random_copy_error,finalExactTargetFraction,100,0.00366666666666667,0.00141302264547777,0.000897142281530237,0.0064361910518031,100,0.00366666666666667,0.00141302264547777,0.000897142281530237,0.0064361910518031
strict_sequence,0,0.08,0.65,greedy_acceptance,finalMean,100,0.109273333333333,0.00613659403150637,0.0972456090315808,0.121301057635086,100,0.105913333333333,0.00541519378058228,0.0952995535233921,0.116527113143275
strict_sequence,0,0.08,0.65,greedy_acceptance,lossRate,100,0,0,0,0,100,-0.039873417721519,0.00154114806865833,-0.0428940679360893,-0.0368527675069487
strict_sequence,0,0.08,0.65,greedy_acceptance,bestFunctionalLineageDepth,100,1.64,0.0958955660912411,1.45204469046117,1.82795530953883,100,1.23,0.106225413079161,1.02179819036484,1.43820180963516
strict_sequence,0,0.08,0.65,greedy_acceptance,bestStructuralLineageDepth,100,2.51,0.108706815412704,2.2969346417911,2.7230653582089,100,0.87,0.133828625525711,0.607695893969606,1.13230410603039
strict_sequence,0,0.08,0.65,greedy_acceptance,finalMeanComponentAccuracy,100,0.3216,0.00928673794631364,0.303397993625225,0.339802006374775,100,0.308166666666667,0.00879245352886435,0.290933457750092,0.325399875583241
strict_sequence,0,0.08,0.65,greedy_acceptance,finalExactTargetFraction,100,0,0,0,0,100,0,0,0,0
strict_sequence,0,0.08,0.8,baseline,finalMean,100,0.00405333333333333,0.00152773623451323,0.0010589703136874,0.00704769635297927,NaN,NaN,NaN,NaN,NaN
strict_sequence,0,0.08,0.8,baseline,lossRate,100,0.0331645569620253,0.00163694097658185,0.0299561526479249,0.0363729612761258,NaN,NaN,NaN,NaN,NaN
strict_sequence,0,0.08,0.8,baseline,bestFunctionalLineageDepth,100,0.4,0.0568535243614961,0.288567092251468,0.511432907748532,NaN,NaN,NaN,NaN,NaN
strict_sequence,0,0.08,0.8,baseline,bestStructuralLineageDepth,100,1.6,0.0887625364598594,1.42602542853868,1.77397457146132,NaN,NaN,NaN,NaN,NaN
strict_sequence,0,0.08,0.8,baseline,finalMeanComponentAccuracy,100,0.0296666666666667,0.00593388564750498,0.0180362507975569,0.0412970825357764,NaN,NaN,NaN,NaN,NaN
strict_sequence,0,0.08,0.8,baseline,finalExactTargetFraction,100,0,0,0,0,NaN,NaN,NaN,NaN,NaN
strict_sequence,0,0.08,0.8,random_demonstrator,finalMean,100,0.000693333333333334,0.000291005455419954,0.000122962640710223,0.00126370402595644,100,-0.00336,0.00149642807033849,-0.00629299901786344,-0.000427000982136568
strict_sequence,0,0.08,0.8,random_demonstrator,lossRate,100,0.0360759493670886,0.00163293171125687,0.0328754032130252,0.0392764955211521,100,0.00291139240506329,0.00114998696226737,0.000657417959019249,0.00516536685110733
strict_sequence,0,0.08,0.8,random_demonstrator,bestFunctionalLineageDepth,100,0.36,0.0502920762078176,0.261427530632678,0.458572469367322,100,-0.04,0.0373895680368174,-0.113283553352162,0.0332835533521621
strict_sequence,0,0.08,0.8,random_demonstrator,bestStructuralLineageDepth,100,1.64,0.0847098434407571,1.47396870685612,1.80603129314388,100,0.04,0.0373895680368174,-0.0332835533521621,0.113283553352162
strict_sequence,0,0.08,0.8,random_demonstrator,finalMeanComponentAccuracy,100,0.0157,0.00213426694638434,0.0115168367850867,0.0198831632149133,100,-0.0139666666666667,0.00559876028445435,-0.0249402368241972,-0.00299309650913613
strict_sequence,0,0.08,0.8,random_demonstrator,finalExactTargetFraction,100,0,0,0,0,100,0,0,0,0
strict_sequence,0,0.08,0.8,random_copy_error,finalMean,100,0.628346666666667,0.0275406647285878,0.574366963798635,0.682326369534699,100,0.624293333333333,0.0273035808671792,0.570778314833662,0.677808351833005
strict_sequence,0,0.08,0.8,random_copy_error,lossRate,100,0.0248101265822785,0.00261293851559588,0.0196887670917106,0.0299314860728464,100,-0.00835443037974684,0.00270604994655544,-0.0136582882749955,-0.00305057248449817
strict_sequence,0,0.08,0.8,random_copy_error,bestFunctionalLineageDepth,100,5.95,0.135120597088585,5.68516362970637,6.21483637029363,100,5.55,0.140255898883851,5.27509843818765,5.82490156181235
strict_sequence,0,0.08,0.8,random_copy_error,bestStructuralLineageDepth,100,8.32,0.216435774409972,7.89578588215645,8.74421411784355,100,6.72,0.227005094945715,6.2750700139064,7.1649299860936
strict_sequence,0,0.08,0.8,random_copy_error,finalMeanComponentAccuracy,100,0.7949,0.0181270274612007,0.759371026176047,0.830428973823954,100,0.765233333333334,0.0180321607565156,0.729890298250563,0.800576368416104
strict_sequence,0,0.08,0.8,random_copy_error,finalExactTargetFraction,100,0.262333333333333,0.0326655500393227,0.198308855256261,0.326357811410406,100,0.262333333333333,0.0326655500393227,0.198308855256261,0.326357811410406
strict_sequence,0,0.08,0.8,greedy_acceptance,finalMean,100,0.145216666666667,0.00743413182134601,0.130645768296828,0.159787565036505,100,0.141163333333333,0.00739179709608998,0.126675411024997,0.15565125564167
strict_sequence,0,0.08,0.8,greedy_acceptance,lossRate,100,0,0,0,0,100,-0.0331645569620253,0.00163694097658185,-0.0363729612761258,-0.0299561526479249
strict_sequence,0,0.08,0.8,greedy_acceptance,bestFunctionalLineageDepth,100,2.04,0.107233343223971,1.82982264728102,2.25017735271898,100,1.64,0.121039270695527,1.40276302943677,1.87723697056323
strict_sequence,0,0.08,0.8,greedy_acceptance,bestStructuralLineageDepth,100,3.11,0.115378166097929,2.88385879444806,3.33614120555194,100,1.51,0.140342294394668,1.23492910298645,1.78507089701355
strict_sequence,0,0.08,0.8,greedy_acceptance,finalMeanComponentAccuracy,100,0.376466666666667,0.00990332846585336,0.357056142873594,0.395877190459739,100,0.3468,0.0104933221242437,0.326233088636482,0.367366911363518
strict_sequence,0,0.08,0.8,greedy_acceptance,finalExactTargetFraction,100,0,0,0,0,100,0,0,0,0
strict_sequence,0,0.08,0.92,baseline,finalMean,100,0.0680133333333333,0.0116427257194065,0.0451935909232967,0.09083307574337,NaN,NaN,NaN,NaN,NaN
strict_sequence,0,0.08,0.92,baseline,lossRate,100,0.0168354430379747,0.00168829105685591,0.0135263925665371,0.0201444935094123,NaN,NaN,NaN,NaN,NaN
strict_sequence,0,0.08,0.92,baseline,bestFunctionalLineageDepth,100,0.79,0.0879566008686309,0.617605062297484,0.962394937702516,NaN,NaN,NaN,NaN,NaN
strict_sequence,0,0.08,0.92,baseline,bestStructuralLineageDepth,100,1.79,0.107586000365975,1.57913143928269,2.00086856071731,NaN,NaN,NaN,NaN,NaN
strict_sequence,0,0.08,0.92,baseline,finalMeanComponentAccuracy,100,0.198233333333333,0.0188237411882769,0.161338800604311,0.235127866062356,NaN,NaN,NaN,NaN,NaN
strict_sequence,0,0.08,0.92,baseline,finalExactTargetFraction,100,0,0,0,0,NaN,NaN,NaN,NaN,NaN
strict_sequence,0,0.08,0.92,random_demonstrator,finalMean,100,0.0477666666666667,0.0100455745989749,0.028077340452676,0.0674559928806574,100,-0.0202466666666667,0.00646931567805375,-0.032926525395652,-0.00756680793768132
strict_sequence,0,0.08,0.92,random_demonstrator,lossRate,100,0.020379746835443,0.00170583915046978,0.0170363021005223,0.0237231915703638,100,0.00354430379746836,0.00120798700658863,0.00117664926455464,0.00591195833038207
strict_sequence,0,0.08,0.92,random_demonstrator,bestFunctionalLineageDepth,100,0.64,0.0858939915115008,0.471647776637458,0.808352223362542,100,-0.15,0.0557320429022713,-0.259234804088452,-0.0407651959115482
strict_sequence,0,0.08,0.92,random_demonstrator,bestStructuralLineageDepth,100,1.66,0.109378409037782,1.44561831828595,1.87438168171405,100,-0.13,0.0733815268637038,-0.27382779265286,0.0138277926528595
strict_sequence,0,0.08,0.92,random_demonstrator,finalMeanComponentAccuracy,100,0.152233333333333,0.0173145491976242,0.11829681690599,0.186169849760677,100,-0.046,0.0108866210790363,-0.0673377773149113,-0.0246622226850888
strict_sequence,0,0.08,0.92,random_demonstrator,finalExactTargetFraction,100,0,0,0,0,100,0,0,0,0
strict_sequence,0,0.08,0.92,random_copy_error,finalMean,100,0.77514,0.0316395496796047,0.713126482627975,0.837153517372025,100,0.707126666666667,0.0312829291486063,0.645812125535398,0.768441207797935
strict_sequence,0,0.08,0.92,random_copy_error,lossRate,100,0.02,0.00211491493168556,0.0158547667338963,0.0241452332661037,100,0.00316455696202532,0.00229260846321812,-0.00132895562588219,0.00765806954993283
strict_sequence,0,0.08,0.92,random_copy_error,bestFunctionalLineageDepth,100,5.41,0.147089610562247,5.121704363298,5.698295636702,100,4.62,0.179662984164206,4.26786055103816,4.97213944896184
strict_sequence,0,0.08,0.92,random_copy_error,bestStructuralLineageDepth,100,7.23,0.14484753391345,6.94609883352964,7.51390116647036,100,5.44,0.187120660040898,5.07324350631984,5.80675649368016
strict_sequence,0,0.08,0.92,random_copy_error,finalMeanComponentAccuracy,100,0.866133333333334,0.0207521702514678,0.825459079640457,0.90680758702621,100,0.6679,0.0229619631312689,0.622894552262713,0.712905447737287
strict_sequence,0,0.08,0.92,random_copy_error,finalExactTargetFraction,100,0.587333333333333,0.0456276345271996,0.497903169660022,0.676763497006645,100,0.587333333333333,0.0456276345271996,0.497903169660022,0.676763497006645
strict_sequence,0,0.08,0.92,greedy_acceptance,finalMean,100,0.238913333333333,0.0136607769357051,0.212138210539351,0.265688456127315,100,0.1709,0.0160405130329859,0.139460594455348,0.202339405544652
strict_sequence,0,0.08,0.92,greedy_acceptance,lossRate,100,0,0,0,0,100,-0.0168354430379747,0.00168829105685591,-0.0201444935094123,-0.0135263925665371
strict_sequence,0,0.08,0.92,greedy_acceptance,bestFunctionalLineageDepth,100,2.72,0.133393925626092,2.45854790577286,2.98145209422714,100,1.93,0.159072437600109,1.61821802230379,2.24178197769621
strict_sequence,0,0.08,0.92,greedy_acceptance,bestStructuralLineageDepth,100,3.63,0.139011662907263,3.35753714070177,3.90246285929823,100,1.84,0.166193267072412,1.51426119653807,2.16573880346193
strict_sequence,0,0.08,0.92,greedy_acceptance,finalMeanComponentAccuracy,100,0.480033333333333,0.014431734501379,0.45174713371063,0.508319532956036,100,0.2818,0.0206285311230901,0.241368078998743,0.322231921001257
strict_sequence,0,0.08,0.92,greedy_acceptance,finalExactTargetFraction,100,0,0,0,0,100,0,0,0,0
strict_sequence,0,0.08,0.98,baseline,finalMean,100,0.102023333333333,0.014177686151979,0.0742350684754544,0.129811598191212,NaN,NaN,NaN,NaN,NaN
strict_sequence,0,0.08,0.98,baseline,lossRate,100,0.0146835443037975,0.00156558125174631,0.0116150050503747,0.0177520835572202,NaN,NaN,NaN,NaN,NaN
strict_sequence,0,0.08,0.98,baseline,bestFunctionalLineageDepth,100,1.05,0.0957427107756338,0.862344286879758,1.23765571312024,NaN,NaN,NaN,NaN,NaN
strict_sequence,0,0.08,0.98,baseline,bestStructuralLineageDepth,100,1.98,0.107289846262874,1.76971190132477,2.19028809867523,NaN,NaN,NaN,NaN,NaN
strict_sequence,0,0.08,0.98,baseline,finalMeanComponentAccuracy,100,0.323566666666667,0.0193552212683793,0.285630432980643,0.36150290035269,NaN,NaN,NaN,NaN,NaN
strict_sequence,0,0.08,0.98,baseline,finalExactTargetFraction,100,0,0,0,0,NaN,NaN,NaN,NaN,NaN
strict_sequence,0,0.08,0.98,random_demonstrator,finalMean,100,0.0532733333333334,0.00878117487007094,0.0360622305879943,0.0704844360786724,100,-0.04875,0.00983894934647111,-0.0680343407190834,-0.0294656592809166
strict_sequence,0,0.08,0.98,random_demonstrator,lossRate,100,0.0221518987341772,0.00174782839902175,0.0187261550720946,0.0255776423962598,100,0.00746835443037975,0.00147372139278698,0.00457986050051727,0.0103568483602422
strict_sequence,0,0.08,0.98,random_demonstrator,bestFunctionalLineageDepth,100,0.74,0.0836297757616233,0.576085639507218,0.903914360492782,100,-0.31,0.0787464926267202,-0.464343125548372,-0.155656874451628
strict_sequence,0,0.08,0.98,random_demonstrator,bestStructuralLineageDepth,100,1.79,0.0987753291898623,1.59640035478787,1.98359964521213,100,-0.19,0.0906709000794198,-0.367714964155663,-0.0122850358443372
strict_sequence,0,0.08,0.98,random_demonstrator,finalMeanComponentAccuracy,100,0.2484,0.0161955973566082,0.216656629181048,0.280143370818952,100,-0.0751666666666666,0.0135969210715611,-0.101816631966926,-0.0485167013664069
strict_sequence,0,0.08,0.98,random_demonstrator,finalExactTargetFraction,100,0,0,0,0,100,0,0,0,0
strict_sequence,0,0.08,0.98,random_copy_error,finalMean,100,0.422903333333333,0.0358424242778649,0.352652181748718,0.493154484917948,100,0.32088,0.0302710306707182,0.261548779885392,0.380211220114608
strict_sequence,0,0.08,0.98,random_copy_error,lossRate,100,0.0181012658227848,0.00198931530638957,0.0142022078222612,0.0220003238233084,100,0.00341772151898734,0.00159766207928356,0.000286303843591555,0.00654913919438313
strict_sequence,0,0.08,0.98,random_copy_error,bestFunctionalLineageDepth,100,3.37,0.189978733525411,2.99764168229019,3.74235831770981,100,2.32,0.183611359433809,1.96012173550973,2.67987826449026
strict_sequence,0,0.08,0.98,random_copy_error,bestStructuralLineageDepth,100,4.93,0.172477490845863,4.59194411794211,5.26805588205789,100,2.95,0.185524100642455,2.58637276274079,3.31362723725921
strict_sequence,0,0.08,0.98,random_copy_error,finalMeanComponentAccuracy,100,0.6342,0.0280478835394718,0.579226148262635,0.689173851737365,100,0.310633333333333,0.0212611201510777,0.268961537837221,0.352305128829446
strict_sequence,0,0.08,0.98,random_copy_error,finalExactTargetFraction,100,0.179,0.0370053382869066,0.106469536957663,0.251530463042337,100,0.179,0.0370053382869066,0.106469536957663,0.251530463042337
strict_sequence,0,0.08,0.98,greedy_acceptance,finalMean,100,0.272643333333333,0.0167525412280706,0.239808352526315,0.305478314140352,100,0.17062,0.0196914179806215,0.132024820757982,0.209215179242018
strict_sequence,0,0.08,0.98,greedy_acceptance,lossRate,100,0,0,0,0,100,-0.0146835443037975,0.00156558125174631,-0.0177520835572202,-0.0116150050503747
strict_sequence,0,0.08,0.98,greedy_acceptance,bestFunctionalLineageDepth,100,3,0.14070529413629,2.72421762349287,3.27578237650713,100,1.95,0.170782512765993,1.61526627497865,2.28473372502135
strict_sequence,0,0.08,0.98,greedy_acceptance,bestStructuralLineageDepth,100,3.99,0.138895353384911,3.71776510736558,4.26223489263443,100,2.01,0.163605215890774,1.68933377685408,2.33066622314592
strict_sequence,0,0.08,0.98,greedy_acceptance,finalMeanComponentAccuracy,100,0.5422,0.0149442075006563,0.512909353298714,0.571490646701286,100,0.218633333333333,0.0219421796555382,0.175626661208479,0.261640005458188
strict_sequence,0,0.08,0.98,greedy_acceptance,finalExactTargetFraction,100,0.0103333333333333,0.0100021883127529,-0.00927095575966239,0.0299376224263291,100,0.0103333333333333,0.0100021883127529,-0.00927095575966239,0.0299376224263291
strict_sequence,0,0.15,0.45,baseline,finalMean,100,9e-05,2.26499244962482e-05,4.56061479873534e-05,0.000134393852012647,NaN,NaN,NaN,NaN,NaN
strict_sequence,0,0.15,0.45,baseline,lossRate,100,0.0582278481012659,0.00196265420874047,0.0543810458521346,0.0620746503503972,NaN,NaN,NaN,NaN,NaN
strict_sequence,0,0.15,0.45,baseline,bestFunctionalLineageDepth,100,0.61,0.0633970970880522,0.485741689707418,0.734258310292582,NaN,NaN,NaN,NaN,NaN
strict_sequence,0,0.15,0.45,baseline,bestStructuralLineageDepth,100,2.87,0.126853928563207,2.62136630001611,3.11863369998389,NaN,NaN,NaN,NaN,NaN
strict_sequence,0,0.15,0.45,baseline,finalMeanComponentAccuracy,100,0.00843333333333333,0.000675787772422511,0.00710878929938521,0.00975787736728146,NaN,NaN,NaN,NaN,NaN
strict_sequence,0,0.15,0.45,baseline,finalExactTargetFraction,100,0,0,0,0,NaN,NaN,NaN,NaN,NaN
strict_sequence,0,0.15,0.45,random_demonstrator,finalMean,100,8.33333333333333e-05,2.1904291355759e-05,4.04009222760456e-05,0.000126265744390621,100,-6.66666666666667e-06,4.69017647120966e-06,-1.58594125502376e-05,2.52607921690427e-06
strict_sequence,0,0.15,0.45,random_demonstrator,lossRate,100,0.0579746835443039,0.00193089583757621,0.0541901277026545,0.0617592393859532,100,-0.000253164556962025,0.000539148594731541,-0.00130989580263585,0.000803566688711795
strict_sequence,0,0.15,0.45,random_demonstrator,bestFunctionalLineageDepth,100,0.59,0.0621093854226216,0.468265604571662,0.711734395428338,100,-0.02,0.02,-0.0592,0.0192
strict_sequence,0,0.15,0.45,random_demonstrator,bestStructuralLineageDepth,100,2.84,0.115224857026458,2.61415928022814,3.06584071977186,100,-0.03,0.0521361853052352,-0.132186923198261,0.072186923198261
strict_sequence,0,0.15,0.45,random_demonstrator,finalMeanComponentAccuracy,100,0.00833333333333333,0.000664136613263748,0.00703162557133639,0.00963504109533028,100,-0.0001,5.71488693325885e-05,-0.000212011783891873,1.20117838918734e-05
strict_sequence,0,0.15,0.45,random_demonstrator,finalExactTargetFraction,100,0,0,0,0,100,0,0,0,0
strict_sequence,0,0.15,0.45,random_copy_error,finalMean,100,0.01418,0.00144951263143405,0.0113389552423893,0.0170210447576107,100,0.01409,0.00145237029069017,0.0112433542302473,0.0169366457697527
strict_sequence,0,0.15,0.45,random_copy_error,lossRate,100,0.0859493670886076,0.00371471439435091,0.0786685268756798,0.0932302073015354,100,0.0277215189873418,0.00388675247032189,0.0201034841455109,0.0353395538291726
strict_sequence,0,0.15,0.45,random_copy_error,bestFunctionalLineageDepth,100,5.83,0.196461114974363,5.44493621465025,6.21506378534975,100,5.22,0.209173457574176,4.81002002315462,5.62997997684538
strict_sequence,0,0.15,0.45,random_copy_error,bestStructuralLineageDepth,100,11.25,0.30891632027022,10.6445240122704,11.8554759877296,100,8.38,0.342828401873755,7.70805633232744,9.05194366767256
strict_sequence,0,0.15,0.45,random_copy_error,finalMeanComponentAccuracy,100,0.232966666666667,0.00407419819217118,0.224981238210011,0.240952095123322,100,0.224533333333333,0.00412746406355762,0.21644350376876,0.232623162897906
strict_sequence,0,0.15,0.45,random_copy_error,finalExactTargetFraction,100,0,0,0,0,100,0,0,0,0
strict_sequence,0,0.15,0.45,greedy_acceptance,finalMean,100,0.0736066666666667,0.00312509620053947,0.0674814781136093,0.0797318552197241,100,0.0735166666666667,0.00312025127409124,0.0674009741694479,0.0796323591638855
strict_sequence,0,0.15,0.45,greedy_acceptance,lossRate,100,0,0,0,0,100,-0.0582278481012659,0.00196265420874047,-0.0620746503503972,-0.0543810458521346
strict_sequence,0,0.15,0.45,greedy_acceptance,bestFunctionalLineageDepth,100,1.59,0.0726065917924618,1.44769108008678,1.73230891991323,100,0.98,0.0984526753975192,0.787032756220862,1.17296724377914
strict_sequence,0,0.15,0.45,greedy_acceptance,bestStructuralLineageDepth,100,2.69,0.122840949971494,2.44923173805587,2.93076826194413,100,-0.18,0.178874144570867,-0.5305933233589,0.1705933233589
strict_sequence,0,0.15,0.45,greedy_acceptance,finalMeanComponentAccuracy,100,0.276933333333333,0.00605524139672524,0.265065060195752,0.288801606470915,100,0.2685,0.00599876062770156,0.256742429169705,0.280257570830295
strict_sequence,0,0.15,0.45,greedy_acceptance,finalExactTargetFraction,100,0,0,0,0,100,0,0,0,0
strict_sequence,0,0.15,0.65,baseline,finalMean,100,0.00261666666666667,0.00164947616076689,-0.000616306608436433,0.00584963994176977,NaN,NaN,NaN,NaN,NaN
strict_sequence,0,0.15,0.65,baseline,lossRate,100,0.0481012658227849,0.0015581201389789,0.0450473503503862,0.0511551812951835,NaN,NaN,NaN,NaN,NaN
strict_sequence,0,0.15,0.65,baseline,bestFunctionalLineageDepth,100,0.71,0.0700576962801433,0.572686915290919,0.847313084709081,NaN,NaN,NaN,NaN,NaN
strict_sequence,0,0.15,0.65,baseline,bestStructuralLineageDepth,100,2.66,0.106571927624378,2.45111902185622,2.86888097814378,NaN,NaN,NaN,NaN,NaN
strict_sequence,0,0.15,0.65,baseline,finalMeanComponentAccuracy,100,0.0209,0.00506519892793694,0.0109722101012436,0.0308277898987564,NaN,NaN,NaN,NaN,NaN
strict_sequence,0,0.15,0.65,baseline,finalExactTargetFraction,100,0,0,0,0,NaN,NaN,NaN,NaN,NaN
strict_sequence,0,0.15,0.65,random_demonstrator,finalMean,100,0.000773333333333334,0.000553367002342664,-0.000311265991258288,0.00185793265792495,100,-0.00184333333333333,0.0013030005516923,-0.00439721441465024,0.000710547747983573
strict_sequence,0,0.15,0.65,random_demonstrator,lossRate,100,0.049746835443038,0.0016612318101156,0.0464908210952114,0.0530028497908646,100,0.00164556962025316,0.000734247755738917,0.000206444019004888,0.00308469522150144
strict_sequence,0,0.15,0.65,random_demonstrator,bestFunctionalLineageDepth,100,0.68,0.0708961397134049,0.541043566161726,0.818956433838274,100,-0.03,0.0222701503353613,-0.0736494946573082,0.0136494946573082
strict_sequence,0,0.15,0.65,random_demonstrator,bestStructuralLineageDepth,100,2.61,0.110914472464238,2.39260763397009,2.82739236602991,100,-0.05,0.0385992097056273,-0.125654451023029,0.0256544510230294
strict_sequence,0,0.15,0.65,random_demonstrator,finalMeanComponentAccuracy,100,0.0159666666666667,0.00271144848041648,0.0106522276450504,0.021281105688283,100,-0.00493333333333333,0.0036580799364624,-0.0121031700087996,0.00223650334213298
strict_sequence,0,0.15,0.65,random_demonstrator,finalExactTargetFraction,100,0,0,0,0,100,0,0,0,0
strict_sequence,0,0.15,0.65,random_copy_error,finalMean,100,0.19919,0.0140224769502548,0.171705945177501,0.226674054822499,100,0.196573333333333,0.0139098993243792,0.16930993065755,0.223836736009117
strict_sequence,0,0.15,0.65,random_copy_error,lossRate,100,0.0356962025316456,0.00310260285507648,0.0296151009356957,0.0417773041275955,100,-0.0124050632911392,0.00330272468340374,-0.0188784036706106,-0.00593172291166792
strict_sequence,0,0.15,0.65,random_copy_error,bestFunctionalLineageDepth,100,5.31,0.156795562707777,5.00268069709276,5.61731930290724,100,4.6,0.173496426767268,4.25994700353615,4.94005299646385
strict_sequence,0,0.15,0.65,random_copy_error,bestStructuralLineageDepth,100,8.81,0.269565681357358,8.28165126453958,9.33834873546042,100,6.15,0.278297493609797,5.6045369125248,6.6954630874752
strict_sequence,0,0.15,0.65,random_copy_error,finalMeanComponentAccuracy,100,0.505233333333333,0.0150740227416626,0.475688248759675,0.534778417906992,100,0.484333333333333,0.015232246201879,0.454478130777651,0.514188535889016
strict_sequence,0,0.15,0.65,random_copy_error,finalExactTargetFraction,100,0.00533333333333333,0.00215660705375071,0.00110638350798195,0.00956028315868472,100,0.00533333333333333,0.00215660705375071,0.00110638350798195,0.00956028315868472
strict_sequence,0,0.15,0.65,greedy_acceptance,finalMean,100,0.14085,0.00583022500157786,0.129422758996907,0.152277241003093,100,0.138233333333333,0.00532255961478819,0.127801116488348,0.148665550178318
strict_sequence,0,0.15,0.65,greedy_acceptance,lossRate,100,0,0,0,0,100,-0.0481012658227849,0.0015581201389789,-0.0511551812951835,-0.0450473503503862
strict_sequence,0,0.15,0.65,greedy_acceptance,bestFunctionalLineageDepth,100,2.41,0.09,2.2336,2.5864,100,1.7,0.118492210884952,1.46775526666549,1.93224473333451
strict_sequence,0,0.15,0.65,greedy_acceptance,bestStructuralLineageDepth,100,3.48,0.108692876556568,3.26696196194913,3.69303803805087,100,0.82,0.157236230949588,0.511816987338807,1.12818301266119
strict_sequence,0,0.15,0.65,greedy_acceptance,finalMeanComponentAccuracy,100,0.376333333333334,0.00760670446789889,0.361424192576252,0.391242474090415,100,0.355433333333333,0.0073804204528337,0.340967709245779,0.369898957420888
strict_sequence,0,0.15,0.65,greedy_acceptance,finalExactTargetFraction,100,0,0,0,0,100,0,0,0,0
strict_sequence,0,0.15,0.8,baseline,finalMean,100,0.0175633333333333,0.00530719752475626,0.00716122618481107,0.0279654404818556,NaN,NaN,NaN,NaN,NaN
strict_sequence,0,0.15,0.8,baseline,lossRate,100,0.0415189873417722,0.00236012773179181,0.0368931369874602,0.0461448376960841,NaN,NaN,NaN,NaN,NaN
strict_sequence,0,0.15,0.8,baseline,bestFunctionalLineageDepth,100,0.77,0.0708605117199426,0.631113397028912,0.908886602971088,NaN,NaN,NaN,NaN,NaN
strict_sequence,0,0.15,0.8,baseline,bestStructuralLineageDepth,100,2.63,0.0991427906067452,2.43568013041078,2.82431986958922,NaN,NaN,NaN,NaN,NaN
strict_sequence,0,0.15,0.8,baseline,finalMeanComponentAccuracy,100,0.0677666666666666,0.0123375691151976,0.0435850312008793,0.091948302132454,NaN,NaN,NaN,NaN,NaN
strict_sequence,0,0.15,0.8,baseline,finalExactTargetFraction,100,0,0,0,0,NaN,NaN,NaN,NaN,NaN
strict_sequence,0,0.15,0.8,random_demonstrator,finalMean,100,0.00593333333333333,0.00262515672131167,0.000788026159562466,0.0110786405071042,100,-0.01163,0.00413823673256738,-0.0197409439958321,-0.00351905600416794
strict_sequence,0,0.15,0.8,random_demonstrator,lossRate,100,0.0462025316455697,0.00210874546665123,0.0420693905309332,0.0503356727602061,100,0.00468354430379747,0.00128050556164502,0.00217375340297323,0.00719333520462171
strict_sequence,0,0.15,0.8,random_demonstrator,bestFunctionalLineageDepth,100,0.67,0.0667499479816693,0.539170101955928,0.800829898044072,100,-0.1,0.0414387707005374,-0.181219990573053,-0.0187800094269467
strict_sequence,0,0.15,0.8,random_demonstrator,bestStructuralLineageDepth,100,2.54,0.103884162372901,2.33638704174911,2.74361295825089,100,-0.09,0.0753376239057058,-0.237661742855183,0.0576617428551833
strict_sequence,0,0.15,0.8,random_demonstrator,finalMeanComponentAccuracy,100,0.0390333333333333,0.00703323758851007,0.0252481876598536,0.0528184790068131,100,-0.0287333333333333,0.00896617662286012,-0.0463070395141392,-0.0111596271525275
strict_sequence,0,0.15,0.8,random_demonstrator,finalExactTargetFraction,100,0,0,0,0,100,0,0,0,0
strict_sequence,0,0.15,0.8,random_copy_error,finalMean,100,0.657743333333333,0.0244946261107467,0.60973386615627,0.705752800510397,100,0.64018,0.0244151520634335,0.59232630195567,0.68803369804433
strict_sequence,0,0.15,0.8,random_copy_error,lossRate,100,0.020379746835443,0.00228921734225202,0.0158928808446291,0.024866612826257,100,-0.0211392405063291,0.00283363756973996,-0.0266931701430194,-0.0155853108696388
strict_sequence,0,0.15,0.8,random_copy_error,bestFunctionalLineageDepth,100,6.08,0.141192611475791,5.80326248150745,6.35673751849255,100,5.31,0.157438459999038,5.00142061840188,5.61857938159811
strict_sequence,0,0.15,0.8,random_copy_error,bestStructuralLineageDepth,100,8.5,0.220879783565357,8.0670756242119,8.9329243757881,100,5.87,0.242734838909049,5.39423971573826,6.34576028426174
strict_sequence,0,0.15,0.8,random_copy_error,finalMeanComponentAccuracy,100,0.823533333333334,0.0155034350489335,0.793146600637424,0.853920066029243,100,0.755766666666666,0.018264108978203,0.719969013069388,0.791564320263944
strict_sequence,0,0.15,0.8,random_copy_error,finalExactTargetFraction,100,0.274333333333333,0.0298400336700147,0.215846867340105,0.332819799326562,100,0.274333333333333,0.0298400336700147,0.215846867340105,0.332819799326562
strict_sequence,0,0.15,0.8,greedy_acceptance,finalMean,100,0.239486666666667,0.0100794469456175,0.219730950653256,0.259242382680077,100,0.221923333333333,0.0103742589745236,0.201589785743267,0.2422568809234
strict_sequence,0,0.15,0.8,greedy_acceptance,lossRate,100,0,0,0,0,100,-0.0415189873417722,0.00236012773179181,-0.0461448376960841,-0.0368931369874602
strict_sequence,0,0.15,0.8,greedy_acceptance,bestFunctionalLineageDepth,100,3.19,0.103176812053167,2.98777344837579,3.39222655162421,100,2.42,0.125673940790998,2.17367907604964,2.66632092395036
strict_sequence,0,0.15,0.8,greedy_acceptance,bestStructuralLineageDepth,100,4.53,0.123464303923986,4.28800996430899,4.77199003569101,100,1.9,0.132192085522347,1.6409035123762,2.1590964876238
strict_sequence,0,0.15,0.8,greedy_acceptance,finalMeanComponentAccuracy,100,0.490966666666666,0.0101997221634218,0.47097521122636,0.510958122106973,100,0.4232,0.0141248179671037,0.395515356784477,0.450884643215523
strict_sequence,0,0.15,0.8,greedy_acceptance,finalExactTargetFraction,100,0,0,0,0,100,0,0,0,0
strict_sequence,0,0.15,0.92,baseline,finalMean,100,0.102783333333333,0.0172938227328085,0.0688874407770287,0.136679225889638,NaN,NaN,NaN,NaN,NaN
strict_sequence,0,0.15,0.92,baseline,lossRate,100,0.0206329113924051,0.00204863667849987,0.0166175835025453,0.0246482392822648,NaN,NaN,NaN,NaN,NaN
strict_sequence,0,0.15,0.92,baseline,bestFunctionalLineageDepth,100,1.56,0.127382348173766,1.31033059757942,1.80966940242058,NaN,NaN,NaN,NaN,NaN
strict_sequence,0,0.15,0.92,baseline,bestStructuralLineageDepth,100,2.96,0.116272059924953,2.73210676254709,3.18789323745291,NaN,NaN,NaN,NaN,NaN
strict_sequence,0,0.15,0.92,baseline,finalMeanComponentAccuracy,100,0.2466,0.0232214237937267,0.201086009364296,0.292113990635704,NaN,NaN,NaN,NaN,NaN
strict_sequence,0,0.15,0.92,baseline,finalExactTargetFraction,100,0.011,0.010039819709436,-0.00867804663049461,0.0306780466304946,NaN,NaN,NaN,NaN,NaN
strict_sequence,0,0.15,0.92,random_demonstrator,finalMean,100,0.0550933333333333,0.014080843287929,0.0274948804889925,0.0826917861776741,100,-0.04769,0.0117574670067691,-0.0707346353332674,-0.0246453646667326
strict_sequence,0,0.15,0.92,random_demonstrator,lossRate,100,0.0293670886075949,0.00215809482743366,0.025137222745825,0.0335969544693649,100,0.00873417721518987,0.00177830593472962,0.00524869758311983,0.0122196568472599
strict_sequence,0,0.15,0.92,random_demonstrator,bestFunctionalLineageDepth,100,1.02,0.0864332521122922,0.850590825859907,1.18940917414009,100,-0.54,0.105810961605873,-0.747389484747512,-0.332610515252488
strict_sequence,0,0.15,0.92,random_demonstrator,bestStructuralLineageDepth,100,2.68,0.096274019697356,2.49130292139318,2.86869707860682,100,-0.28,0.0964836302648844,-0.469107915319173,-0.0908920846808266
strict_sequence,0,0.15,0.92,random_demonstrator,finalMeanComponentAccuracy,100,0.1623,0.0188316241291097,0.125390016706945,0.199209983293055,100,-0.0843,0.0165910943211836,-0.11681854486952,-0.0517814551304801
strict_sequence,0,0.15,0.92,random_demonstrator,finalExactTargetFraction,100,0.01,0.01,-0.00959999999999999,0.0296,100,-0.001,0.000999999999999999,-0.00296,0.000959999999999998
strict_sequence,0,0.15,0.92,random_copy_error,finalMean,100,0.777856666666667,0.0281470673766907,0.722688414608353,0.833024918724981,100,0.675073333333333,0.0279584410114994,0.620274788950794,0.729871877715872
strict_sequence,0,0.15,0.92,random_copy_error,lossRate,100,0.0168354430379747,0.00192984779320977,0.0130529413632835,0.0206179447126658,100,-0.00379746835443038,0.00219983904241499,-0.00810915287756375,0.000514216168702991
strict_sequence,0,0.15,0.92,random_copy_error,bestFunctionalLineageDepth,100,5.45,0.128216199988121,5.19869624802328,5.70130375197672,100,3.89,0.202457128520803,3.49318402809923,4.28681597190077
strict_sequence,0,0.15,0.92,random_copy_error,bestStructuralLineageDepth,100,7.48,0.170252337974721,7.14630541756955,7.81369458243045,100,4.52,0.225845213821459,4.07734338090994,4.96265661909006
strict_sequence,0,0.15,0.92,random_copy_error,finalMeanComponentAccuracy,100,0.876433333333333,0.0167069718035986,0.84368766859828,0.909178998068387,100,0.629833333333333,0.0233460463202633,0.584075082545617,0.675591584121049
strict_sequence,0,0.15,0.92,random_copy_error,finalExactTargetFraction,100,0.554666666666667,0.0463881056003549,0.463745979689971,0.645587353643362,100,0.543666666666667,0.0464296409639886,0.452664570377249,0.634668762956084
strict_sequence,0,0.15,0.92,greedy_acceptance,finalMean,100,0.399393333333333,0.0198007331202349,0.360583896417673,0.438202770248993,100,0.29661,0.0215887872833014,0.254295976924729,0.338924023075271
strict_sequence,0,0.15,0.92,greedy_acceptance,lossRate,100,0,0,0,0,100,-0.0206329113924051,0.00204863667849987,-0.0246482392822648,-0.0166175835025453
strict_sequence,0,0.15,0.92,greedy_acceptance,bestFunctionalLineageDepth,100,4.14,0.13634477984103,3.87276423151158,4.40723576848842,100,2.58,0.178761169037226,2.22962810868704,2.93037189131296
strict_sequence,0,0.15,0.92,greedy_acceptance,bestStructuralLineageDepth,100,5.28,0.137862469896853,5.00978955900217,5.55021044099783,100,2.32,0.163842743032593,1.99886822365612,2.64113177634388
strict_sequence,0,0.15,0.92,greedy_acceptance,finalMeanComponentAccuracy,100,0.627,0.0152755829461083,0.597059857425628,0.656940142574372,100,0.3804,0.0228440415795944,0.335625678503995,0.425174321496005
strict_sequence,0,0.15,0.92,greedy_acceptance,finalExactTargetFraction,100,0.0146666666666667,0.00888029887971355,-0.00273871913757189,0.0320720524709052,100,0.00366666666666667,0.0133744735675793,-0.0225473015257887,0.029880634859122
strict_sequence,0,0.15,0.98,baseline,finalMean,100,0.244046666666667,0.0297706432807019,0.185696205836491,0.302397127496842,NaN,NaN,NaN,NaN,NaN
strict_sequence,0,0.15,0.98,baseline,lossRate,100,0.0148101265822785,0.00145114446557268,0.011965883429756,0.0176543697348009,NaN,NaN,NaN,NaN,NaN
strict_sequence,0,0.15,0.98,baseline,bestFunctionalLineageDepth,100,2.33,0.163950596155665,2.0086568315349,2.6513431684651,NaN,NaN,NaN,NaN,NaN
strict_sequence,0,0.15,0.98,baseline,bestStructuralLineageDepth,100,3.51,0.15795089378818,3.20041624817517,3.81958375182483,NaN,NaN,NaN,NaN,NaN
strict_sequence,0,0.15,0.98,baseline,finalMeanComponentAccuracy,100,0.442433333333333,0.0280019582047339,0.387549495252055,0.497317171414612,NaN,NaN,NaN,NaN,NaN
strict_sequence,0,0.15,0.98,baseline,finalExactTargetFraction,100,0.07,0.023241763562882,0.0244461434167513,0.115553856583249,NaN,NaN,NaN,NaN,NaN
strict_sequence,0,0.15,0.98,random_demonstrator,finalMean,100,0.141686666666667,0.0197998485522896,0.102878963504179,0.180494369829154,100,-0.10236,0.021751096147411,-0.144992148448926,-0.0597278515510745
strict_sequence,0,0.15,0.98,random_demonstrator,lossRate,100,0.0194936708860759,0.00189057617509733,0.0157881415828852,0.0231992001892667,100,0.00468354430379747,0.00150157302403237,0.00174046117669403,0.00762662743090091
strict_sequence,0,0.15,0.98,random_demonstrator,bestFunctionalLineageDepth,100,1.65,0.125830573921179,1.40337207511449,1.89662792488551,100,-0.68,0.116237305161085,-0.907825118115726,-0.452174881884274
strict_sequence,0,0.15,0.98,random_demonstrator,bestStructuralLineageDepth,100,2.97,0.14316410023452,2.68939836354034,3.25060163645966,100,-0.54,0.134404785869576,-0.803433380304368,-0.276566619695632
strict_sequence,0,0.15,0.98,random_demonstrator,finalMeanComponentAccuracy,100,0.352366666666667,0.0228220705098574,0.307635408467346,0.397097924865987,100,-0.0900666666666667,0.0184010674067008,-0.1261327587838,-0.054000574549533
strict_sequence,0,0.15,0.98,random_demonstrator,finalExactTargetFraction,100,0.011,0.010017437098166,-0.0086341767124054,0.0306341767124054,100,-0.059,0.0212243375115888,-0.100599701522714,-0.017400298477286
strict_sequence,0,0.15,0.98,random_copy_error,finalMean,100,0.5414,0.0389352897783419,0.46508683203445,0.61771316796555,100,0.297353333333333,0.0317958562053203,0.235033455170906,0.359673211495761
strict_sequence,0,0.15,0.98,random_copy_error,lossRate,100,0.0155696202531646,0.00170545959010451,0.0122269194565597,0.0189123210497694,100,0.000759493670886076,0.00160740816842178,-0.00239102633922062,0.00391001368099277
strict_sequence,0,0.15,0.98,random_copy_error,bestFunctionalLineageDepth,100,4.2,0.169371983181601,3.86803091296406,4.53196908703594,100,1.87,0.18348753845337,1.5103644246314,2.2296355753686
strict_sequence,0,0.15,0.98,random_copy_error,bestStructuralLineageDepth,100,5.62,0.168642829792446,5.28946005360681,5.95053994639319,100,2.11,0.199946962664572,1.71810395317744,2.50189604682256
strict_sequence,0,0.15,0.98,random_copy_error,finalMeanComponentAccuracy,100,0.710033333333333,0.0280539201443536,0.6550476498504,0.765019016816266,100,0.2676,0.0238776849460713,0.2207997375057,0.3144002624943
strict_sequence,0,0.15,0.98,random_copy_error,finalExactTargetFraction,100,0.329333333333333,0.0455919539241988,0.239973103641904,0.418693563024763,100,0.259333333333333,0.041037553631775,0.178899728215054,0.339766938451612
strict_sequence,0,0.15,0.98,greedy_acceptance,finalMean,100,0.62188,0.0272976865856668,0.568376534292093,0.675383465707907,100,0.377833333333333,0.031552845416413,0.315989756317164,0.439676910349503
strict_sequence,0,0.15,0.98,greedy_acceptance,lossRate,100,0,0,0,0,100,-0.0148101265822785,0.00145114446557268,-0.0176543697348009,-0.011965883429756
strict_sequence,0,0.15,0.98,greedy_acceptance,bestFunctionalLineageDepth,100,5.04,0.143491808093351,4.75875605613703,5.32124394386297,100,2.71,0.196069973079598,2.32570285276399,3.09429714723601
strict_sequence,0,0.15,0.98,greedy_acceptance,bestStructuralLineageDepth,100,5.94,0.128566297797257,5.68801005631738,6.19198994368262,100,2.43,0.200632837176608,2.03675963913385,2.82324036086615
strict_sequence,0,0.15,0.98,greedy_acceptance,finalMeanComponentAccuracy,100,0.787633333333333,0.0164131079394929,0.755463641771927,0.81980302489474,100,0.3452,0.0272403905564062,0.291808834509444,0.398591165490556
strict_sequence,0,0.15,0.98,greedy_acceptance,finalExactTargetFraction,100,0.234333333333333,0.0405336318215131,0.154887414963168,0.313779251703499,100,0.164333333333333,0.0416798093750421,0.0826409069582509,0.246025759708416
strict_sequence,0.6,0,0.45,baseline,finalMean,100,0.00587,0.00252909842291125,0.000912967091093954,0.010827032908906,NaN,NaN,NaN,NaN,NaN
strict_sequence,0.6,0,0.45,baseline,lossRate,100,0.0178481012658228,0.00105054741057302,0.0157890283410997,0.0199071741905459,NaN,NaN,NaN,NaN,NaN
strict_sequence,0.6,0,0.45,baseline,bestFunctionalLineageDepth,100,0,0,0,0,NaN,NaN,NaN,NaN,NaN
strict_sequence,0.6,0,0.45,baseline,bestStructuralLineageDepth,100,0,0,0,0,NaN,NaN,NaN,NaN,NaN
strict_sequence,0.6,0,0.45,baseline,finalMeanComponentAccuracy,100,0.0222333333333333,0.0072483683678129,0.00802653133242006,0.0364401353342466,NaN,NaN,NaN,NaN,NaN
strict_sequence,0.6,0,0.45,baseline,finalExactTargetFraction,100,0,0,0,0,NaN,NaN,NaN,NaN,NaN
strict_sequence,0.6,0,0.45,random_demonstrator,finalMean,100,0.00305333333333333,0.00205111297153466,-0.000966848090874604,0.00707351475754127,100,-0.00281666666666667,0.00121572538654427,-0.00519948842429344,-0.000433844909039897
strict_sequence,0.6,0,0.45,random_demonstrator,lossRate,100,0.02,0.000955082315446605,0.0181280386617246,0.0218719613382753,100,0.00215189873417722,0.000805715358837882,0.000572696630854967,0.00373110083749946
strict_sequence,0.6,0,0.45,random_demonstrator,bestFunctionalLineageDepth,100,0,0,0,0,100,0,0,0,0
strict_sequence,0.6,0,0.45,random_demonstrator,bestStructuralLineageDepth,100,0,0,0,0,100,0,0,0,0
strict_sequence,0.6,0,0.45,random_demonstrator,finalMeanComponentAccuracy,100,0.0100666666666667,0.00535328339410898,-0.000425768785786937,0.0205591021191203,100,-0.0121666666666667,0.00449450968226242,-0.020975905643901,-0.00335742768943233
strict_sequence,0.6,0,0.45,random_demonstrator,finalExactTargetFraction,100,0,0,0,0,100,0,0,0,0
strict_sequence,0.6,0,0.45,random_copy_error,finalMean,100,0.638463333333333,0.0224530800943636,0.594455296348381,0.682471370318286,100,0.632593333333333,0.0222863446486907,0.5889120978219,0.676274568844767
strict_sequence,0.6,0,0.45,random_copy_error,lossRate,100,0.0183544303797468,0.00182040184344722,0.0147864427665903,0.0219224179929034,100,0.000506329113924051,0.00201088065903823,-0.00343499697779088,0.00444765520563898
strict_sequence,0.6,0,0.45,random_copy_error,bestFunctionalLineageDepth,100,5.59,0.127995422897963,5.33912897111999,5.84087102888001,100,5.59,0.127995422897963,5.33912897111999,5.84087102888001
strict_sequence,0.6,0,0.45,random_copy_error,bestStructuralLineageDepth,100,7.82,0.208108363380934,7.41210760777337,8.22789239222663,100,7.82,0.208108363380934,7.41210760777337,8.22789239222663
strict_sequence,0.6,0,0.45,random_copy_error,finalMeanComponentAccuracy,100,0.8132,0.0137457202808059,0.786258388249621,0.84014161175038,100,0.790966666666667,0.0146058038523335,0.762339291116093,0.819594042217241
strict_sequence,0.6,0,0.45,random_copy_error,finalExactTargetFraction,100,0.213333333333333,0.0287915999721486,0.156901797387922,0.269764869278745,100,0.213333333333333,0.0287915999721486,0.156901797387922,0.269764869278745
strict_sequence,0.6,0,0.45,greedy_acceptance,finalMean,100,0.0506,0.00423267711449333,0.0423039528555931,0.0588960471444069,100,0.04473,0.00326658659628385,0.0383274902712836,0.0511325097287163
strict_sequence,0.6,0,0.45,greedy_acceptance,lossRate,100,0,0,0,0,100,-0.0178481012658228,0.00105054741057302,-0.0199071741905459,-0.0157890283410997
strict_sequence,0.6,0,0.45,greedy_acceptance,bestFunctionalLineageDepth,100,0,0,0,0,100,0,0,0,0
strict_sequence,0.6,0,0.45,greedy_acceptance,bestStructuralLineageDepth,100,0,0,0,0,100,0,0,0,0
strict_sequence,0.6,0,0.45,greedy_acceptance,finalMeanComponentAccuracy,100,0.208,0.00860819435776227,0.191127939058786,0.224872060941214,100,0.185766666666666,0.00777616938636736,0.170525374669386,0.201007958663947
strict_sequence,0.6,0,0.45,greedy_acceptance,finalExactTargetFraction,100,0,0,0,0,100,0,0,0,0
strict_sequence,0.6,0,0.65,baseline,finalMean,100,0.0146733333333333,0.00301046055069199,0.00877283065397703,0.0205738360126896,NaN,NaN,NaN,NaN,NaN
strict_sequence,0.6,0,0.65,baseline,lossRate,100,0.0113924050632911,0.000943488598101177,0.00954316741101283,0.0132416427155694,NaN,NaN,NaN,NaN,NaN
strict_sequence,0.6,0,0.65,baseline,bestFunctionalLineageDepth,100,0,0,0,0,NaN,NaN,NaN,NaN,NaN
strict_sequence,0.6,0,0.65,baseline,bestStructuralLineageDepth,100,0,0,0,0,NaN,NaN,NaN,NaN,NaN
strict_sequence,0.6,0,0.65,baseline,finalMeanComponentAccuracy,100,0.0611333333333333,0.0103564117216629,0.040834766358874,0.0814319003077927,NaN,NaN,NaN,NaN,NaN
strict_sequence,0.6,0,0.65,baseline,finalExactTargetFraction,100,0,0,0,0,NaN,NaN,NaN,NaN,NaN
strict_sequence,0.6,0,0.65,random_demonstrator,finalMean,100,0.00828,0.0024043671452688,0.00356744039527315,0.0129925596047269,100,-0.00639333333333333,0.00160872606464439,-0.00954643642003633,-0.00324023024663033
strict_sequence,0.6,0,0.65,random_demonstrator,lossRate,100,0.0141772151898734,0.000922322895719856,0.0123694623142625,0.0159849680654843,100,0.00278481012658228,0.000796116551228406,0.0012244216861746,0.00434519856698995
strict_sequence,0.6,0,0.65,random_demonstrator,bestFunctionalLineageDepth,100,0,0,0,0,100,0,0,0,0
strict_sequence,0.6,0,0.65,random_demonstrator,bestStructuralLineageDepth,100,0,0,0,0,100,0,0,0,0
strict_sequence,0.6,0,0.65,random_demonstrator,finalMeanComponentAccuracy,100,0.0361333333333333,0.0082595005324787,0.0199447122896751,0.0523219543769916,100,-0.025,0.00560813502433549,-0.0359919446476976,-0.0140080553523024
strict_sequence,0.6,0,0.65,random_demonstrator,finalExactTargetFraction,100,0,0,0,0,100,0,0,0,0
strict_sequence,0.6,0,0.65,random_copy_error,finalMean,100,0.776106666666667,0.025755629147279,0.725625633538,0.826587699795334,100,0.761433333333334,0.0251192127361677,0.712199676370445,0.810666990296222
strict_sequence,0.6,0,0.65,random_copy_error,lossRate,100,0.0159493670886076,0.00190931713778131,0.0122071054985562,0.019691628678659,100,0.00455696202531646,0.00184815205917592,0.000934583989331648,0.00817934006130126
strict_sequence,0.6,0,0.65,random_copy_error,bestFunctionalLineageDepth,100,5.82,0.138082101181387,5.54935908168448,6.09064091831552,100,5.82,0.138082101181387,5.54935908168448,6.09064091831552
strict_sequence,0.6,0,0.65,random_copy_error,bestStructuralLineageDepth,100,7.79,0.203154417061794,7.39181734255888,8.18818265744112,100,7.79,0.203154417061794,7.39181734255888,8.18818265744112
strict_sequence,0.6,0,0.65,random_copy_error,finalMeanComponentAccuracy,100,0.881766666666667,0.0151894475006822,0.85199534956533,0.911537983768004,100,0.820633333333333,0.0160256314757806,0.789223095640803,0.852043571025863
strict_sequence,0.6,0,0.65,random_copy_error,finalExactTargetFraction,100,0.501,0.041342387951428,0.419968919615201,0.582031080384799,100,0.501,0.041342387951428,0.419968919615201,0.582031080384799
strict_sequence,0.6,0,0.65,greedy_acceptance,finalMean,100,0.0473,0.00398445210610676,0.0394904738720307,0.0551095261279692,100,0.0326266666666667,0.00298858389041259,0.026769042241458,0.0384842910918753
strict_sequence,0.6,0,0.65,greedy_acceptance,lossRate,100,0,0,0,0,100,-0.0113924050632911,0.000943488598101177,-0.0132416427155694,-0.00954316741101283
strict_sequence,0.6,0,0.65,greedy_acceptance,bestFunctionalLineageDepth,100,0,0,0,0,100,0,0,0,0
strict_sequence,0.6,0,0.65,greedy_acceptance,bestStructuralLineageDepth,100,0,0,0,0,100,0,0,0,0
strict_sequence,0.6,0,0.65,greedy_acceptance,finalMeanComponentAccuracy,100,0.201166666666667,0.00838955780328619,0.184723133372226,0.217610199961108,100,0.140033333333333,0.00801660664138192,0.124320784316225,0.155745882350442
strict_sequence,0.6,0,0.65,greedy_acceptance,finalExactTargetFraction,100,0,0,0,0,100,0,0,0,0
strict_sequence,0.6,0,0.8,baseline,finalMean,100,0.02272,0.00347255301858606,0.0159137960835713,0.0295262039164287,NaN,NaN,NaN,NaN,NaN
strict_sequence,0.6,0,0.8,baseline,lossRate,100,0.00873417721518987,0.00105975080504882,0.00665706563729419,0.0108112887930856,NaN,NaN,NaN,NaN,NaN
strict_sequence,0.6,0,0.8,baseline,bestFunctionalLineageDepth,100,0,0,0,0,NaN,NaN,NaN,NaN,NaN
strict_sequence,0.6,0,0.8,baseline,bestStructuralLineageDepth,100,0,0,0,0,NaN,NaN,NaN,NaN,NaN
strict_sequence,0.6,0,0.8,baseline,finalMeanComponentAccuracy,100,0.113033333333333,0.0113969392587173,0.0906953323862475,0.135371334280419,NaN,NaN,NaN,NaN,NaN
strict_sequence,0.6,0,0.8,baseline,finalExactTargetFraction,100,0,0,0,0,NaN,NaN,NaN,NaN,NaN
strict_sequence,0.6,0,0.8,random_demonstrator,finalMean,100,0.01538,0.00303340555654575,0.00943452510917034,0.0213254748908297,100,-0.00734,0.00164468998985781,-0.0105635923801213,-0.00411640761987869
strict_sequence,0.6,0,0.8,random_demonstrator,lossRate,100,0.0115189873417722,0.00105054741057302,0.00945991441704902,0.0135780602664953,100,0.00278481012658228,0.000775520288735196,0.00126479036066129,0.00430482989250326
strict_sequence,0.6,0,0.8,random_demonstrator,bestFunctionalLineageDepth,100,0,0,0,0,100,0,0,0,0
strict_sequence,0.6,0,0.8,random_demonstrator,bestStructuralLineageDepth,100,0,0,0,0,100,0,0,0,0
strict_sequence,0.6,0,0.8,random_demonstrator,finalMeanComponentAccuracy,100,0.0818666666666667,0.0103317930860338,0.0616163522180405,0.102116981115293,100,-0.0311666666666667,0.00668169602184918,-0.0442627908694911,-0.0180705424638423
strict_sequence,0.6,0,0.8,random_demonstrator,finalExactTargetFraction,100,0,0,0,0,100,0,0,0,0
strict_sequence,0.6,0,0.8,random_copy_error,finalMean,100,0.748613333333334,0.0325101820258444,0.684893376562679,0.812333290103989,100,0.725893333333333,0.0315273521993258,0.664099723022655,0.787686943644012
strict_sequence,0.6,0,0.8,random_copy_error,lossRate,100,0.0173417721518987,0.00209550263896143,0.0132345869795343,0.0214489573242631,100,0.00860759493670886,0.00193675440544201,0.00481155630204252,0.0124036335713752
strict_sequence,0.6,0,0.8,random_copy_error,bestFunctionalLineageDepth,100,5.44,0.148609718675625,5.14872495139578,5.73127504860423,100,5.44,0.148609718675625,5.14872495139578,5.73127504860423
strict_sequence,0.6,0,0.8,random_copy_error,bestStructuralLineageDepth,100,7.17,0.153119086156673,6.86988659113292,7.47011340886708,100,7.17,0.153119086156673,6.86988659113292,7.47011340886708
strict_sequence,0.6,0,0.8,random_copy_error,finalMeanComponentAccuracy,100,0.851833333333334,0.0218417106811026,0.809023580398373,0.894643086268295,100,0.7388,0.0208718241063491,0.697891224751556,0.779708775248444
strict_sequence,0.6,0,0.8,random_copy_error,finalExactTargetFraction,100,0.528666666666667,0.0457976322541874,0.438903307448459,0.618430025884874,100,0.528666666666667,0.0457976322541874,0.438903307448459,0.618430025884874
strict_sequence,0.6,0,0.8,greedy_acceptance,finalMean,100,0.0473,0.00363444520101651,0.0401764874060076,0.0544235125939923,100,0.02458,0.00261636745806956,0.0194519197821837,0.0297080802178163
strict_sequence,0.6,0,0.8,greedy_acceptance,lossRate,100,0,0,0,0,100,-0.00873417721518987,0.00105975080504882,-0.0108112887930856,-0.00665706563729419
strict_sequence,0.6,0,0.8,greedy_acceptance,bestFunctionalLineageDepth,100,0,0,0,0,100,0,0,0,0
strict_sequence,0.6,0,0.8,greedy_acceptance,bestStructuralLineageDepth,100,0,0,0,0,100,0,0,0,0
strict_sequence,0.6,0,0.8,greedy_acceptance,finalMeanComponentAccuracy,100,0.207166666666667,0.00790322711793515,0.191676341515514,0.222656991817819,100,0.0941333333333334,0.00849772135563028,0.077477799476298,0.110788867190369
strict_sequence,0.6,0,0.8,greedy_acceptance,finalExactTargetFraction,100,0,0,0,0,100,0,0,0,0
strict_sequence,0.6,0,0.92,baseline,finalMean,100,0.0289833333333333,0.00421152918955551,0.0207287361218045,0.0372379305448621,NaN,NaN,NaN,NaN,NaN
strict_sequence,0.6,0,0.92,baseline,lossRate,100,0.00481012658227848,0.00069168367598227,0.00345442657735323,0.00616582658720373,NaN,NaN,NaN,NaN,NaN
strict_sequence,0.6,0,0.92,baseline,bestFunctionalLineageDepth,100,0,0,0,0,NaN,NaN,NaN,NaN,NaN
strict_sequence,0.6,0,0.92,baseline,bestStructuralLineageDepth,100,0,0,0,0,NaN,NaN,NaN,NaN,NaN
strict_sequence,0.6,0,0.92,baseline,finalMeanComponentAccuracy,100,0.186633333333333,0.0113579150131337,0.164371819907591,0.208894846759075,NaN,NaN,NaN,NaN,NaN
strict_sequence,0.6,0,0.92,baseline,finalExactTargetFraction,100,0,0,0,0,NaN,NaN,NaN,NaN,NaN
strict_sequence,0.6,0,0.92,random_demonstrator,finalMean,100,0.0221333333333333,0.00407171403942556,0.0141527738160592,0.0301138928506074,100,-0.00685,0.00191117203919791,-0.0105958971968279,-0.0031041028031721
strict_sequence,0.6,0,0.92,random_demonstrator,lossRate,100,0.00759493670886076,0.000804609779954087,0.00601790154015075,0.00917197187757077,100,0.00278481012658228,0.000732592675666462,0.00134892848227601,0.00422069177088855
strict_sequence,0.6,0,0.92,random_demonstrator,bestFunctionalLineageDepth,100,0,0,0,0,100,0,0,0,0
strict_sequence,0.6,0,0.92,random_demonstrator,bestStructuralLineageDepth,100,0,0,0,0,100,0,0,0,0
strict_sequence,0.6,0,0.92,random_demonstrator,finalMeanComponentAccuracy,100,0.157866666666667,0.012227227625199,0.133901300521277,0.181832032812057,100,-0.0287666666666667,0.00722022583130157,-0.0429183092960178,-0.0146150240373156
strict_sequence,0.6,0,0.92,random_demonstrator,finalExactTargetFraction,100,0,0,0,0,100,0,0,0,0
strict_sequence,0.6,0,0.92,random_copy_error,finalMean,100,0.45646,0.0364533546572712,0.385011424871749,0.527908575128252,100,0.427476666666667,0.0346525995335591,0.359557571580891,0.495395761752443
strict_sequence,0.6,0,0.92,random_copy_error,lossRate,100,0.0181012658227848,0.00172808565795772,0.0147142179331877,0.021488313712382,100,0.0132911392405063,0.00158259810094946,0.0101892469626454,0.0163930315183673
strict_sequence,0.6,0,0.92,random_copy_error,bestFunctionalLineageDepth,100,3.69,0.186782972424894,3.32390537404721,4.05609462595279,100,3.69,0.186782972424894,3.32390537404721,4.05609462595279
strict_sequence,0.6,0,0.92,random_copy_error,bestStructuralLineageDepth,100,5.09,0.168831396381243,4.75909046309276,5.42090953690724,100,5.09,0.168831396381243,4.75909046309276,5.42090953690724
strict_sequence,0.6,0,0.92,random_copy_error,finalMeanComponentAccuracy,100,0.658033333333333,0.0272725403846945,0.604579154179332,0.711487512487335,100,0.4714,0.0235793276273524,0.425184517850389,0.517615482149611
strict_sequence,0.6,0,0.92,random_copy_error,finalExactTargetFraction,100,0.215333333333333,0.0401887242619149,0.13656343377998,0.294103232886686,100,0.215333333333333,0.0401887242619149,0.13656343377998,0.294103232886686
strict_sequence,0.6,0,0.92,greedy_acceptance,finalMean,100,0.0444,0.00401089425530925,0.0365386472595938,0.0522613527404061,100,0.0154166666666667,0.00186890423251247,0.0117536143709422,0.0190797189623911
strict_sequence,0.6,0,0.92,greedy_acceptance,lossRate,100,0,0,0,0,100,-0.00481012658227848,0.00069168367598227,-0.00616582658720373,-0.00345442657735323
strict_sequence,0.6,0,0.92,greedy_acceptance,bestFunctionalLineageDepth,100,0,0,0,0,100,0,0,0,0
strict_sequence,0.6,0,0.92,greedy_acceptance,bestStructuralLineageDepth,100,0,0,0,0,100,0,0,0,0
strict_sequence,0.6,0,0.92,greedy_acceptance,finalMeanComponentAccuracy,100,0.2157,0.00905876747896395,0.197944815741231,0.233455184258769,100,0.0290666666666667,0.00902858411317436,0.0113706418048449,0.0467626915284884
strict_sequence,0.6,0,0.92,greedy_acceptance,finalExactTargetFraction,100,0,0,0,0,100,0,0,0,0
strict_sequence,0.6,0,0.98,baseline,finalMean,100,0.03598,0.00601120319576959,0.0241980417362916,0.0477619582637084,NaN,NaN,NaN,NaN,NaN
strict_sequence,0.6,0,0.98,baseline,lossRate,100,0.00481012658227848,0.000714700043738795,0.00340931449655045,0.00621093866800652,NaN,NaN,NaN,NaN,NaN
strict_sequence,0.6,0,0.98,baseline,bestFunctionalLineageDepth,100,0,0,0,0,NaN,NaN,NaN,NaN,NaN
strict_sequence,0.6,0,0.98,baseline,bestStructuralLineageDepth,100,0,0,0,0,NaN,NaN,NaN,NaN,NaN
strict_sequence,0.6,0,0.98,baseline,finalMeanComponentAccuracy,100,0.2482,0.0129964529392109,0.222726952239147,0.273673047760853,NaN,NaN,NaN,NaN,NaN
strict_sequence,0.6,0,0.98,baseline,finalExactTargetFraction,100,0,0,0,0,NaN,NaN,NaN,NaN,NaN
strict_sequence,0.6,0,0.98,random_demonstrator,finalMean,100,0.0303866666666667,0.00602774118128815,0.0185722939513419,0.0422010393819914,100,-0.00559333333333333,0.00144342294882794,-0.0084224423130361,-0.00276422435363057
strict_sequence,0.6,0,0.98,random_demonstrator,lossRate,100,0.00746835443037974,0.000826342470264684,0.00584872318866096,0.00908798567209853,100,0.00265822784810127,0.000630862301175245,0.00142173773779779,0.00389471795840475
strict_sequence,0.6,0,0.98,random_demonstrator,bestFunctionalLineageDepth,100,0,0,0,0,100,0,0,0,0
strict_sequence,0.6,0,0.98,random_demonstrator,bestStructuralLineageDepth,100,0,0,0,0,100,0,0,0,0
strict_sequence,0.6,0,0.98,random_demonstrator,finalMeanComponentAccuracy,100,0.236266666666667,0.0128006628616244,0.211177367457883,0.26135596587545,100,-0.0119333333333333,0.00701196348209961,-0.0256767817582486,0.0018101150915819
strict_sequence,0.6,0,0.98,random_demonstrator,finalExactTargetFraction,100,0,0,0,0,100,0,0,0,0
strict_sequence,0.6,0,0.98,random_copy_error,finalMean,100,0.111336666666667,0.0155718864456028,0.0808157692332852,0.141857564100048,100,0.0753566666666667,0.0110804367040885,0.0536390107266533,0.0970743226066801
strict_sequence,0.6,0,0.98,random_copy_error,lossRate,100,0.0125316455696203,0.00131591217523037,0.00995245770616873,0.0151108334330718,100,0.00772151898734177,0.000915541989033056,0.00592705668883698,0.00951598128584656
strict_sequence,0.6,0,0.98,random_copy_error,bestFunctionalLineageDepth,100,1.05,0.0936089005523848,0.866526554917326,1.23347344508267,100,1.05,0.0936089005523848,0.866526554917326,1.23347344508267
strict_sequence,0.6,0,0.98,random_copy_error,bestStructuralLineageDepth,100,1.77,0.110878038375232,1.55267904478455,1.98732095521545,100,1.77,0.110878038375232,1.55267904478455,1.98732095521545
strict_sequence,0.6,0,0.98,random_copy_error,finalMeanComponentAccuracy,100,0.371366666666667,0.0187052328274488,0.334704410324867,0.408028923008466,100,0.123166666666667,0.0105882401997451,0.102413715875166,0.143919617458167
strict_sequence,0.6,0,0.98,random_copy_error,finalExactTargetFraction,100,0.00966666666666667,0.00966666666666668,-0.00928000000000003,0.0286133333333334,100,0.00966666666666667,0.00966666666666668,-0.00928000000000003,0.0286133333333334
strict_sequence,0.6,0,0.98,greedy_acceptance,finalMean,100,0.0485,0.00584025563298267,0.0370530989593539,0.059946901040646,100,0.01252,0.00197935086684916,0.00864047230097565,0.0163995276990244
strict_sequence,0.6,0,0.98,greedy_acceptance,lossRate,100,0,0,0,0,100,-0.00481012658227848,0.000714700043738795,-0.00621093866800652,-0.00340931449655045
strict_sequence,0.6,0,0.98,greedy_acceptance,bestFunctionalLineageDepth,100,0,0,0,0,100,0,0,0,0
strict_sequence,0.6,0,0.98,greedy_acceptance,bestStructuralLineageDepth,100,0,0,0,0,100,0,0,0,0
strict_sequence,0.6,0,0.98,greedy_acceptance,finalMeanComponentAccuracy,100,0.279633333333333,0.0116027489099401,0.256891945469851,0.302374721196816,100,0.0314333333333333,0.0119883271884219,0.00793621204402643,0.0549304546226402
strict_sequence,0.6,0,0.98,greedy_acceptance,finalExactTargetFraction,100,0,0,0,0,100,0,0,0,0
strict_sequence,0.6,0.03,0.45,baseline,finalMean,100,0.00369333333333333,0.00157954574441454,0.000597423674280833,0.00678924299238584,NaN,NaN,NaN,NaN,NaN
strict_sequence,0.6,0.03,0.45,baseline,lossRate,100,0.0251898734177215,0.00148901730225604,0.0222713995052997,0.0281083473301434,NaN,NaN,NaN,NaN,NaN
strict_sequence,0.6,0.03,0.45,baseline,bestFunctionalLineageDepth,100,0.24,0.0429234695990928,0.155869999585778,0.324130000414222,NaN,NaN,NaN,NaN,NaN
strict_sequence,0.6,0.03,0.45,baseline,bestStructuralLineageDepth,100,0.92,0.0706106124166799,0.781603199663307,1.05839680033669,NaN,NaN,NaN,NaN,NaN
strict_sequence,0.6,0.03,0.45,baseline,finalMeanComponentAccuracy,100,0.0214666666666667,0.0056792927271829,0.0103352529213882,0.0325980804119451,NaN,NaN,NaN,NaN,NaN
strict_sequence,0.6,0.03,0.45,baseline,finalExactTargetFraction,100,0,0,0,0,NaN,NaN,NaN,NaN,NaN
strict_sequence,0.6,0.03,0.45,random_demonstrator,finalMean,100,0.000746666666666667,0.000536001742128266,-0.000303896747904734,0.00179723008123807,100,-0.00294666666666667,0.00138008701884103,-0.00565163722359508,-0.000241696109738255
strict_sequence,0.6,0.03,0.45,random_demonstrator,lossRate,100,0.0269620253164557,0.00142412521647589,0.024170739892163,0.0297533107407485,100,0.00177215189873418,0.000881773028899905,4.38767620903632e-05,0.00350042703537799
strict_sequence,0.6,0.03,0.45,random_demonstrator,bestFunctionalLineageDepth,100,0.23,0.0422952584681651,0.147101293402396,0.312898706597604,100,-0.01,0.0173787284350784,-0.0440623077327537,0.0240623077327537
strict_sequence,0.6,0.03,0.45,random_demonstrator,bestStructuralLineageDepth,100,0.98,0.0710384730020616,0.840764592915959,1.11923540708404,100,0.06,0.039746672562593,-0.0179034782226822,0.137903478222682
strict_sequence,0.6,0.03,0.45,random_demonstrator,finalMeanComponentAccuracy,100,0.0101,0.00263297529850907,0.00493936841492222,0.0152606315850778,100,-0.0113666666666667,0.0048594372298443,-0.0208911636371615,-0.00184216969617183
strict_sequence,0.6,0.03,0.45,random_demonstrator,finalExactTargetFraction,100,0,0,0,0,100,0,0,0,0
strict_sequence,0.6,0.03,0.45,random_copy_error,finalMean,100,0.603936666666667,0.0257686076056683,0.553430195759557,0.654443137573776,100,0.600243333333333,0.0255768720297906,0.550112664154944,0.650374002511723
strict_sequence,0.6,0.03,0.45,random_copy_error,lossRate,100,0.0213924050632911,0.00228071748057218,0.0169221988013697,0.0258626113252126,100,-0.00379746835443038,0.00268370834671451,-0.00905753671399081,0.00146260000513005
strict_sequence,0.6,0.03,0.45,random_copy_error,bestFunctionalLineageDepth,100,5.75,0.134370962471642,5.48663291355558,6.01336708644442,100,5.51,0.137433179355928,5.24063096846238,5.77936903153762
strict_sequence,0.6,0.03,0.45,random_copy_error,bestStructuralLineageDepth,100,8.16,0.196802726432621,7.77426665619206,8.54573334380794,100,7.24,0.193385572879622,6.86096427715594,7.61903572284406
strict_sequence,0.6,0.03,0.45,random_copy_error,finalMeanComponentAccuracy,100,0.782,0.0180983719217429,0.746527191033383,0.817472808966616,100,0.760533333333333,0.0181509891269064,0.724957394644597,0.79610927202207
strict_sequence,0.6,0.03,0.45,random_copy_error,finalExactTargetFraction,100,0.204,0.0284594341816452,0.148219509003976,0.259780490996025,100,0.204,0.0284594341816452,0.148219509003976,0.259780490996025
strict_sequence,0.6,0.03,0.45,greedy_acceptance,finalMean,100,0.07963,0.00538829819734619,0.0690689355332015,0.0901910644667985,100,0.0759366666666666,0.00510803968979322,0.0659249088746719,0.0859484244586613
strict_sequence,0.6,0.03,0.45,greedy_acceptance,lossRate,100,0,0,0,0,100,-0.0251898734177215,0.00148901730225604,-0.0281083473301434,-0.0222713995052997
strict_sequence,0.6,0.03,0.45,greedy_acceptance,bestFunctionalLineageDepth,100,0.77,0.081470078785857,0.61031864557972,0.92968135442028,100,0.53,0.0834302466771258,0.366476716512833,0.693523283487167
strict_sequence,0.6,0.03,0.45,greedy_acceptance,bestStructuralLineageDepth,100,1.38,0.0929646397423464,1.197789306105,1.562210693895,100,0.46,0.102907234876363,0.258301819642328,0.661698180357672
strict_sequence,0.6,0.03,0.45,greedy_acceptance,finalMeanComponentAccuracy,100,0.267333333333333,0.00956436051932688,0.248587186715453,0.286079479951214,100,0.245866666666667,0.00966859611534947,0.226916218280582,0.264817115052752
strict_sequence,0.6,0.03,0.45,greedy_acceptance,finalExactTargetFraction,100,0,0,0,0,100,0,0,0,0
strict_sequence,0.6,0.03,0.65,baseline,finalMean,100,0.0254066666666667,0.00611752020210151,0.0134163270705477,0.0373970062627856,NaN,NaN,NaN,NaN,NaN
strict_sequence,0.6,0.03,0.65,baseline,lossRate,100,0.0153164556962025,0.00143138021955678,0.0125109504658712,0.0181219609265338,NaN,NaN,NaN,NaN,NaN
strict_sequence,0.6,0.03,0.65,baseline,bestFunctionalLineageDepth,100,0.27,0.0547814758929522,0.162628307249814,0.377371692750186,NaN,NaN,NaN,NaN,NaN
strict_sequence,0.6,0.03,0.65,baseline,bestStructuralLineageDepth,100,0.92,0.0720269309902816,0.778827215259048,1.06117278474095,NaN,NaN,NaN,NaN,NaN
strict_sequence,0.6,0.03,0.65,baseline,finalMeanComponentAccuracy,100,0.0884666666666667,0.0138750573552166,0.0612715542504422,0.115661779082891,NaN,NaN,NaN,NaN,NaN
strict_sequence,0.6,0.03,0.65,baseline,finalExactTargetFraction,100,0,0,0,0,NaN,NaN,NaN,NaN,NaN
strict_sequence,0.6,0.03,0.65,random_demonstrator,finalMean,100,0.0166566666666667,0.00543546250446878,0.00600316015790786,0.0273101731754255,100,-0.00875,0.00231869566937598,-0.0132946435119769,-0.00420535648802307
strict_sequence,0.6,0.03,0.65,random_demonstrator,lossRate,100,0.0213924050632911,0.00144712373893813,0.0185560425349724,0.0242287675916099,100,0.00607594936708861,0.00117263421890513,0.00377758629803455,0.00837431243614267
strict_sequence,0.6,0.03,0.65,random_demonstrator,bestFunctionalLineageDepth,100,0.24,0.0552679423766207,0.131674832941824,0.348325167058176,100,-0.03,0.0437047023797327,-0.115661216664276,0.055661216664276
strict_sequence,0.6,0.03,0.65,random_demonstrator,bestStructuralLineageDepth,100,0.95,0.0729950876996722,0.806929628108643,1.09307037189136,100,0.03,0.0576562435842158,-0.083006237425063,0.143006237425063
strict_sequence,0.6,0.03,0.65,random_demonstrator,finalMeanComponentAccuracy,100,0.0562333333333333,0.0122172308448926,0.0322875608773437,0.0801791057893229,100,-0.0322333333333333,0.00751505111532804,-0.0469628335193763,-0.0175038331472904
strict_sequence,0.6,0.03,0.65,random_demonstrator,finalExactTargetFraction,100,0,0,0,0,100,0,0,0,0
strict_sequence,0.6,0.03,0.65,random_copy_error,finalMean,100,0.77774,0.0253451782427571,0.728063450644196,0.827416549355804,100,0.752333333333333,0.0245795307793565,0.704157453005795,0.800509213660872
strict_sequence,0.6,0.03,0.65,random_copy_error,lossRate,100,0.0183544303797468,0.00207781810164475,0.0142819069005231,0.0224269538589705,100,0.0030379746835443,0.00215238755852007,-0.00118070493115504,0.00725665429824364
strict_sequence,0.6,0.03,0.65,random_copy_error,bestFunctionalLineageDepth,100,5.87,0.141888418245899,5.59189870023804,6.14810129976196,100,5.6,0.156991925418044,5.29229582618063,5.90770417381937
strict_sequence,0.6,0.03,0.65,random_copy_error,bestStructuralLineageDepth,100,7.7,0.182297348396303,7.34269719714325,8.05730280285676,100,6.78,0.190469913316481,6.4066789698997,7.1533210301003
strict_sequence,0.6,0.03,0.65,random_copy_error,finalMeanComponentAccuracy,100,0.8814,0.0150202392451292,0.851960331079547,0.910839668920453,100,0.792933333333333,0.0173958520282567,0.75883746335795,0.827029203308717
strict_sequence,0.6,0.03,0.65,random_copy_error,finalExactTargetFraction,100,0.491,0.0413624720794196,0.409929554724338,0.572070445275662,100,0.491,0.0413624720794196,0.409929554724338,0.572070445275662
strict_sequence,0.6,0.03,0.65,greedy_acceptance,finalMean,100,0.108553333333333,0.00937614426387599,0.0901760905761364,0.12693057609053,100,0.0831466666666666,0.00625729889409609,0.0708823608342383,0.095410972499095
strict_sequence,0.6,0.03,0.65,greedy_acceptance,lossRate,100,0,0,0,0,100,-0.0153164556962025,0.00143138021955678,-0.0181219609265338,-0.0125109504658712
strict_sequence,0.6,0.03,0.65,greedy_acceptance,bestFunctionalLineageDepth,100,1.17,0.0876805496554326,0.998146122675352,1.34185387732465,100,0.9,0.0979589689408765,0.708000420875882,1.09199957912412
strict_sequence,0.6,0.03,0.65,greedy_acceptance,bestStructuralLineageDepth,100,1.8,0.0963998407308295,1.61105631216757,1.98894368783243,100,0.88,0.113065637502463,0.658391350495172,1.10160864950483
strict_sequence,0.6,0.03,0.65,greedy_acceptance,finalMeanComponentAccuracy,100,0.308033333333333,0.0127732618282444,0.282997740149974,0.333068926516692,100,0.219566666666667,0.0112280367974761,0.197559714543614,0.24157361878972
strict_sequence,0.6,0.03,0.65,greedy_acceptance,finalExactTargetFraction,100,0,0,0,0,100,0,0,0,0
strict_sequence,0.6,0.03,0.8,baseline,finalMean,100,0.02304,0.00392154050217682,0.0153537806157334,0.0307262193842666,NaN,NaN,NaN,NaN,NaN
strict_sequence,0.6,0.03,0.8,baseline,lossRate,100,0.0117721518987342,0.00121032943075199,0.00939990621446027,0.0141443975830081,NaN,NaN,NaN,NaN,NaN
strict_sequence,0.6,0.03,0.8,baseline,bestFunctionalLineageDepth,100,0.22,0.0439926531974776,0.133774399732944,0.306225600267056,NaN,NaN,NaN,NaN,NaN
strict_sequence,0.6,0.03,0.8,baseline,bestStructuralLineageDepth,100,0.76,0.0766995976705764,0.60966878856567,0.91033121143433,NaN,NaN,NaN,NaN,NaN
strict_sequence,0.6,0.03,0.8,baseline,finalMeanComponentAccuracy,100,0.1165,0.0115009759015969,0.0939580872328699,0.13904191276713,NaN,NaN,NaN,NaN,NaN
strict_sequence,0.6,0.03,0.8,baseline,finalExactTargetFraction,100,0,0,0,0,NaN,NaN,NaN,NaN,NaN
strict_sequence,0.6,0.03,0.8,random_demonstrator,finalMean,100,0.01099,0.00261754185539767,0.00585961796342057,0.0161203820365794,100,-0.01205,0.00310465554982396,-0.018135124877655,-0.00596487512234503
strict_sequence,0.6,0.03,0.8,random_demonstrator,lossRate,100,0.0170886075949367,0.00128957387602718,0.0145610427979234,0.01961617239195,100,0.00531645569620253,0.00112616629463753,0.00310916975871298,0.00752374163369209
strict_sequence,0.6,0.03,0.8,random_demonstrator,bestFunctionalLineageDepth,100,0.18,0.038612291966537,0.104319907745588,0.255680092254412,100,-0.04,0.0315268043724605,-0.101792536570023,0.0217925365700225
strict_sequence,0.6,0.03,0.8,random_demonstrator,bestStructuralLineageDepth,100,0.75,0.0701729465267237,0.612461024807622,0.887538975192378,100,-0.01,0.0389119700624553,-0.0862674613224123,0.0662674613224123
strict_sequence,0.6,0.03,0.8,random_demonstrator,finalMeanComponentAccuracy,100,0.0719,0.00946424009778426,0.0533500894083429,0.0904499105916572,100,-0.0446,0.00930970795338549,-0.0628470275886355,-0.0263529724113644
strict_sequence,0.6,0.03,0.8,random_demonstrator,finalExactTargetFraction,100,0,0,0,0,100,0,0,0,0
strict_sequence,0.6,0.03,0.8,random_copy_error,finalMean,100,0.753906666666667,0.0303865655973014,0.694348998095956,0.813464335237377,100,0.730866666666667,0.0295567068963869,0.672935521149748,0.788797812183585
strict_sequence,0.6,0.03,0.8,random_copy_error,lossRate,100,0.0159493670886076,0.00200039001860242,0.0120286026521469,0.0198701315250683,100,0.00417721518987342,0.00201999524723585,0.00021802450529116,0.00813640587445568
strict_sequence,0.6,0.03,0.8,random_copy_error,bestFunctionalLineageDepth,100,5.57,0.15059142664102,5.2748408037836,5.8651591962164,100,5.35,0.151340808786131,5.05337201477918,5.64662798522082
strict_sequence,0.6,0.03,0.8,random_copy_error,bestStructuralLineageDepth,100,7.32,0.132482131442377,7.06033502237294,7.57966497762706,100,6.56,0.151304095426823,6.26344397296343,6.85655602703657
strict_sequence,0.6,0.03,0.8,random_copy_error,finalMeanComponentAccuracy,100,0.855533333333334,0.0202274507615212,0.815887529840752,0.895179136825915,100,0.739033333333333,0.0198743694533242,0.700079569204818,0.777987097461849
strict_sequence,0.6,0.03,0.8,random_copy_error,finalExactTargetFraction,100,0.501,0.0463346898040422,0.410184007984077,0.591815992015923,100,0.501,0.0463346898040422,0.410184007984077,0.591815992015923
strict_sequence,0.6,0.03,0.8,greedy_acceptance,finalMean,100,0.111366666666667,0.0100051642108785,0.0917565448133447,0.130976788519988,100,0.0883266666666667,0.00903718093664755,0.0706137920308375,0.106039541302496
strict_sequence,0.6,0.03,0.8,greedy_acceptance,lossRate,100,0,0,0,0,100,-0.0117721518987342,0.00121032943075199,-0.0141443975830081,-0.00939990621446027
strict_sequence,0.6,0.03,0.8,greedy_acceptance,bestFunctionalLineageDepth,100,1.31,0.100196776092816,1.11361431885808,1.50638568114192,100,1.09,0.107398060663791,0.879499801098969,1.30050019890103
strict_sequence,0.6,0.03,0.8,greedy_acceptance,bestStructuralLineageDepth,100,1.92,0.106058874444739,1.71212460608831,2.12787539391169,100,1.16,0.116098182064957,0.932447563152685,1.38755243684732
strict_sequence,0.6,0.03,0.8,greedy_acceptance,finalMeanComponentAccuracy,100,0.3176,0.0125837334652193,0.29293588240817,0.34226411759183,100,0.2011,0.0133058685988353,0.175020497546283,0.227179502453717
strict_sequence,0.6,0.03,0.8,greedy_acceptance,finalExactTargetFraction,100,0,0,0,0,100,0,0,0,0
strict_sequence,0.6,0.03,0.92,baseline,finalMean,100,0.0543066666666667,0.00746431041465519,0.0396766182539425,0.0689367150793908,NaN,NaN,NaN,NaN,NaN
strict_sequence,0.6,0.03,0.92,baseline,lossRate,100,0.0117721518987342,0.00130057150716278,0.00922303174469513,0.0143212720527732,NaN,NaN,NaN,NaN,NaN
strict_sequence,0.6,0.03,0.92,baseline,bestFunctionalLineageDepth,100,0.42,0.0638495706858525,0.294854841455729,0.545145158544271,NaN,NaN,NaN,NaN,NaN
strict_sequence,0.6,0.03,0.92,baseline,bestStructuralLineageDepth,100,0.89,0.0723278171336114,0.748237478418122,1.03176252158188,NaN,NaN,NaN,NaN,NaN
strict_sequence,0.6,0.03,0.92,baseline,finalMeanComponentAccuracy,100,0.223233333333333,0.014736857981435,0.194349091689721,0.252117574976946,NaN,NaN,NaN,NaN,NaN
strict_sequence,0.6,0.03,0.92,baseline,finalExactTargetFraction,100,0,0,0,0,NaN,NaN,NaN,NaN,NaN
strict_sequence,0.6,0.03,0.92,random_demonstrator,finalMean,100,0.0483966666666667,0.00794088667245549,0.0328325287886539,0.0639608045446794,100,-0.00591000000000001,0.00533432199380182,-0.0163652711078516,0.00454527110785155
strict_sequence,0.6,0.03,0.92,random_demonstrator,lossRate,100,0.0135443037974684,0.00139658333243769,0.0108070004658905,0.0162816071290462,100,0.00177215189873418,0.000881773028899905,4.38767620903628e-05,0.00350042703537799
strict_sequence,0.6,0.03,0.92,random_demonstrator,bestFunctionalLineageDepth,100,0.39,0.0680092091209163,0.256701950123004,0.523298049876996,100,-0.03,0.0540388935878782,-0.135916231432241,0.0759162314322413
strict_sequence,0.6,0.03,0.92,random_demonstrator,bestStructuralLineageDepth,100,0.89,0.0790026211047085,0.735154862634771,1.04484513736523,100,0,0.0603022689155527,-0.118192447074483,0.118192447074483
strict_sequence,0.6,0.03,0.92,random_demonstrator,finalMeanComponentAccuracy,100,0.204366666666667,0.0154487454951442,0.174087125496184,0.234646207837149,100,-0.0188666666666667,0.0095532320407411,-0.0375910014665192,-0.000142331866814126
strict_sequence,0.6,0.03,0.92,random_demonstrator,finalExactTargetFraction,100,0,0,0,0,100,0,0,0,0
strict_sequence,0.6,0.03,0.92,random_copy_error,finalMean,100,0.521286666666667,0.0347605059315172,0.453156075040893,0.58941725829244,100,0.46698,0.0326528486613566,0.402980416623741,0.530979583376259
strict_sequence,0.6,0.03,0.92,random_copy_error,lossRate,100,0.0151898734177215,0.00186974416677467,0.0115251748508432,0.0188545719845999,100,0.00341772151898734,0.00160776054326525,0.000266510854187454,0.00656893218378723
strict_sequence,0.6,0.03,0.92,random_copy_error,bestFunctionalLineageDepth,100,4.17,0.186436546467118,3.80458436892445,4.53541563107555,100,3.75,0.190361166568641,3.37689211352546,4.12310788647454
strict_sequence,0.6,0.03,0.92,random_copy_error,bestStructuralLineageDepth,100,5.51,0.163605215890774,5.18933377685408,5.83066622314592,100,4.62,0.160667798311116,4.30509111531021,4.93490888468979
strict_sequence,0.6,0.03,0.92,random_copy_error,finalMeanComponentAccuracy,100,0.713033333333333,0.0246650329334299,0.664689868783811,0.761376797882856,100,0.4898,0.0226601703901358,0.445386066035334,0.534213933964666
strict_sequence,0.6,0.03,0.92,random_copy_error,finalExactTargetFraction,100,0.212,0.0396916283964099,0.134204408343036,0.289795591656963,100,0.212,0.0396916283964099,0.134204408343036,0.289795591656963
strict_sequence,0.6,0.03,0.92,greedy_acceptance,finalMean,100,0.158073333333333,0.0123769703778885,0.133814471392672,0.182332195273995,100,0.103766666666667,0.0106177915403423,0.0829557952475958,0.124577538085737
strict_sequence,0.6,0.03,0.92,greedy_acceptance,lossRate,100,0,0,0,0,100,-0.0117721518987342,0.00130057150716278,-0.0143212720527732,-0.00922303174469513
strict_sequence,0.6,0.03,0.92,greedy_acceptance,bestFunctionalLineageDepth,100,1.52,0.117619485776564,1.28946580787793,1.75053419212207,100,1.1,0.123501114377666,0.857937815819775,1.34206218418022
strict_sequence,0.6,0.03,0.92,greedy_acceptance,bestStructuralLineageDepth,100,2.12,0.120838819102225,1.88315591455964,2.35684408544036,100,1.23,0.136222485869865,0.963003927695064,1.49699607230494
strict_sequence,0.6,0.03,0.92,greedy_acceptance,finalMeanComponentAccuracy,100,0.3909,0.0156646144511596,0.360197355675727,0.421602644324273,100,0.167666666666667,0.0164619412786639,0.135401261760486,0.199932071572848
strict_sequence,0.6,0.03,0.92,greedy_acceptance,finalExactTargetFraction,100,0,0,0,0,100,0,0,0,0
strict_sequence,0.6,0.03,0.98,baseline,finalMean,100,0.0558466666666666,0.0077784955224383,0.0406008154426876,0.0710925178906457,NaN,NaN,NaN,NaN,NaN
strict_sequence,0.6,0.03,0.98,baseline,lossRate,100,0.00924050632911392,0.00109224110606833,0.00709971376121998,0.0113812988970079,NaN,NaN,NaN,NaN,NaN
strict_sequence,0.6,0.03,0.98,baseline,bestFunctionalLineageDepth,100,0.46,0.0716613810594907,0.319543693123398,0.600456306876602,NaN,NaN,NaN,NaN,NaN
strict_sequence,0.6,0.03,0.98,baseline,bestStructuralLineageDepth,100,1.01,0.0926544574472728,0.828397263403345,1.19160273659665,NaN,NaN,NaN,NaN,NaN
strict_sequence,0.6,0.03,0.98,baseline,finalMeanComponentAccuracy,100,0.296666666666667,0.01707979556043,0.263190267368224,0.330143065965109,NaN,NaN,NaN,NaN,NaN
strict_sequence,0.6,0.03,0.98,baseline,finalExactTargetFraction,100,0,0,0,0,NaN,NaN,NaN,NaN,NaN
strict_sequence,0.6,0.03,0.98,random_demonstrator,finalMean,100,0.0413633333333333,0.00696046893778677,0.0277208142152713,0.0550058524513954,100,-0.0144833333333333,0.00391185534413602,-0.0221505698078399,-0.00681609685882673
strict_sequence,0.6,0.03,0.98,random_demonstrator,lossRate,100,0.0122784810126582,0.00111569816062643,0.0100917126178304,0.014465249407486,100,0.0030379746835443,0.000722358567323872,0.00162215189158952,0.00445379747549909
strict_sequence,0.6,0.03,0.98,random_demonstrator,bestFunctionalLineageDepth,100,0.36,0.0627967701672176,0.236918330472254,0.483081669527746,100,-0.1,0.0481999203654148,-0.194471843916213,-0.00552815608378693
strict_sequence,0.6,0.03,0.98,random_demonstrator,bestStructuralLineageDepth,100,0.9,0.0881917103688197,0.727144247677113,1.07285575232289,100,-0.11,0.0469149240755018,-0.201953251187984,-0.0180467488120164
strict_sequence,0.6,0.03,0.98,random_demonstrator,finalMeanComponentAccuracy,100,0.2574,0.0155745612610316,0.226873859928378,0.287926140071622,100,-0.0392666666666667,0.00977405576541793,-0.0584238159668858,-0.0201095173664475
strict_sequence,0.6,0.03,0.98,random_demonstrator,finalExactTargetFraction,100,0,0,0,0,100,0,0,0,0
strict_sequence,0.6,0.03,0.98,random_copy_error,finalMean,100,0.194003333333333,0.0246877257883664,0.145615390788135,0.242391275878532,100,0.138156666666667,0.0225151179812685,0.0940270354233805,0.182286297909953
strict_sequence,0.6,0.03,0.98,random_copy_error,lossRate,100,0.0122784810126582,0.00137556507793087,0.00958237345991372,0.0149745885654027,100,0.00303797468354431,0.0010036680593127,0.00107078528729141,0.0050051640797972
strict_sequence,0.6,0.03,0.98,random_copy_error,bestFunctionalLineageDepth,100,1.73,0.135478948381457,1.46446126117234,1.99553873882766,100,1.27,0.133979494888229,1.00740019001907,1.53259980998093
strict_sequence,0.6,0.03,0.98,random_copy_error,bestStructuralLineageDepth,100,2.69,0.138312338677007,2.41890781619307,2.96109218380693,100,1.68,0.134750049193222,1.41588990358128,1.94411009641872
strict_sequence,0.6,0.03,0.98,random_copy_error,finalMeanComponentAccuracy,100,0.4506,0.0232132736129441,0.40510198371863,0.496098016281371,100,0.153933333333333,0.0179938498035291,0.118665387718416,0.18920127894825
strict_sequence,0.6,0.03,0.98,random_copy_error,finalExactTargetFraction,100,0.03,0.0171446607997765,-0.003603535167562,0.063603535167562,100,0.03,0.0171446607997765,-0.003603535167562,0.063603535167562
strict_sequence,0.6,0.03,0.98,greedy_acceptance,finalMean,100,0.15609,0.0121119950145434,0.132350489771495,0.179829510228505,100,0.100243333333333,0.0116487133194081,0.0774118552272935,0.123074811439373
strict_sequence,0.6,0.03,0.98,greedy_acceptance,lossRate,100,0,0,0,0,100,-0.00924050632911392,0.00109224110606833,-0.0113812988970079,-0.00709971376121998
strict_sequence,0.6,0.03,0.98,greedy_acceptance,bestFunctionalLineageDepth,100,1.57,0.115692905940029,1.34324190435754,1.79675809564246,100,1.11,0.122181352211714,0.870524549665041,1.34947545033496
strict_sequence,0.6,0.03,0.98,greedy_acceptance,bestStructuralLineageDepth,100,2.11,0.129408132072388,1.85636006113812,2.36363993886188,100,1.1,0.133711584684304,0.837925294018764,1.36207470598124
strict_sequence,0.6,0.03,0.98,greedy_acceptance,finalMeanComponentAccuracy,100,0.444566666666667,0.0156749140122978,0.413843835202563,0.47528949813077,100,0.1479,0.0185522379541894,0.111537613609789,0.184262386390211
strict_sequence,0.6,0.03,0.98,greedy_acceptance,finalExactTargetFraction,100,0,0,0,0,100,0,0,0,0
strict_sequence,0.6,0.08,0.45,baseline,finalMean,100,0.0129733333333333,0.00388633878871823,0.00535610930744561,0.0205905573592211,NaN,NaN,NaN,NaN,NaN
strict_sequence,0.6,0.08,0.45,baseline,lossRate,100,0.0313924050632912,0.00188251178472799,0.0277026819652243,0.035082128161358,NaN,NaN,NaN,NaN,NaN
strict_sequence,0.6,0.08,0.45,baseline,bestFunctionalLineageDepth,100,0.41,0.0621093854226216,0.288265604571662,0.531734395428338,NaN,NaN,NaN,NaN,NaN
strict_sequence,0.6,0.08,0.45,baseline,bestStructuralLineageDepth,100,1.64,0.094836382227178,1.45412069083473,1.82587930916527,NaN,NaN,NaN,NaN,NaN
strict_sequence,0.6,0.08,0.45,baseline,finalMeanComponentAccuracy,100,0.0513333333333333,0.0106353707556959,0.0304880066521694,0.0721786600144972,NaN,NaN,NaN,NaN,NaN
strict_sequence,0.6,0.08,0.45,baseline,finalExactTargetFraction,100,0,0,0,0,NaN,NaN,NaN,NaN,NaN
strict_sequence,0.6,0.08,0.45,random_demonstrator,finalMean,100,0.00529333333333334,0.0023342820582082,0.000718140499245254,0.00986852616742142,100,-0.00768,0.00266749532579371,-0.0129082908385557,-0.00245170916144432
strict_sequence,0.6,0.08,0.45,random_demonstrator,lossRate,100,0.0349367088607595,0.00177306495557189,0.0314615015478386,0.0384119161736804,100,0.00354430379746835,0.00111024488009977,0.00136822383247282,0.00572038376246389
strict_sequence,0.6,0.08,0.45,random_demonstrator,bestFunctionalLineageDepth,100,0.36,0.0611671001553461,0.240112483695522,0.479887516304478,100,-0.05,0.0385992097056272,-0.125654451023029,0.0256544510230294
strict_sequence,0.6,0.08,0.45,random_demonstrator,bestStructuralLineageDepth,100,1.65,0.0914253020699733,1.47080640794285,1.82919359205715,100,0.01,0.0541136103793013,-0.0960626763434306,0.116062676343431
strict_sequence,0.6,0.08,0.45,random_demonstrator,finalMeanComponentAccuracy,100,0.0282,0.0069170846898141,0.0146425140079644,0.0417574859920356,100,-0.0231333333333333,0.00723996577181857,-0.0373236662460977,-0.00894300042056894
strict_sequence,0.6,0.08,0.45,random_demonstrator,finalExactTargetFraction,100,0,0,0,0,100,0,0,0,0
strict_sequence,0.6,0.08,0.45,random_copy_error,finalMean,100,0.600466666666667,0.0261873445501897,0.549139471348295,0.651793861985038,100,0.587493333333333,0.0253901160015544,0.537728705970287,0.63725796069638
strict_sequence,0.6,0.08,0.45,random_copy_error,lossRate,100,0.0225316455696203,0.00252895906556826,0.0175748858011065,0.0274884053381341,100,-0.00886075949367089,0.00280172935670505,-0.0143521490328128,-0.003369369954529
strict_sequence,0.6,0.08,0.45,random_copy_error,bestFunctionalLineageDepth,100,5.72,0.136389223188712,5.45267712255013,5.98732287744987,100,5.31,0.155501794461698,5.00521648285507,5.61478351714493
strict_sequence,0.6,0.08,0.45,random_copy_error,bestStructuralLineageDepth,100,8.06,0.203415284031898,7.66130604329748,8.45869395670252,100,6.42,0.215640928631394,5.99734377988247,6.84265622011753
strict_sequence,0.6,0.08,0.45,random_copy_error,finalMeanComponentAccuracy,100,0.785733333333333,0.0180287885508303,0.750396907773706,0.821069758892961,100,0.7344,0.0185795755739278,0.697984031875101,0.770815968124898
strict_sequence,0.6,0.08,0.45,random_copy_error,finalExactTargetFraction,100,0.211333333333333,0.0261491019560685,0.160081093499439,0.262585573167228,100,0.211333333333333,0.0261491019560685,0.160081093499439,0.262585573167228
strict_sequence,0.6,0.08,0.45,greedy_acceptance,finalMean,100,0.15639,0.00870484217713589,0.139328509332814,0.173451490667186,100,0.143416666666667,0.00782633812599492,0.128077043939717,0.158756289393617
strict_sequence,0.6,0.08,0.45,greedy_acceptance,lossRate,100,0,0,0,0,100,-0.0313924050632912,0.00188251178472799,-0.035082128161358,-0.0277026819652243
strict_sequence,0.6,0.08,0.45,greedy_acceptance,bestFunctionalLineageDepth,100,2.13,0.0981186665587784,1.93768741354479,2.32231258645521,100,1.72,0.119831531574941,1.48513019811312,1.95486980188688
strict_sequence,0.6,0.08,0.45,greedy_acceptance,bestStructuralLineageDepth,100,2.98,0.108227220758603,2.76787464731314,3.19212535268686,100,1.34,0.135004676312573,1.07539083442736,1.60460916557264
strict_sequence,0.6,0.08,0.45,greedy_acceptance,finalMeanComponentAccuracy,100,0.386733333333333,0.0115564277060152,0.364082735029544,0.409383931637123,100,0.3354,0.01197282557246,0.311933261877978,0.358866738122022
strict_sequence,0.6,0.08,0.45,greedy_acceptance,finalExactTargetFraction,100,0,0,0,0,100,0,0,0,0
strict_sequence,0.6,0.08,0.65,baseline,finalMean,100,0.0372,0.00847653392519376,0.0205859935066202,0.0538140064933798,NaN,NaN,NaN,NaN,NaN
strict_sequence,0.6,0.08,0.65,baseline,lossRate,100,0.0220253164556962,0.00193458043702635,0.0182335387991246,0.0258170941122679,NaN,NaN,NaN,NaN,NaN
strict_sequence,0.6,0.08,0.65,baseline,bestFunctionalLineageDepth,100,0.55,0.0770346898114313,0.399012007969595,0.700987992030405,NaN,NaN,NaN,NaN,NaN
strict_sequence,0.6,0.08,0.65,baseline,bestStructuralLineageDepth,100,1.71,0.0890976084885775,1.53536868736239,1.88463131263761,NaN,NaN,NaN,NaN,NaN
strict_sequence,0.6,0.08,0.65,baseline,finalMeanComponentAccuracy,100,0.111666666666667,0.0162176899715548,0.0798799943224193,0.143453339010914,NaN,NaN,NaN,NaN,NaN
strict_sequence,0.6,0.08,0.65,baseline,finalExactTargetFraction,100,0,0,0,0,NaN,NaN,NaN,NaN,NaN
strict_sequence,0.6,0.08,0.65,random_demonstrator,finalMean,100,0.0179166666666667,0.00553519171867732,0.00706769089805912,0.0287656424352742,100,-0.0192833333333333,0.00486154514656824,-0.0288119618206071,-0.00975470484605958
strict_sequence,0.6,0.08,0.65,random_demonstrator,lossRate,100,0.0267088607594937,0.0019863842136082,0.0228155477008216,0.0306021738181658,100,0.00468354430379747,0.00126780307954506,0.00219865026788914,0.00716843833970579
strict_sequence,0.6,0.08,0.65,random_demonstrator,bestFunctionalLineageDepth,100,0.44,0.0656282767339713,0.311368577601416,0.568631422398584,100,-0.11,0.0510396953855576,-0.210037802955693,-0.00996219704430718
strict_sequence,0.6,0.08,0.65,random_demonstrator,bestStructuralLineageDepth,100,1.74,0.0905873092991541,1.56244887377366,1.91755112622634,100,0.03,0.0576562435842158,-0.083006237425063,0.143006237425063
strict_sequence,0.6,0.08,0.65,random_demonstrator,finalMeanComponentAccuracy,100,0.0700333333333333,0.0120164024637408,0.0464811845044015,0.0935854821622652,100,-0.0416333333333333,0.00890913036249539,-0.0590952288438243,-0.0241714378228424
strict_sequence,0.6,0.08,0.65,random_demonstrator,finalExactTargetFraction,100,0,0,0,0,100,0,0,0,0
strict_sequence,0.6,0.08,0.65,random_copy_error,finalMean,100,0.756566666666667,0.027610980630954,0.702449144629997,0.810684188703337,100,0.719366666666667,0.0274556969938596,0.665553500558702,0.773179832774632
strict_sequence,0.6,0.08,0.65,random_copy_error,lossRate,100,0.0154430379746835,0.00186610501160304,0.0117854721519416,0.0191006037974255,100,-0.00658227848101266,0.00227207897411911,-0.0110355532702861,-0.0021290036917392
strict_sequence,0.6,0.08,0.65,random_copy_error,bestFunctionalLineageDepth,100,5.72,0.140762713152814,5.44410508222048,5.99589491777952,100,5.17,0.168807463093193,4.83913737233734,5.50086262766266
strict_sequence,0.6,0.08,0.65,random_copy_error,bestStructuralLineageDepth,100,7.84,0.198845150655966,7.45026350471431,8.22973649528569,100,6.13,0.21017308884043,5.71806074587276,6.54193925412724
strict_sequence,0.6,0.08,0.65,random_copy_error,finalMeanComponentAccuracy,100,0.865666666666667,0.0174522275630815,0.831460300643027,0.899873032690306,100,0.754,0.0212214553777579,0.712405947459595,0.795594052540406
strict_sequence,0.6,0.08,0.65,random_copy_error,finalExactTargetFraction,100,0.478,0.0407291014901267,0.398170961079352,0.557829038920648,100,0.478,0.0407291014901267,0.398170961079352,0.557829038920648
strict_sequence,0.6,0.08,0.65,greedy_acceptance,finalMean,100,0.20906,0.0134937150270071,0.182612318547066,0.235507681452934,100,0.17186,0.0116519235176453,0.149022229905415,0.194697770094585
strict_sequence,0.6,0.08,0.65,greedy_acceptance,lossRate,100,0,0,0,0,100,-0.0220253164556962,0.00193458043702635,-0.0258170941122679,-0.0182335387991246
strict_sequence,0.6,0.08,0.65,greedy_acceptance,bestFunctionalLineageDepth,100,2.53,0.115867391984339,2.30289991171069,2.7571000882893,100,1.98,0.129474462206399,1.72623005407546,2.23376994592454
strict_sequence,0.6,0.08,0.65,greedy_acceptance,bestStructuralLineageDepth,100,3.27,0.124604424585416,3.02577532781258,3.51422467218742,100,1.56,0.135825199607749,1.29378260876881,1.82621739123119
strict_sequence,0.6,0.08,0.65,greedy_acceptance,finalMeanComponentAccuracy,100,0.441633333333333,0.0140419041782708,0.414111201143923,0.469155465522744,100,0.329966666666667,0.0152730843112026,0.30003142141671,0.359901911916624
strict_sequence,0.6,0.08,0.65,greedy_acceptance,finalExactTargetFraction,100,0,0,0,0,100,0,0,0,0
strict_sequence,0.6,0.08,0.8,baseline,finalMean,100,0.0682033333333334,0.0143788049334126,0.0400208756638446,0.0963857910028221,NaN,NaN,NaN,NaN,NaN
strict_sequence,0.6,0.08,0.8,baseline,lossRate,100,0.0153164556962025,0.00136184810589841,0.0126472334086416,0.0179856779837634,NaN,NaN,NaN,NaN,NaN
strict_sequence,0.6,0.08,0.8,baseline,bestFunctionalLineageDepth,100,0.93,0.115692905940029,0.703241904357542,1.15675809564246,NaN,NaN,NaN,NaN,NaN
strict_sequence,0.6,0.08,0.8,baseline,bestStructuralLineageDepth,100,2.02,0.110991855193036,1.80245596382165,2.23754403617835,NaN,NaN,NaN,NaN,NaN
strict_sequence,0.6,0.08,0.8,baseline,finalMeanComponentAccuracy,100,0.1956,0.0198571147353202,0.156680055118772,0.234519944881228,NaN,NaN,NaN,NaN,NaN
strict_sequence,0.6,0.08,0.8,baseline,finalExactTargetFraction,100,0,0,0,0,NaN,NaN,NaN,NaN,NaN
strict_sequence,0.6,0.08,0.8,random_demonstrator,finalMean,100,0.02209,0.00497877392404561,0.0123316031088706,0.0318483968911294,100,-0.0461133333333333,0.0114653288116259,-0.06858537780412,-0.0236412888625466
strict_sequence,0.6,0.08,0.8,random_demonstrator,lossRate,100,0.0217721518987342,0.00147355664834593,0.0188839808679761,0.0246603229294922,100,0.00645569620253165,0.00132815462120169,0.00385251314497633,0.00905887926008696
strict_sequence,0.6,0.08,0.8,random_demonstrator,bestFunctionalLineageDepth,100,0.52,0.0703239258393227,0.382165105354928,0.657834894645072,100,-0.41,0.0964993327029841,-0.599138692097849,-0.220861307902151
strict_sequence,0.6,0.08,0.8,random_demonstrator,bestStructuralLineageDepth,100,1.81,0.0950225916784684,1.6237557203102,1.9962442796898,100,-0.21,0.0913368723048049,-0.389020269717418,-0.0309797302825823
strict_sequence,0.6,0.08,0.8,random_demonstrator,finalMeanComponentAccuracy,100,0.116333333333333,0.0128408631545716,0.091165241550373,0.141501425116294,100,-0.0792666666666667,0.0136145083371198,-0.105951103007421,-0.0525822303259119
strict_sequence,0.6,0.08,0.8,random_demonstrator,finalExactTargetFraction,100,0,0,0,0,100,0,0,0,0
strict_sequence,0.6,0.08,0.8,random_copy_error,finalMean,100,0.76865,0.029787327119135,0.710266838846495,0.827033161153505,100,0.700446666666667,0.0294810076853118,0.642663891603456,0.758229441729878
strict_sequence,0.6,0.08,0.8,random_copy_error,lossRate,100,0.0154430379746835,0.00168373127794556,0.0121429246699102,0.0187431512794569,100,0.000126582278481013,0.00193353438984482,-0.00366314512561483,0.00391630968257686
strict_sequence,0.6,0.08,0.8,random_copy_error,bestFunctionalLineageDepth,100,5.71,0.13506077943435,5.44528087230867,5.97471912769133,100,4.78,0.174413881386207,4.43814879248303,5.12185120751697
strict_sequence,0.6,0.08,0.8,random_copy_error,bestStructuralLineageDepth,100,7.39,0.161992018758376,7.07249564323358,7.70750435676642,100,5.37,0.200330534947429,4.97735215150304,5.76264784849696
strict_sequence,0.6,0.08,0.8,random_copy_error,finalMeanComponentAccuracy,100,0.868366666666667,0.0183412284805934,0.832417858844704,0.90431547448863,100,0.672766666666667,0.0224326429119145,0.628798686559314,0.716734646774019
strict_sequence,0.6,0.08,0.8,random_copy_error,finalExactTargetFraction,100,0.538,0.0457412328385857,0.448347183636372,0.627652816363628,100,0.538,0.0457412328385857,0.448347183636372,0.627652816363628
strict_sequence,0.6,0.08,0.8,greedy_acceptance,finalMean,100,0.267966666666667,0.0159527835159877,0.236699210975331,0.299234122358003,100,0.199763333333333,0.0152418264199222,0.169889353550286,0.229637313116381
strict_sequence,0.6,0.08,0.8,greedy_acceptance,lossRate,100,0,0,0,0,100,-0.0153164556962025,0.00136184810589841,-0.0179856779837634,-0.0126472334086416
strict_sequence,0.6,0.08,0.8,greedy_acceptance,bestFunctionalLineageDepth,100,2.98,0.123075077686243,2.73877284773496,3.22122715226504,100,2.05,0.145903662695214,1.76402882111738,2.33597117888262
strict_sequence,0.6,0.08,0.8,greedy_acceptance,bestStructuralLineageDepth,100,3.91,0.118998344780951,3.67676324422934,4.14323675577066,100,1.89,0.144176519193899,1.60741402237996,2.17258597762004
strict_sequence,0.6,0.08,0.8,greedy_acceptance,finalMeanComponentAccuracy,100,0.513666666666667,0.0145450652304801,0.485158338814926,0.542174994518408,100,0.318066666666667,0.019935765535207,0.278992566217661,0.357140767115672
strict_sequence,0.6,0.08,0.8,greedy_acceptance,finalExactTargetFraction,100,0,0,0,0,100,0,0,0,0
strict_sequence,0.6,0.08,0.92,baseline,finalMean,100,0.0793566666666667,0.0129533881228361,0.053968025945908,0.104745307387425,NaN,NaN,NaN,NaN,NaN
strict_sequence,0.6,0.08,0.92,baseline,lossRate,100,0.0172151898734177,0.0015840802936213,0.01411039249792,0.0203199872489155,NaN,NaN,NaN,NaN,NaN
strict_sequence,0.6,0.08,0.92,baseline,bestFunctionalLineageDepth,100,1.04,0.108171207356718,0.827984433580833,1.25201556641917,NaN,NaN,NaN,NaN,NaN
strict_sequence,0.6,0.08,0.92,baseline,bestStructuralLineageDepth,100,2.01,0.125926866702764,1.76318334126258,2.25681665873742,NaN,NaN,NaN,NaN,NaN
strict_sequence,0.6,0.08,0.92,baseline,finalMeanComponentAccuracy,100,0.250566666666667,0.019171448971525,0.212990626682478,0.288142706650856,NaN,NaN,NaN,NaN,NaN
strict_sequence,0.6,0.08,0.92,baseline,finalExactTargetFraction,100,0,0,0,0,NaN,NaN,NaN,NaN,NaN
strict_sequence,0.6,0.08,0.92,random_demonstrator,finalMean,100,0.0483566666666667,0.0103795742340166,0.0280127011679941,0.0687006321653392,100,-0.031,0.0069822124491184,-0.0446851364002721,-0.0173148635997279
strict_sequence,0.6,0.08,0.92,random_demonstrator,lossRate,100,0.0232911392405063,0.00169465413566252,0.0199696171346078,0.0266126613464049,100,0.00607594936708861,0.00141070835555941,0.00331096099019217,0.00884093774398505
strict_sequence,0.6,0.08,0.92,random_demonstrator,bestFunctionalLineageDepth,100,0.75,0.0891882585015845,0.575191013336894,0.924808986663106,100,-0.29,0.0769297199928728,-0.440782251186031,-0.139217748813969
strict_sequence,0.6,0.08,0.92,random_demonstrator,bestStructuralLineageDepth,100,1.87,0.105078133507472,1.66404685832535,2.07595314167465,100,-0.14,0.08878529316744,-0.314019174608182,0.0340191746081824
strict_sequence,0.6,0.08,0.92,random_demonstrator,finalMeanComponentAccuracy,100,0.193266666666667,0.0164620421810955,0.16100106399172,0.225532269341614,100,-0.0573,0.0112370334303255,-0.079324585523438,-0.0352754144765619
strict_sequence,0.6,0.08,0.92,random_demonstrator,finalExactTargetFraction,100,0,0,0,0,100,0,0,0,0
strict_sequence,0.6,0.08,0.92,random_copy_error,finalMean,100,0.492206666666667,0.0369465965136086,0.419791337499994,0.564621995833339,100,0.41285,0.0343776708175779,0.345469765197547,0.480230234802453
strict_sequence,0.6,0.08,0.92,random_copy_error,lossRate,100,0.0217721518987342,0.00214455299850018,0.0175688280216738,0.0259754757757945,100,0.00455696202531646,0.00173989307000101,0.00114677160811448,0.00796715244251844
strict_sequence,0.6,0.08,0.92,random_copy_error,bestFunctionalLineageDepth,100,4.04,0.181419765497399,3.6844172596251,4.3955827403749,100,3,0.184773954174862,2.63784304981727,3.36215695018273
strict_sequence,0.6,0.08,0.92,random_copy_error,bestStructuralLineageDepth,100,5.69,0.139765315562708,5.41605998149709,5.96394001850291,100,3.68,0.17342654836203,3.34008396521042,4.01991603478958
strict_sequence,0.6,0.08,0.92,random_copy_error,finalMeanComponentAccuracy,100,0.678333333333333,0.0274973113673949,0.624438603053239,0.732228063613427,100,0.427766666666666,0.0254610044915635,0.377863097863202,0.477670235470131
strict_sequence,0.6,0.08,0.92,random_copy_error,finalExactTargetFraction,100,0.257666666666667,0.0430640558569005,0.173261117187142,0.342072216146191,100,0.257666666666667,0.0430640558569005,0.173261117187142,0.342072216146191
strict_sequence,0.6,0.08,0.92,greedy_acceptance,finalMean,100,0.272056666666667,0.0153671775918041,0.241936998586731,0.302176334746603,100,0.1927,0.0171800895513424,0.159027024479369,0.226372975520631
strict_sequence,0.6,0.08,0.92,greedy_acceptance,lossRate,100,0,0,0,0,100,-0.0172151898734177,0.0015840802936213,-0.0203199872489155,-0.01411039249792
strict_sequence,0.6,0.08,0.92,greedy_acceptance,bestFunctionalLineageDepth,100,2.98,0.134073702028987,2.71721554402319,3.24278445597681,100,1.94,0.164421237783759,1.61773437394383,2.26226562605617
strict_sequence,0.6,0.08,0.92,greedy_acceptance,bestStructuralLineageDepth,100,4,0.132573593055923,3.74015575761039,4.25984424238961,100,1.99,0.177806500205002,1.6414992595982,2.3385007404018
strict_sequence,0.6,0.08,0.92,greedy_acceptance,finalMeanComponentAccuracy,100,0.523866666666667,0.0146791131760867,0.495095604841537,0.552637728491797,100,0.2733,0.0214489970045875,0.231259965871008,0.315340034128992
strict_sequence,0.6,0.08,0.92,greedy_acceptance,finalExactTargetFraction,100,0,0,0,0,100,0,0,0,0
strict_sequence,0.6,0.08,0.98,baseline,finalMean,100,0.128566666666667,0.0169310607849642,0.0953817875281368,0.161751545805196,NaN,NaN,NaN,NaN,NaN
strict_sequence,0.6,0.08,0.98,baseline,lossRate,100,0.0154430379746835,0.00159487379194506,0.0123170853424712,0.0185689906068959,NaN,NaN,NaN,NaN,NaN
strict_sequence,0.6,0.08,0.98,baseline,bestFunctionalLineageDepth,100,1.29,0.122511594998559,1.04987727380282,1.53012272619718,NaN,NaN,NaN,NaN,NaN
strict_sequence,0.6,0.08,0.98,baseline,bestStructuralLineageDepth,100,2.13,0.141888418245899,1.85189870023804,2.40810129976196,NaN,NaN,NaN,NaN,NaN
strict_sequence,0.6,0.08,0.98,baseline,finalMeanComponentAccuracy,100,0.374666666666667,0.0205145372889464,0.334458173580332,0.414875159753002,NaN,NaN,NaN,NaN,NaN
strict_sequence,0.6,0.08,0.98,baseline,finalExactTargetFraction,100,0.000333333333333333,0.000333333333333333,-0.00032,0.000986666666666667,NaN,NaN,NaN,NaN,NaN
strict_sequence,0.6,0.08,0.98,random_demonstrator,finalMean,100,0.09444,0.0144802538871902,0.0660587023811073,0.122821297618893,100,-0.0341266666666667,0.0100621110168035,-0.0538484042596015,-0.0144049290737318
strict_sequence,0.6,0.08,0.98,random_demonstrator,lossRate,100,0.0206329113924051,0.00175964130262358,0.0171840144392629,0.0240818083455473,100,0.00518987341772152,0.00141774663429632,0.00241109001450073,0.00796865682094232
strict_sequence,0.6,0.08,0.98,random_demonstrator,bestFunctionalLineageDepth,100,1.01,0.114145928220383,0.786273980688049,1.23372601931195,100,-0.28,0.097524925588852,-0.47114885415415,-0.0888511458458501
strict_sequence,0.6,0.08,0.98,random_demonstrator,bestStructuralLineageDepth,100,1.98,0.123893078698913,1.73716956575013,2.22283043424987,100,-0.15,0.0903137069140983,-0.327014865551633,0.0270148655516328
strict_sequence,0.6,0.08,0.98,random_demonstrator,finalMeanComponentAccuracy,100,0.3234,0.0201702618049311,0.283866286862335,0.362933713137665,100,-0.0512666666666667,0.0131780332814585,-0.0770956118983253,-0.025437721435008
strict_sequence,0.6,0.08,0.98,random_demonstrator,finalExactTargetFraction,100,0,0,0,0,100,-0.000333333333333333,0.000333333333333333,-0.000986666666666667,0.00032
strict_sequence,0.6,0.08,0.98,random_copy_error,finalMean,100,0.269016666666667,0.0293157417310827,0.211557812873744,0.326475520459589,100,0.14045,0.0228380171042174,0.095687486475734,0.185212513524266
strict_sequence,0.6,0.08,0.98,random_copy_error,lossRate,100,0.0167088607594937,0.0016769890055997,0.0134219623085182,0.0199957592104691,100,0.00126582278481013,0.00118662894501404,-0.00105996994741739,0.00359161551703764
strict_sequence,0.6,0.08,0.98,random_copy_error,bestFunctionalLineageDepth,100,2.4,0.156991925418044,2.09229582618063,2.70770417381937,100,1.11,0.141346340167646,0.832961173271414,1.38703882672859
strict_sequence,0.6,0.08,0.98,random_copy_error,bestStructuralLineageDepth,100,3.61,0.152351931760352,3.31139021374971,3.90860978625029,100,1.48,0.144585789429842,1.19661185271751,1.76338814728249
strict_sequence,0.6,0.08,0.98,random_copy_error,finalMeanComponentAccuracy,100,0.5176,0.0251005198009144,0.468402981190208,0.566797018809792,100,0.142933333333333,0.0177205062340125,0.108201141114669,0.177665525551998
strict_sequence,0.6,0.08,0.98,random_copy_error,finalExactTargetFraction,100,0.059,0.0230446548406085,0.0138324765124072,0.104167523487593,100,0.0586666666666667,0.0230556833390642,0.0134775273221009,0.103855806011232
strict_sequence,0.6,0.08,0.98,greedy_acceptance,finalMean,100,0.406203333333333,0.0265858454931118,0.354095076166834,0.458311590499833,100,0.277636666666667,0.0261637106546234,0.226355793783605,0.328917539549729
strict_sequence,0.6,0.08,0.98,greedy_acceptance,lossRate,100,0,0,0,0,100,-0.0154430379746835,0.00159487379194506,-0.0185689906068959,-0.0123170853424712
strict_sequence,0.6,0.08,0.98,greedy_acceptance,bestFunctionalLineageDepth,100,3.54,0.151370840366074,3.2433131528825,3.8366868471175,100,2.25,0.174873691791556,1.90724756408855,2.59275243591145
strict_sequence,0.6,0.08,0.98,greedy_acceptance,bestStructuralLineageDepth,100,4.32,0.137715854445509,4.0500769252868,4.5899230747132,100,2.19,0.173318763956457,1.85029522264534,2.52970477735466
strict_sequence,0.6,0.08,0.98,greedy_acceptance,finalMeanComponentAccuracy,100,0.645266666666667,0.0189672870964189,0.608090783957685,0.682442549375648,100,0.2706,0.021787999044357,0.22789552187306,0.31330447812694
strict_sequence,0.6,0.08,0.98,greedy_acceptance,finalExactTargetFraction,100,0.0673333333333333,0.0246318801027486,0.019054848331946,0.115611818334721,100,0.067,0.0246433368606483,0.0186990597531294,0.115300940246871
strict_sequence,0.6,0.15,0.45,baseline,finalMean,100,0.00810333333333334,0.00267147586124536,0.00286724064529244,0.0133394260213742,NaN,NaN,NaN,NaN,NaN
strict_sequence,0.6,0.15,0.45,baseline,lossRate,100,0.040379746835443,0.00235748605936203,0.0357590741590935,0.0450004195117926,NaN,NaN,NaN,NaN,NaN
strict_sequence,0.6,0.15,0.45,baseline,bestFunctionalLineageDepth,100,0.64,0.0627967701672176,0.516918330472254,0.763081669527746,NaN,NaN,NaN,NaN,NaN
strict_sequence,0.6,0.15,0.45,baseline,bestStructuralLineageDepth,100,2.49,0.110549591230416,2.27332280118838,2.70667719881162,NaN,NaN,NaN,NaN,NaN
strict_sequence,0.6,0.15,0.45,baseline,finalMeanComponentAccuracy,100,0.0504,0.00830740478045385,0.0341174866303104,0.0666825133696895,NaN,NaN,NaN,NaN,NaN
strict_sequence,0.6,0.15,0.45,baseline,finalExactTargetFraction,100,0,0,0,0,NaN,NaN,NaN,NaN,NaN
strict_sequence,0.6,0.15,0.45,random_demonstrator,finalMean,100,0.00278,0.00123394033656768,0.000361476940327351,0.00519852305967265,100,-0.00532333333333334,0.00182244058189094,-0.00889531687383959,-0.00175134979282708
strict_sequence,0.6,0.15,0.45,random_demonstrator,lossRate,100,0.0454430379746836,0.00212190564737218,0.0412841029058341,0.0496019730435331,100,0.00506329113924051,0.00141666170407514,0.00228663419925324,0.00783994807922777
strict_sequence,0.6,0.15,0.45,random_demonstrator,bestFunctionalLineageDepth,100,0.65,0.0672324476737387,0.518224402559472,0.781775597440528,100,0.01,0.0333181783730895,-0.0553036296112554,0.0753036296112554
strict_sequence,0.6,0.15,0.45,random_demonstrator,bestStructuralLineageDepth,100,2.6,0.107308673997732,2.38967499896445,2.81032500103555,100,0.11,0.0584220105194208,-0.00450714061806476,0.224507140618065
strict_sequence,0.6,0.15,0.45,random_demonstrator,finalMeanComponentAccuracy,100,0.0313333333333333,0.00480903564069663,0.0219076234775679,0.0407590431890987,100,-0.0190666666666667,0.00520383179204184,-0.0292661769790687,-0.00886715635426467
strict_sequence,0.6,0.15,0.45,random_demonstrator,finalExactTargetFraction,100,0,0,0,0,100,0,0,0,0
strict_sequence,0.6,0.15,0.45,random_copy_error,finalMean,100,0.596863333333333,0.0227758408119516,0.552222685341908,0.641503981324758,100,0.58876,0.0224252843911163,0.544806442593412,0.632713557406588
strict_sequence,0.6,0.15,0.45,random_copy_error,lossRate,100,0.0212658227848101,0.00191996821254917,0.0175026850882138,0.0250289604814065,100,-0.0191139240506329,0.00260409689860076,-0.0242179539718904,-0.0140098941293754
strict_sequence,0.6,0.15,0.45,random_copy_error,bestFunctionalLineageDepth,100,6.05,0.129782257429259,5.79562677543865,6.30437322456135,100,5.41,0.144316571215064,5.12713952041847,5.69286047958153
strict_sequence,0.6,0.15,0.45,random_copy_error,bestStructuralLineageDepth,100,8.31,0.193685676843027,7.93037607338767,8.68962392661233,100,5.82,0.200191827197735,5.42762401869244,6.21237598130756
strict_sequence,0.6,0.15,0.45,random_copy_error,finalMeanComponentAccuracy,100,0.793,0.0141307427268075,0.765303744255457,0.820696255744543,100,0.7426,0.0150375944896754,0.713126314800236,0.772073685199764
strict_sequence,0.6,0.15,0.45,random_copy_error,finalExactTargetFraction,100,0.180666666666667,0.0250170760985524,0.131633197513504,0.229700135819829,100,0.180666666666667,0.0250170760985524,0.131633197513504,0.229700135819829
strict_sequence,0.6,0.15,0.45,greedy_acceptance,finalMean,100,0.219266666666667,0.00943596053884736,0.200772184010526,0.237761149322808,100,0.211163333333333,0.00930089540480316,0.192933578339919,0.229393088326748
strict_sequence,0.6,0.15,0.45,greedy_acceptance,lossRate,100,0,0,0,0,100,-0.040379746835443,0.00235748605936203,-0.0450004195117926,-0.0357590741590935
strict_sequence,0.6,0.15,0.45,greedy_acceptance,bestFunctionalLineageDepth,100,3,0.102494148638108,2.79911146866931,3.20088853133069,100,2.36,0.116792140319475,2.13108740497383,2.58891259502617
strict_sequence,0.6,0.15,0.45,greedy_acceptance,bestStructuralLineageDepth,100,4.17,0.110146825793226,3.95411222144528,4.38588777855472,100,1.68,0.157557108453546,1.37118806743105,1.98881193256895
strict_sequence,0.6,0.15,0.45,greedy_acceptance,finalMeanComponentAccuracy,100,0.468933333333334,0.00997436444731923,0.449383579016588,0.488483087650079,100,0.418533333333333,0.011638139244439,0.395722580414233,0.441344086252434
strict_sequence,0.6,0.15,0.45,greedy_acceptance,finalExactTargetFraction,100,0,0,0,0,100,0,0,0,0
strict_sequence,0.6,0.15,0.65,baseline,finalMean,100,0.0517866666666667,0.01108102443736,0.0300678587694411,0.0735054745638923,NaN,NaN,NaN,NaN,NaN
strict_sequence,0.6,0.15,0.65,baseline,lossRate,100,0.0329113924050633,0.00233198069099665,0.0283407102507099,0.0374820745594167,NaN,NaN,NaN,NaN,NaN
strict_sequence,0.6,0.15,0.65,baseline,bestFunctionalLineageDepth,100,1.08,0.0960639517627857,0.89171465454494,1.26828534545506,NaN,NaN,NaN,NaN,NaN
strict_sequence,0.6,0.15,0.65,baseline,bestStructuralLineageDepth,100,2.74,0.105044483121882,2.53411281308111,2.94588718691889,NaN,NaN,NaN,NaN,NaN
strict_sequence,0.6,0.15,0.65,baseline,finalMeanComponentAccuracy,100,0.147433333333333,0.0189770287624526,0.110238356958926,0.18462830970774,NaN,NaN,NaN,NaN,NaN
strict_sequence,0.6,0.15,0.65,baseline,finalExactTargetFraction,100,0,0,0,0,NaN,NaN,NaN,NaN,NaN
strict_sequence,0.6,0.15,0.65,random_demonstrator,finalMean,100,0.01592,0.00564585824972449,0.00485411783054,0.02698588216946,100,-0.0358666666666667,0.00900418159497499,-0.0535148625928176,-0.0182184707405157
strict_sequence,0.6,0.15,0.65,random_demonstrator,lossRate,100,0.0389873417721519,0.00223762543986135,0.0346015959100237,0.0433730876342802,100,0.00607594936708861,0.00163397209503185,0.00287336406082618,0.00927853467335104
strict_sequence,0.6,0.15,0.65,random_demonstrator,bestFunctionalLineageDepth,100,0.74,0.0746980453546007,0.593591831104983,0.886408168895017,100,-0.34,0.0831452422759794,-0.50296467486092,-0.17703532513908
strict_sequence,0.6,0.15,0.65,random_demonstrator,bestStructuralLineageDepth,100,2.38,0.11261806375013,2.15926859504975,2.60073140495025,100,-0.36,0.11238462096881,-0.580273857098867,-0.139726142901133
strict_sequence,0.6,0.15,0.65,random_demonstrator,finalMeanComponentAccuracy,100,0.0728,0.0108792701280241,0.0514766305490726,0.0941233694509273,100,-0.0746333333333333,0.0145676867482166,-0.103185999359838,-0.0460806673068289
strict_sequence,0.6,0.15,0.65,random_demonstrator,finalExactTargetFraction,100,0,0,0,0,100,0,0,0,0
strict_sequence,0.6,0.15,0.65,random_copy_error,finalMean,100,0.751383333333333,0.0279651989818868,0.696571543328835,0.806195123337831,100,0.699596666666667,0.0268510436964186,0.646968621021686,0.752224712311647
strict_sequence,0.6,0.15,0.65,random_copy_error,lossRate,100,0.0189873417721519,0.00204741175988991,0.0149744147227677,0.0230002688215361,100,-0.0139240506329114,0.00211736239662334,-0.0180740809302931,-0.00977402033552965
strict_sequence,0.6,0.15,0.65,random_copy_error,bestFunctionalLineageDepth,100,5.8,0.134839972492648,5.53571365391441,6.06428634608559,100,4.72,0.182064479642446,4.3631536199008,5.07684638009919
strict_sequence,0.6,0.15,0.65,random_copy_error,bestStructuralLineageDepth,100,8.14,0.184784887221479,7.7778216210459,8.5021783789541,100,5.4,0.219273363819704,4.97022420691338,5.82977579308662
strict_sequence,0.6,0.15,0.65,random_copy_error,finalMeanComponentAccuracy,100,0.859166666666667,0.0182509243650718,0.823394854911126,0.894938478422208,100,0.711733333333333,0.0216946713603156,0.669211777467115,0.754254889199552
strict_sequence,0.6,0.15,0.65,random_copy_error,finalExactTargetFraction,100,0.469666666666666,0.0413604098345689,0.388600263390911,0.550733069942421,100,0.469666666666666,0.0413604098345689,0.388600263390911,0.550733069942421
strict_sequence,0.6,0.15,0.65,greedy_acceptance,finalMean,100,0.340156666666667,0.0138731413391951,0.312965309641844,0.367348023691489,100,0.28837,0.0142031507980656,0.260531824435791,0.316208175564209
strict_sequence,0.6,0.15,0.65,greedy_acceptance,lossRate,100,0,0,0,0,100,-0.0329113924050633,0.00233198069099665,-0.0374820745594167,-0.0283407102507099
strict_sequence,0.6,0.15,0.65,greedy_acceptance,bestFunctionalLineageDepth,100,3.8,0.103474976236145,3.59718904657716,4.00281095342284,100,2.72,0.144306072028319,2.43716009882449,3.00283990117551
strict_sequence,0.6,0.15,0.65,greedy_acceptance,bestStructuralLineageDepth,100,4.83,0.117253933189829,4.60018229094794,5.05981770905206,100,2.09,0.163358068627964,1.76981818548919,2.41018181451081
strict_sequence,0.6,0.15,0.65,greedy_acceptance,finalMeanComponentAccuracy,100,0.579733333333333,0.0119514243172049,0.556308541671611,0.603158124995055,100,0.4323,0.0193575081064115,0.394359284111433,0.470240715888566
strict_sequence,0.6,0.15,0.65,greedy_acceptance,finalExactTargetFraction,100,0,0,0,0,100,0,0,0,0
strict_sequence,0.6,0.15,0.8,baseline,finalMean,100,0.1,0.0165122883874102,0.0676359147606761,0.132364085239324,NaN,NaN,NaN,NaN,NaN
strict_sequence,0.6,0.15,0.8,baseline,lossRate,100,0.0258227848101266,0.00227521111029067,0.0213633710339569,0.0302821985862963,NaN,NaN,NaN,NaN,NaN
strict_sequence,0.6,0.15,0.8,baseline,bestFunctionalLineageDepth,100,1.47,0.122643443124425,1.22961885147613,1.71038114852387,NaN,NaN,NaN,NaN,NaN
strict_sequence,0.6,0.15,0.8,baseline,bestStructuralLineageDepth,100,2.9,0.12831463854388,2.648503308454,3.151496691546,NaN,NaN,NaN,NaN,NaN
strict_sequence,0.6,0.15,0.8,baseline,finalMeanComponentAccuracy,100,0.2417,0.0228021055105155,0.19700787319939,0.28639212680061,NaN,NaN,NaN,NaN,NaN
strict_sequence,0.6,0.15,0.8,baseline,finalExactTargetFraction,100,0.009,0.009,-0.00864,0.02664,NaN,NaN,NaN,NaN,NaN
strict_sequence,0.6,0.15,0.8,random_demonstrator,finalMean,100,0.0460366666666667,0.00923797352074152,0.0279302385660133,0.06414309476732,100,-0.0539633333333333,0.011490979134044,-0.0764856524360596,-0.0314410142306071
strict_sequence,0.6,0.15,0.8,random_demonstrator,lossRate,100,0.0313924050632911,0.00218492670948833,0.027109948712694,0.0356748614138883,100,0.00556962025316456,0.00121119832020315,0.00319567154556638,0.00794356896076273
strict_sequence,0.6,0.15,0.8,random_demonstrator,bestFunctionalLineageDepth,100,1.01,0.0870330251958846,0.839415270616066,1.18058472938393,100,-0.46,0.0989030746833393,-0.653850026379345,-0.266149973620655
strict_sequence,0.6,0.15,0.8,random_demonstrator,bestStructuralLineageDepth,100,2.54,0.116705621202246,2.3112569824436,2.7687430175564,100,-0.36,0.0979795897113271,-0.552039995834201,-0.167960004165799
strict_sequence,0.6,0.15,0.8,random_demonstrator,finalMeanComponentAccuracy,100,0.155766666666667,0.0170567057816336,0.122335523334665,0.189197809998668,100,-0.0859333333333333,0.014676426198868,-0.114699128683115,-0.057167537983552
strict_sequence,0.6,0.15,0.8,random_demonstrator,finalExactTargetFraction,100,0,0,0,0,100,-0.009,0.009,-0.02664,0.00864
strict_sequence,0.6,0.15,0.8,random_copy_error,finalMean,100,0.81242,0.0274516449148269,0.758614775966939,0.866225224033061,100,0.71242,0.0279101277813658,0.657716149548523,0.767123850451477
strict_sequence,0.6,0.15,0.8,random_copy_error,lossRate,100,0.0172151898734177,0.00198332638570519,0.0133278701574356,0.0211025095893999,100,-0.00860759493670886,0.00253726521153973,-0.0135806347513267,-0.00363455512209099
strict_sequence,0.6,0.15,0.8,random_copy_error,bestFunctionalLineageDepth,100,5.68,0.13698042328609,5.41151837035926,5.94848162964074,100,4.21,0.182737323207191,3.85183484651391,4.56816515348609
strict_sequence,0.6,0.15,0.8,random_copy_error,bestStructuralLineageDepth,100,7.68,0.166290484551959,7.35407065027816,8.00592934972184,100,4.78,0.213947978195022,4.36066196273776,5.19933803726224
strict_sequence,0.6,0.15,0.8,random_copy_error,finalMeanComponentAccuracy,100,0.8954,0.0169914337696623,0.862096789811462,0.928703210188538,100,0.6537,0.0237125459886007,0.607223409862343,0.700176590137657
strict_sequence,0.6,0.15,0.8,random_copy_error,finalExactTargetFraction,100,0.622666666666666,0.0427397312113443,0.538896793492432,0.706436539840901,100,0.613666666666667,0.0428844792834412,0.529613087271122,0.697720246062211
strict_sequence,0.6,0.15,0.8,greedy_acceptance,finalMean,100,0.40469,0.0209030009579011,0.363720118122514,0.445659881877486,100,0.30469,0.0222134120187086,0.261151712443331,0.348228287556669
strict_sequence,0.6,0.15,0.8,greedy_acceptance,lossRate,100,0,0,0,0,100,-0.0258227848101266,0.00227521111029067,-0.0302821985862963,-0.0213633710339569
strict_sequence,0.6,0.15,0.8,greedy_acceptance,bestFunctionalLineageDepth,100,4.22,0.139682178931713,3.94622292929384,4.49377707070616,100,2.75,0.180557498047049,2.39610730382778,3.10389269617222
strict_sequence,0.6,0.15,0.8,greedy_acceptance,bestStructuralLineageDepth,100,5.34,0.139421604632797,5.06673365491972,5.61326634508028,100,2.44,0.173100076151446,2.10072385074317,2.77927614925683
strict_sequence,0.6,0.15,0.8,greedy_acceptance,finalMeanComponentAccuracy,100,0.629766666666666,0.016020417318028,0.598366648723332,0.661166684610001,100,0.388066666666667,0.0237269436788894,0.341561857056043,0.43457147627729
strict_sequence,0.6,0.15,0.8,greedy_acceptance,finalExactTargetFraction,100,0.033,0.0149258925065002,0.00374525068725954,0.0622547493127405,100,0.024,0.0145880968651124,-0.00459266985562037,0.0525926698556204
strict_sequence,0.6,0.15,0.92,baseline,finalMean,100,0.221596666666667,0.024748193279406,0.173090207839031,0.270103125494302,NaN,NaN,NaN,NaN,NaN
strict_sequence,0.6,0.15,0.92,baseline,lossRate,100,0.0175949367088608,0.0017801252670738,0.0141058911853961,0.0210839822323254,NaN,NaN,NaN,NaN,NaN
strict_sequence,0.6,0.15,0.92,baseline,bestFunctionalLineageDepth,100,2.39,0.163234354672828,2.07006066484126,2.70993933515874,NaN,NaN,NaN,NaN,NaN
strict_sequence,0.6,0.15,0.92,baseline,bestStructuralLineageDepth,100,3.79,0.153277328375528,3.48957643638397,4.09042356361603,NaN,NaN,NaN,NaN,NaN
strict_sequence,0.6,0.15,0.92,baseline,finalMeanComponentAccuracy,100,0.434733333333333,0.0261496676431101,0.383479984752838,0.485986681913829,NaN,NaN,NaN,NaN,NaN
strict_sequence,0.6,0.15,0.92,baseline,finalExactTargetFraction,100,0.018,0.0114437089103638,-0.00442966946431308,0.0404296694643131,NaN,NaN,NaN,NaN,NaN
strict_sequence,0.6,0.15,0.92,random_demonstrator,finalMean,100,0.13203,0.01897054252292,0.0948477366550768,0.169212263344923,100,-0.0895666666666667,0.0180766664462562,-0.124996932901329,-0.0541364004320046
strict_sequence,0.6,0.15,0.92,random_demonstrator,lossRate,100,0.0236708860759494,0.00198442774655463,0.0197814076927023,0.0275603644591965,100,0.00607594936708861,0.00169236044527816,0.00275892289434341,0.00939297583983381
strict_sequence,0.6,0.15,0.92,random_demonstrator,bestFunctionalLineageDepth,100,1.78,0.142545403009679,1.50061101010103,2.05938898989897,100,-0.61,0.123823758755431,-0.852694567160645,-0.367305432839355
strict_sequence,0.6,0.15,0.92,random_demonstrator,bestStructuralLineageDepth,100,3.23,0.141317752142847,2.95301720580002,3.50698279419998,100,-0.56,0.116619037896906,-0.788573314277936,-0.331426685722064
strict_sequence,0.6,0.15,0.92,random_demonstrator,finalMeanComponentAccuracy,100,0.337666666666667,0.0230751711614495,0.292439331190226,0.382894002143108,100,-0.0970666666666667,0.0180226992426501,-0.132391157182261,-0.0617421761510725
strict_sequence,0.6,0.15,0.92,random_demonstrator,finalExactTargetFraction,100,0.00266666666666667,0.00193496970108261,-0.00112587394745526,0.00645920728078859,100,-0.0153333333333333,0.0100996160654211,-0.0351285808215586,0.00446191415489198
strict_sequence,0.6,0.15,0.92,random_copy_error,finalMean,100,0.678756666666667,0.0349787814004488,0.610198255121787,0.747315078211547,100,0.45716,0.0303902985583335,0.397595014825667,0.516724985174334
strict_sequence,0.6,0.15,0.92,random_copy_error,lossRate,100,0.0155696202531646,0.00219508844071779,0.0112672469093577,0.0198719935969714,100,-0.0020253164556962,0.00187596629434429,-0.00570221039261101,0.0016515774812186
strict_sequence,0.6,0.15,0.92,random_copy_error,bestFunctionalLineageDepth,100,5.09,0.168831396381243,4.75909046309276,5.42090953690724,100,2.7,0.196175555268358,2.31549591167402,3.08450408832598
strict_sequence,0.6,0.15,0.92,random_copy_error,bestStructuralLineageDepth,100,6.52,0.147353762466831,6.23118662556501,6.80881337443499,100,2.73,0.197895493285285,2.34212483316084,3.11787516683916
strict_sequence,0.6,0.15,0.92,random_copy_error,finalMeanComponentAccuracy,100,0.803733333333334,0.024521425158562,0.755671340022552,0.851795326644115,100,0.369,0.0220723989828352,0.325738097993643,0.412261902006357
strict_sequence,0.6,0.15,0.92,random_copy_error,finalExactTargetFraction,100,0.426333333333333,0.0468210409596285,0.334564093052461,0.518102573614205,100,0.408333333333333,0.0463587121347957,0.317470257549134,0.499196409117533
strict_sequence,0.6,0.15,0.92,greedy_acceptance,finalMean,100,0.570796666666667,0.0254339592418493,0.520946106552642,0.620647226780691,100,0.3492,0.0310139409658173,0.288412675706998,0.409987324293002
strict_sequence,0.6,0.15,0.92,greedy_acceptance,lossRate,100,0,0,0,0,100,-0.0175949367088608,0.0017801252670738,-0.0210839822323254,-0.0141058911853961
strict_sequence,0.6,0.15,0.92,greedy_acceptance,bestFunctionalLineageDepth,100,5.08,0.122003477347363,4.84087318439917,5.31912681560083,100,2.69,0.184607144985772,2.32816999582789,3.05183000417211
strict_sequence,0.6,0.15,0.92,greedy_acceptance,bestStructuralLineageDepth,100,6.09,0.12316942425256,5.84858792846498,6.33141207153502,100,2.3,0.192537547171213,1.92262640754442,2.67737359245558
strict_sequence,0.6,0.15,0.92,greedy_acceptance,finalMeanComponentAccuracy,100,0.754133333333333,0.0159700983216773,0.722831940622846,0.785434726043821,100,0.3194,0.0260981218497672,0.268247681174456,0.370552318825544
strict_sequence,0.6,0.15,0.92,greedy_acceptance,finalExactTargetFraction,100,0.164666666666667,0.0356464116941196,0.0947996997461922,0.234533633587141,100,0.146666666666667,0.0354892057695068,0.0771078233584333,0.2162255099749
strict_sequence,0.6,0.15,0.98,baseline,finalMean,100,0.289223333333333,0.0327049034290773,0.225121722612342,0.353324944054325,NaN,NaN,NaN,NaN,NaN
strict_sequence,0.6,0.15,0.98,baseline,lossRate,100,0.0159493670886076,0.00168411573537219,0.0126485002472781,0.0192502339299371,NaN,NaN,NaN,NaN,NaN
strict_sequence,0.6,0.15,0.98,baseline,bestFunctionalLineageDepth,100,2.46,0.171987784391212,2.12290394259322,2.79709605740678,NaN,NaN,NaN,NaN,NaN
strict_sequence,0.6,0.15,0.98,baseline,bestStructuralLineageDepth,100,3.55,0.159782048523303,3.23682718489433,3.86317281510567,NaN,NaN,NaN,NaN,NaN
strict_sequence,0.6,0.15,0.98,baseline,finalMeanComponentAccuracy,100,0.508933333333333,0.0279504885324594,0.454150375809713,0.563716290856954,NaN,NaN,NaN,NaN,NaN
strict_sequence,0.6,0.15,0.98,baseline,finalExactTargetFraction,100,0.102,0.0294918429248179,0.0441959878673569,0.159804012132643,NaN,NaN,NaN,NaN,NaN
strict_sequence,0.6,0.15,0.98,random_demonstrator,finalMean,100,0.190846666666667,0.0284794522655686,0.135026940226152,0.246666393107181,100,-0.0983766666666667,0.0196505501817809,-0.136891745022957,-0.0598615883103761
strict_sequence,0.6,0.15,0.98,random_demonstrator,lossRate,100,0.020126582278481,0.00171718694997234,0.0167608958565352,0.0234922687004268,100,0.00417721518987342,0.00124721004512637,0.00173268350142573,0.00662174687832111
strict_sequence,0.6,0.15,0.98,random_demonstrator,bestFunctionalLineageDepth,100,1.68,0.144166009807577,1.39743462077715,1.96256537922285,100,-0.78,0.151477571097026,-1.07689603935017,-0.483103960649829
strict_sequence,0.6,0.15,0.98,random_demonstrator,bestStructuralLineageDepth,100,2.93,0.137256671748203,2.66097692337352,3.19902307662648,100,-0.62,0.148242226021325,-0.910554763001797,-0.329445236998203
strict_sequence,0.6,0.15,0.98,random_demonstrator,finalMeanComponentAccuracy,100,0.413066666666667,0.0267423454754136,0.360651669534856,0.465481663798477,100,-0.0958666666666666,0.0174762381567726,-0.130120093453941,-0.0616132398793924
strict_sequence,0.6,0.15,0.98,random_demonstrator,finalExactTargetFraction,100,0.0616666666666667,0.0238653866067577,0.0148905089174216,0.108442824415912,100,-0.0403333333333333,0.0186725279398184,-0.0769314880953774,-0.00373517857128926
strict_sequence,0.6,0.15,0.98,random_copy_error,finalMean,100,0.413203333333333,0.035520910170933,0.343582349398304,0.482824317268362,100,0.12398,0.0202842863886936,0.0842227986781605,0.163737201321839
strict_sequence,0.6,0.15,0.98,random_copy_error,lossRate,100,0.0162025316455696,0.00166925020562598,0.0129308012425427,0.0194742620485965,100,0.000253164556962025,0.00130956266852567,-0.00231357827334829,0.00281990738727234
strict_sequence,0.6,0.15,0.98,random_copy_error,bestFunctionalLineageDepth,100,3.32,0.178591571735481,2.96996051939846,3.67003948060154,100,0.86,0.134103834336824,0.597156484699825,1.12284351530018
strict_sequence,0.6,0.15,0.98,random_copy_error,bestStructuralLineageDepth,100,4.53,0.167244453034195,4.20220087205298,4.85779912794702,100,0.98,0.132558353836026,0.720185626481388,1.23981437351861
strict_sequence,0.6,0.15,0.98,random_copy_error,finalMeanComponentAccuracy,100,0.6277,0.0266966033560819,0.575374657422079,0.68002534257792,100,0.118766666666667,0.0163978082217751,0.0866269625519875,0.150906370781346
strict_sequence,0.6,0.15,0.98,random_copy_error,finalExactTargetFraction,100,0.167666666666667,0.0362013790189432,0.0967119637895381,0.238621369543795,100,0.0656666666666667,0.0237147990656684,0.0191856604979566,0.112147672835377
strict_sequence,0.6,0.15,0.98,greedy_acceptance,finalMean,100,0.664003333333333,0.0287915841827623,0.607571828335119,0.720434838331547,100,0.37478,0.0338274230527957,0.30847825081652,0.44108174918348
strict_sequence,0.6,0.15,0.98,greedy_acceptance,lossRate,100,0,0,0,0,100,-0.0159493670886076,0.00168411573537219,-0.0192502339299371,-0.0126485002472781
strict_sequence,0.6,0.15,0.98,greedy_acceptance,bestFunctionalLineageDepth,100,4.99,0.140342294394668,4.71492910298645,5.26507089701355,100,2.53,0.210076945980094,2.11824918587902,2.94175081412098
strict_sequence,0.6,0.15,0.98,greedy_acceptance,bestStructuralLineageDepth,100,5.78,0.141835015835906,5.50200336896162,6.05799663103838,100,2.23,0.197895493285285,1.84212483316084,2.61787516683916
strict_sequence,0.6,0.15,0.98,greedy_acceptance,finalMeanComponentAccuracy,100,0.816733333333333,0.0161916815045221,0.78499763758447,0.848469029082196,100,0.3078,0.0266749658802744,0.255517066874662,0.360082933125338
strict_sequence,0.6,0.15,0.98,greedy_acceptance,finalExactTargetFraction,100,0.328666666666667,0.0464231742894765,0.237677245059293,0.419656088274041,100,0.226666666666667,0.0414333535136785,0.145457293779857,0.307876039553476
